pmid,year,pub_date,title,abstract,journal,journal_abbr,pub_type,first_author,first_affiliation,doi,sjr_quartile,pub_year,stance,stance_model,confidence,predictive_claim,stance_raw
32949567,2021,2021 Mar,Real-time artificial intelligence-based histologic classification of colorectal polyps with augmented visualization.,"BACKGROUND AND AIMS: Artificial intelligence (AI)-based computer-aided diagnostic (CADx) algorithms are a promising approach for real-time histology (RTH) of colonic polyps. Our aim is to present a novel in situ CADx approach that seeks to increase transparency and interpretability of results by generating an intuitive augmented visualization of the model's predicted histology over the polyp surface. METHODS: We developed a deep learning model using semantic segmentation to delineate polyp boundaries and a deep learning model to classify subregions within the segmented polyp. These subregions were classified independently and were subsequently aggregated to generate a histology map of the polyp's surface. We used 740 high-magnification narrow-band images from 607 polyps in 286 patients and over 65,000 subregions to train and validate the model. RESULTS: The model achieved a sensitivity of .96, specificity of .84, negative predictive value (NPV) of .91, and high-confidence rate (HCR) of .88, distinguishing 171 neoplastic polyps from 83 non-neoplastic polyps of all sizes. Among 93 neoplastic and 75 non-neoplastic polyps ≤5 mm, the model achieved a sensitivity of .95, specificity of .84, NPV of .91, and HCR of .86. CONCLUSIONS: The CADx model is capable of accurately distinguishing neoplastic from non-neoplastic polyps and provides a histology map of the spatial distribution of localized histologic predictions along the delineated polyp surface. This capability may improve interpretability and transparency of AI-based RTH and offer intuitive, accurate, and user-friendly guidance in real time for the clinical management and documentation of optical histology results.",Gastrointestinal endoscopy,Gastrointest Endosc,Journal Article,Rodriguez-Diaz Eladio,"Research Service, VA Boston Healthcare System, Boston, MA; Department of Biomedical Engineering, Boston University College of Engineering, Boston, MA.",10.1016/j.gie.2020.09.018,Q1,2021,Cautious Optimism,haiku,High,no,"{""stance"": ""Cautious Optimism"", ""confidence"": ""High"", ""predictive_claim"": ""no""}"
33735065,2021,2021 Jan,Diagnosis and risk stratification in hypertrophic cardiomyopathy using machine learning wall thickness measurement: a comparison with human test-retest performance.,"BACKGROUND: Left ventricular maximum wall thickness (MWT) is central to diagnosis and risk stratification of hypertrophic cardiomyopathy, but human measurement is prone to variability. We developed an automated machine learning algorithm for MWT measurement and compared precision (reproducibility) with that of 11 international experts, using a dataset of patients with hypertrophic cardiomyopathy. METHODS: 60 adult patients with hypertrophic cardiomyopathy, including those carrying hypertrophic cardiomyopathy gene mutations, were recruited at three institutes in the UK from August, 2018, to September, 2019: Barts Heart Centre, University College London Hospital (The Heart Hospital), and Leeds Teaching Hospitals NHS Trust. Participants had two cardiovascular magnetic resonance scans (test and retest) on the same day, ensuring no biological variability, using four cardiac MRI scanner models represented across two manufacturers and two field strengths. End-diastolic short-axis MWT was measured in test and retest by 11 international experts (from nine centres in six countries) and an automated machine learning method, which was trained to segment endocardial and epicardial contours on an independent, multicentre, multidisease dataset of 1923 patients. Machine learning MWT measurement was done with a method based on solving Laplace's equation. To assess test-retest reproducibility, we estimated the absolute test-retest MWT difference (precision), the coefficient of variation (CoV) for duplicate measurements, and the number of patients reclassified between test and retest according to different thresholds (MWT >15 mm and >30 mm). We calculated the sample size required to detect a prespecified MWT change between pairs of scans for machine learning and each expert. FINDINGS: 1440 MWT measurements were analysed, corresponding to two scans from 60 participants by 12 observers (11 experts and machine learning). Experts differed in the MWT they measured, ranging from 14·9 mm (SD 4·2) to 19·0 mm (4·7; p<0·0001 for trend). Machine learning-measured mean MWT was 16·8 mm (4·1). Machine learning precision was superior, with a test-retest difference of 0·7 mm (0·6) compared with experts, who ranged from 1·1 mm (0·9) to 3·7 mm (2·0; p values for machine learning vs expert comparison ranging from <0·0001 to 0·0073) and a significantly lower CoV than for all experts (4·3% [95% CI 3·3-5·1] vs 5·7-12·1% across experts). On average, 38 (64%) patients were designated as having MWT greater than 15 mm by machine learning compared with 27 (45%) to 50 (83%) patients by experts; five (8%) patients were reclassified in test-retest by machine learning compared with four (7%) to 12 (20%) by experts. With a cutoff point of more than 30 mm for implantable cardioverter-defibrillator, three experts would have changed recommendations between tests a total of four times, but machine learning was consistent. Using machine learning, a clinical trial to detect a 2 mm MWT change would need 2·3 times (range 1·6-4·6) fewer patients. INTERPRETATION: In this preliminary study, machine learning MWT measurement in hypertrophic cardiomyopathy is superior to human experts with potential implications for diagnosis, risk stratification, and clinical trials. FUNDING: European Regional Development Fund and Barts Charity.",The Lancet. Digital health,Lancet Digit Health,"Comparative Study; Journal Article; Research Support, Non-U.S. Gov't",Augusto João B,"Cardiac Imaging Department, Barts Heart Centre, St Bartholomew's Hospital, London, UK; Institute of Cardiovascular Science, University College London, London, UK.",10.1016/S2589-7500(20)30267-3,Q1,2021,Cautious Optimism,haiku,High,no,"{""stance"": ""Cautious Optimism"", ""confidence"": ""High"", ""predictive_claim"": ""no""}"
34540191,2021,2021 Jan,Task-Oriented Intelligent Solution to Measure Parkinson's Disease Tremor Severity.,"Tremor is a common symptom of Parkinson's disease (PD). Currently, tremor is evaluated clinically based on MDS-UPDRS Rating Scale, which is inaccurate, subjective, and unreliable. Precise assessment of tremor severity is the key to effective treatment to alleviate the symptom. Therefore, several objective methods have been proposed for measuring and quantifying PD tremor from data collected while patients performing scripted and unscripted tasks. However, up to now, the literature appears to focus on suggesting tremor severity classification methods without discrimination tasks effect on classification and tremor severity measurement. In this study, a novel approach to identify a recommended system is used to measure tremor severity, including the influence of tasks performed during data collection on classification performance. The recommended system comprises recommended tasks, classifier, classifier hyperparameters, and resampling technique. The proposed approach is based on the above-average rule of five advanced metrics results of four subdatasets, six resampling techniques, six classifiers besides signal processing, and features extraction techniques. The results of this study indicate that tasks that do not involve direct wrist movements are better than tasks that involve direct wrist movements for tremor severity measurements. Furthermore, resampling techniques improve classification performance significantly. The findings of this study suggest that a recommended system consists of support vector machine (SVM) classifier combined with BorderlineSMOTE oversampling technique and data collection while performing set of recommended tasks, which are sitting, stairs up and down, walking straight, walking while counting, and standing.",Journal of healthcare engineering,J Healthc Eng,"Journal Article; Research Support, Non-U.S. Gov't; Retracted Publication",AlMahadin Ghayth,"School of Science and Technology, Nottingham Trent University, Clifton Lane, Nottingham NG11 8NS, UK.",10.1148/radiology.143.1.7063747,Q2,2021,Neutral,haiku,High,no,"{""stance"": ""Neutral"", ""confidence"": ""High"", ""predictive_claim"": ""no""}"
33545300,2021,2021 Jul,Clinical Natural Language Processing for Radiation Oncology: A Review and Practical Primer.,"Natural language processing (NLP), which aims to convert human language into expressions that can be analyzed by computers, is one of the most rapidly developing and widely used technologies in the field of artificial intelligence. Natural language processing algorithms convert unstructured free text data into structured data that can be extracted and analyzed at scale. In medicine, this unlocking of the rich, expressive data within clinical free text in electronic medical records will help untap the full potential of big data for research and clinical purposes. Recent major NLP algorithmic advances have significantly improved the performance of these algorithms, leading to a surge in academic and industry interest in developing tools to automate information extraction and phenotyping from clinical texts. Thus, these technologies are poised to transform medical research and alter clinical practices in the future. Radiation oncology stands to benefit from NLP algorithms if they are appropriately developed and deployed, as they may enable advances such as automated inclusion of radiation therapy details into cancer registries, discovery of novel insights about cancer care, and improved patient data curation and presentation at the point of care. However, challenges remain before the full value of NLP is realized, such as the plethora of jargon specific to radiation oncology, nonstandard nomenclature, a lack of publicly available labeled data for model development, and interoperability limitations between radiation oncology data silos. Successful development and implementation of high quality and high value NLP models for radiation oncology will require close collaboration between computer scientists and the radiation oncology community. Here, we present a primer on artificial intelligence algorithms in general and NLP algorithms in particular; provide guidance on how to assess the performance of such algorithms; review prior research on NLP algorithms for oncology; and describe future avenues for NLP in radiation oncology research and clinics.","International journal of radiation oncology, biology, physics",Int J Radiat Oncol Biol Phys,Journal Article; Review,Bitterman Danielle S,"Department of Radiation Oncology, Brigham and Women's Hospital/Dana-Farber Cancer Institute, Boston, Massachusetts; Computational Health Informatics Program, Boston Children's Hospital, Boston, Massachusetts; Artificial Intelligence in Medicine Program, Brigham and Women's Hospital, Boston, Massachusetts. Electronic address: danielle_bitterman@dfci.harvard.edu.",10.1016/j.ijrobp.2021.01.044,Q1,2021,Cautious Optimism,haiku,High,yes,"{""stance"": ""Cautious Optimism"", ""confidence"": ""High"", ""predictive_claim"": ""yes""}"
35002666,2021,2021 Jan,DR-IIXRN : Detection Algorithm of Diabetic Retinopathy Based on Deep Ensemble Learning and Attention Mechanism.,"Diabetic retinopathy (DR) is one of the common chronic complications of diabetes and the most common blinding eye disease. If not treated in time, it might lead to visual impairment and even blindness in severe cases. Therefore, this article proposes an algorithm for detecting diabetic retinopathy based on deep ensemble learning and attention mechanism. First, image samples were preprocessed and enhanced to obtain high quality image data. Second, in order to improve the adaptability and accuracy of the detection algorithm, we constructed a holistic detection model DR-IIXRN, which consists of Inception V3, InceptionResNet V2, Xception, ResNeXt101, and NASNetLarge. For each base classifier, we modified the network model using transfer learning, fine-tuning, and attention mechanisms to improve its ability to detect DR. Finally, a weighted voting algorithm was used to determine which category (normal, mild, moderate, severe, or proliferative DR) the images belonged to. We also tuned the trained network model on the hospital data, and the real test samples in the hospital also confirmed the advantages of the algorithm in the detection of the diabetic retina. Experiments show that compared with the traditional single network model detection algorithm, the auc, accuracy, and recall rate of the proposed method are improved to 95, 92, and 92%, respectively, which proves the adaptability and correctness of the proposed method.",Frontiers in neuroinformatics,Front Neuroinform,Journal Article,Ai Zhuang,"Department of Research and Development, Sinopharm Genomics Technology Co., Ltd., Jiangsu, China.",10.1109/CVPR.2018.00907,Q1,2021,Neutral,haiku,High,no,"{""stance"": ""Neutral"", ""confidence"": ""High"", ""predictive_claim"": ""no""}"
34489938,2021,2021 Jan,Immune Infiltrating Cells-Derived Risk Signature Based on Large-scale Analysis Defines Immune Landscape and Predicts Immunotherapy Responses in Glioma Tumor Microenvironment.,"The glioma tumor microenvironment (TME), composed of several noncancerous cells and biomolecules is known for its complexity of cancer-immune system interaction. Given that, novel risk signature is required for predicting glioma patient responses to immunotherapy. In this study, we systematically evaluated the TME infiltration pattern of 2877 glioma samples. TME phenotypes were determined using the Partitioning Around Medoid method. Machine learning including SVM-RFE and Principal component analysis (PCA) were used to construct a TME scoring system. A total of 857 glioma samples from four datasets were used for external validation of the TME-score. The correlation of TME phenotypes and TME-scores with diverse clinicopathologic characteristics, genomic features, and immunotherapeutic efficacy in glioma patients was determined. Immunohistochemistry staining for the M2 macrophage marker CD68 and CD163, mast cell marker CD117, neutrophil marker CD66b, and RNA sequencing of glioma samples from the XYNS cohort were performed. Two distinct TME phenotypes were identified. High TME-score correlated with a high number of immune infiltrating cells, elevated expression of immune checkpoints, increased mutation rates of oncogenes, and poor survival of glioma patients. Moreover, high TME-score exhibited remarkable association with multiple immunomodulators that could potentially mediate immune escape of cancer. Thus, the TME-score showed the potential to predict the efficacy of anti-PD-1 immunotherapy. Univariate and multivariate analyses demonstrated the TME-score to be a valuable prognostic biomarker for gliomas. Our study demonstrated that TME could potentially influence immunotherapy efficacy in melanoma patients whereas its role in immunotherapy of glioma patients remains unknown. Therefore, a better understanding of the TME landscape in gliomas would promote the development of novel immunotherapy strategies against glioma.",Frontiers in immunology,Front Immunol,"Journal Article; Research Support, Non-U.S. Gov't",Zhang Nan,"Department of Neurosurgery, Xiangya Hospital, Central South University, Changsha, China.",10.1038/ni.2703,Q1,2021,Neutral,haiku,High,no,"{""stance"": ""Neutral"", ""confidence"": ""High"", ""predictive_claim"": ""no""}"
33864972,2021,2021 Jun,A deep learning approach for the automatic recognition of prosthetic mitral valve in echocardiographic images.,"The first step in the automatic evaluation of the cardiac prosthetic valve is the recognition of such valves in echocardiographic images. This research surveyed whether a deep convolutional neural network (DCNN) could improve the recognition of prosthetic mitral valve in conventional 2D echocardiographic images. An efficient intervention to decrease the misreading rate of the prosthetic mitral valve is required for non-expert cardiologists. This intervention could serve as a section of a fully-automated analysis chain, alleviate the cardiologist's workload, and improve precision and time management, especially in an emergent situation. Additionally, it might be suitable for pre-labeling large databases of unclassified images. We, therefore, introduce a large publicly-available annotated dataset for the purpose of prosthetic mitral valve recognition. We utilized 2044 comprehensive non-stress transthoracic echocardiographic studies. Totally, 1597 patients had natural mitral valves and 447 patients had prosthetic valves. Each case contained 1 cycle of echocardiographic images from the apical 4-chamber (A4C) and the parasternal long-axis (PLA) views. Thirteen versions of the state-of-the-art models were independently trained, and the ensemble predictions were performed using those versions. For the recognition of prosthetic mitral valves from natural mitral valves, the area under the receiver-operating characteristic curve (AUC) made by the deep learning algorithm was similar to that made by cardiologists (0.99). In this research, EfficientNetB3 architecture in the A4C view and the EfficientNetB4 architecture in the PLA view were the best models among the other pre-trained DCNN models.",Computers in biology and medicine,Comput Biol Med,Journal Article,Vafaeezadeh Majid,"Biomedical Engineering Department, Iran University of Science and Technology, Tehran, Iran.",10.1016/j.compbiomed.2021.104388,Q1,2021,Cautious Optimism,haiku,High,no,"{""stance"": ""Cautious Optimism"", ""confidence"": ""High"", ""predictive_claim"": ""no""}"
33558051,2021,2021 Apr,Deep learning models for the prediction of intraoperative hypotension.,"BACKGROUND: Intraoperative hypotension is associated with a risk of postoperative organ dysfunction. In this study, we aimed to present deep learning algorithms for real-time predictions 5, 10, and 15 min before a hypotensive event. METHODS: In this retrospective observational study, deep learning algorithms were developed and validated using biosignal waveforms acquired from patient monitoring of noncardiac surgery. The classification model was a binary classifier of a hypotensive event (MAP <65 mm Hg) or a non-hypotensive event by analysing biosignal waveforms. The regression model was developed to directly estimate the MAP. The primary outcome was area under the receiver operating characteristic (AUROC) curve and the mean absolute error (MAE). RESULTS: In total, 3301 patients were included. For invasive models, the multichannel model with an arterial pressure waveform, electrocardiography, photoplethysmography, and capnography showed greater AUROC than the arterial-pressure-only models (AUROC15-min, 0.897 [95% confidence interval {CI}: 0.894-0.900] vs 0.891 [95% CI: 0.888-0.894]) and lesser MAE (MAE15-min, 7.76 mm Hg [95% CI: 7.64-7.87 mm Hg] vs 8.12 mm Hg [95% CI: 8.02-8.21 mm Hg]). For the noninvasive models, the multichannel model showed greater AUROCs than that of the photoplethysmography-only models (AUROC15-min, 0.762 [95% CI: 0.756-0.767] vs 0.694 [95% CI: 0.686-0.702]) and lesser MAEs (MAE15-min, 11.68 mm Hg [95% CI: 11.57-11.80 mm Hg] vs 12.67 [95% CI: 12.56-12.79 mm Hg]). CONCLUSIONS: Deep learning models can predict hypotensive events based on biosignals acquired using invasive and noninvasive patient monitoring. In addition, the model shows better performance when using combined rather than single signals.",British journal of anaesthesia,Br J Anaesth,"Journal Article; Observational Study; Research Support, Non-U.S. Gov't",Lee Solam,"Department of Preventive Medicine, Yonsei University Wonju College of Medicine, Wonju, Republic of Korea; Department of Dermatology, Yonsei University Wonju College of Medicine, Wonju, Republic of Korea.",10.1016/j.bja.2020.12.035,Q1,2021,Neutral,haiku,High,no,"{""stance"": ""Neutral"", ""confidence"": ""High"", ""predictive_claim"": ""no""}"
33168977,2021,2021 Jan,Review of retinal cameras for global coverage of diabetic retinopathy screening.,"The global burden of diabetes has resulted in an increase in the prevalence of diabetic retinopathy (DR), a microvascular complication of diabetes. Lifelong repetitive screening for DR is essential for early detection and timely management to prevent visual impairment due to the silent sight-threatening disorder. Colour fundus photography (CFP) is helpful for documentation of the retinopathy as well as for counselling the patient. CFP has established roles in DR screening, detection, progression and monitoring of treatment response. DR screening programmes use validated mydriatic or non-mydriatic fundus cameras for retinal imaging and trained image graders identify referable DR. Smartphone-based fundus cameras and handheld fundus cameras that are cost-effective, portable and easy to handle in remote places are gaining popularity in recent years. The images captured with these low-cost devices can be immediately sent to trained ophthalmologists for grading of DR. Recent increase in numbers of telemedicine programmes based on imaging with digital fundus cameras and remote interpretation has facilitated larger population coverage of DR screening and timely referral of those with sight-threatening DR to ophthalmologists. Good-quality retinal imaging and accurate diagnosis are essential to reduce inappropriate referrals. Advances in digital imaging such as ultra-wide field imaging and multi-modal imaging have opened new avenues for assessing DR. Fundus cameras with integrated artificial intelligence (AI)-based automated algorithms can also provide instant DR diagnosis and reduce the burden of healthcare systems. We review the different types of fundus cameras currently used in DR screening and management around the world. 摘要: 在全球, 糖尿病的患病率日益增长导致了微血管并发症—糖尿病视网膜病变(DR)的患病率增加。为了早期发现和及时治疗, 对DR患者的终身反复筛查至关重要, 以防因这种隐匿的视力威胁造成视力损害。彩色眼底照相(CFP)有助于记录视网膜病变以及有利于患者进行咨询。CFP已在DR的筛查、检测、进展和监测治疗反应等方面发挥了重要作用。DR筛查项目使用经过验证的散瞳或非散瞳眼底相机进行视网膜成像并且由训练有素的图像分级员识别DR。智能手机近年来在偏远地区越来越受欢迎, 基于手机的眼底相机和手持式眼底相机具有成本效益低、便携和易于操作的特点。使用这些低成本设备捕获的图像可以立即发送给训练有素的眼科医生, 以便对DR进行分级。最近, 基于数字眼底相机成像和远程解读的远程医疗计划数量增加, 有助于扩大DR筛查的人群覆盖面, 并及时将患有视力损伤的DR患者转诊给眼科医生。高质量的视网膜成像和精准的诊断对于减少不当的转诊至关重要。数字成像的进步, 如超宽范围成像和多模式成像, 为评估DR开辟了新的途径。带有集成人工智能(AI)自动化算法的眼底相机还可以提供即时的DR诊断, 并减轻医疗系统的负担。我们对目前世界各地用于DR筛查和管理的不同类型的眼底相机进行了综述。.","Eye (London, England)",Eye (Lond),Journal Article; Review,Rajalakshmi Ramachandran,"Department of Ophthalmology, Dr. Mohan's Diabetes Specialities Centre and Madras Diabetes Research Foundation, Chennai, India. drraj@drmohans.com.",10.4103/ijo.IJO_608_19,Q1,2021,Cautious Optimism,haiku,High,no,"{""stance"": ""Cautious Optimism"", ""confidence"": ""High"", ""predictive_claim"": ""no""}"
34512933,2021,2021 Jan,"Prediction of Multidrug-Resistant Tuberculosis Using Machine Learning Algorithms in SWAT, Pakistan.","In this paper, we have focused on machine learning (ML) feature selection (FS) algorithms for identifying and diagnosing multidrug-resistant (MDR) tuberculosis (TB). MDR-TB is a universal public health problem, and its early detection has been one of the burning issues. The present study has been conducted in the Malakand Division of Khyber Pakhtunkhwa, Pakistan, to further add to the knowledge on the disease and to deal with the issues of identification and early detection of MDR-TB by ML algorithms. These models also identify the most important factors causing MDR-TB infection whose study gives additional insights into the matter. ML algorithms such as random forest, k-nearest neighbors, support vector machine, logistic regression, leaset absolute shrinkage and selection operator (LASSO), artificial neural networks (ANNs), and decision trees are applied to analyse the case-control dataset. This study reveals that close contacts of MDR-TB patients, smoking, depression, previous TB history, improper treatment, and interruption in first-line TB treatment have a great impact on the status of MDR. Accordingly, weight loss, chest pain, hemoptysis, and fatigue are important symptoms. Based on accuracy, sensitivity, and specificity, SVM and RF are the suggested models to be used for patients' classifications.",Journal of healthcare engineering,J Healthc Eng,Journal Article; Retracted Publication,Ali Mian Haider,"Department of Statistics, Abdul Wali Khan University, Mardan, Pakistan.",10.1155/2021/9998819,Q2,2021,Neutral,haiku,High,no,"{""stance"": ""Neutral"", ""confidence"": ""High"", ""predictive_claim"": ""no""}"
34254471,2021,2021 Jul,Automatic Classification of the Korean Triage Acuity Scale in Simulated Emergency Rooms Using Speech Recognition and Natural Language Processing: a Proof of Concept Study.,"BACKGROUND: Rapid triage reduces the patients' stay time at an emergency department (ED). The Korean Triage Acuity Scale (KTAS) is mandatorily applied at EDs in South Korea. For rapid triage, we studied machine learning-based triage systems composed of a speech recognition model and natural language processing-based classification. METHODS: We simulated 762 triage cases that consisted of 18 classes with six types of the main symptom (chest pain, dyspnea, fever, stroke, abdominal pain, and headache) and three levels of KTAS. In addition, we recorded conversations between emergency patients and clinicians during the simulation. We used speech recognition models to transcribe the conversation. Bidirectional Encoder Representation from Transformers (BERT), support vector machine (SVM), random forest (RF), and k-nearest neighbors (KNN) were used for KTAS and symptom classification. Additionally, we evaluated the Shapley Additive exPlanations (SHAP) values of features to interpret the classifiers. RESULTS: The character error rate of the speech recognition model was reduced to 25.21% through transfer learning. With auto-transcribed scripts, support vector machine (area under the receiver operating characteristic curve [AUROC], 0.86; 95% confidence interval [CI], 0.81-0.9), KNN (AUROC, 0.89; 95% CI, 0.85-0.93), RF (AUROC, 0.86; 95% CI, 0.82-0.9) and BERT (AUROC, 0.82; 95% CI, 0.75-0.87) achieved excellent classification performance. Based on SHAP, we found ""stress"", ""pain score point"", ""fever"", ""breath"", ""head"" and ""chest"" were the important vocabularies for determining KTAS and symptoms. CONCLUSION: We demonstrated the potential of an automatic KTAS classification system using speech recognition models, machine learning and BERT-based classifiers.",Journal of Korean medical science,J Korean Med Sci,Journal Article,Kim Dongkyun,"Department of Electrical and Electronic Engineering, Hanyang University, Ansan, Korea.",10.3346/jkms.2021.36.e175,Q1,2021,Cautious Optimism,haiku,High,no,"{""stance"": ""Cautious Optimism"", ""confidence"": ""High"", ""predictive_claim"": ""no""}"
34372272,2021,2021 Jul,Intelligent Network Applications Monitoring and Diagnosis Employing Software Sensing and Machine Learning Solutions.,"The article presents a research in the field of complex sensing, detection, and recovery of communications networks applications and hardware, in case of failures, maloperations, or unauthorized intrusions. A case study, based on Davis AI engine operation versus human maintenance operation is performed on the efficiency of artificial intelligence agents in detecting faulty operation, in the context of growing complexity of communications networks, and the perspective of future development of internet of things, big data, smart cities, and connected vehicles. (*). In the second part of the article, a new solution is proposed for the detection of applications faults or unauthorized intrusions in traffic of communications networks. The first objective of the proposed method is to propose an approach for predicting time series. This approach is based on a multi-resolution decomposition of the signals employing the undecimate wavelet transform (UWT). The second approach for assessing traffic flow is based on the analysis of long-range dependence (LRD) (for this case, a long-term dependence). Estimating the degree of long-range dependence is performed by estimating the Hurst parameter of the analyzed time series. This is a relatively new statistical concept in communications traffic analysis and can be implemented using UWT. This property has important implications for network performance, design, and sizing. The presence of long-range dependency in network traffic is assumed to have a significant impact on network performance, and the occurrence of LRD can be the result of faults that occur during certain periods. The strategy chosen for this purpose is based on long-term dependence on traffic, and for the prediction of faults occurrence, a predictive control model (MPC) is proposed, combined with a neural network with radial function (RBF). It is demonstrated via simulations that, in the case of communications traffic, time location is the most important feature of the proposed algorithm.","Sensors (Basel, Switzerland)",Sensors (Basel),Journal Article,Minea Marius,"Department Telematics and Electronics for Transports, University ""Politehnica"" of Bucharest, 060042 Bucharest, Romania.",10.3390/app10165693,Q1,2021,Neutral,haiku,High,no,"{""stance"": ""Neutral"", ""confidence"": ""High"", ""predictive_claim"": ""no""}"
34957041,2021,2021 Jan,Machine Learning Applications for the Prediction of Bone Cement Leakage in Percutaneous Vertebroplasty.,"Background: Bone cement leakage is a common complication of percutaneous vertebroplasty and it could be life-threatening to some extent. The aim of this study was to develop a machine learning model for predicting the risk of cement leakage in patients with osteoporotic vertebral compression fractures undergoing percutaneous vertebroplasty. Furthermore, we developed an online calculator for clinical application. Methods: This was a retrospective study including 385 patients, who had osteoporotic vertebral compression fracture disease and underwent surgery at the Department of Spine Surgery, Liuzhou People's Hospital from June 2016 to June 2018. Combing the patient's clinical characteristics variables, we applied six machine learning (ML) algorithms to develop the predictive models, including logistic regression (LR), Gradient boosting machine (GBM), Extreme gradient boosting (XGB), Random Forest (RF), Decision Tree (DT) and Multilayer perceptron (MLP), which could predict the risk of bone cement leakage. We tested the results with ten-fold cross-validation, which calculated the Area Under Curve (AUC) of the six models and selected the model with the highest AUC as the excellent performing model to build the web calculator. Results: The results showed that Injection volume of bone cement, Surgery time and Multiple vertebral fracture were all independent predictors of bone cement leakage by using multivariate logistic regression analysis in the 385 observation subjects. Furthermore, Heatmap revealed the relative proportions of the 15 clinical variables. In bone cement leakage prediction, the AUC of the six ML algorithms ranged from 0.633 to 0.898, while the RF model had an AUC of 0.898 and was used as the best performing ML Web calculator (https://share.streamlit.io/liuwencai0/pvp_leakage/main/pvp_leakage) was developed to estimate the risk of bone cement leakage that each patient undergoing vertebroplasty. Conclusion: It achieved a good prediction for the occurrence of bone cement leakage with our ML model. The Web calculator concluded based on RF model can help orthopedist to make more individual and rational clinical strategies.",Frontiers in public health,Front Public Health,Journal Article,Li Wenle,"Department of Orthopedics, Xianyang Central Hospital, Xianyang, China.",10.1177/2192568218797090,Q1,2021,Cautious Optimism,haiku,High,no,"{""stance"": ""Cautious Optimism"", ""confidence"": ""High"", ""predictive_claim"": ""no""}"
34009411,2021,2021 Dec,Automatic pulmonary vessel segmentation on noncontrast chest CT: deep learning algorithm developed using spatiotemporally matched virtual noncontrast images and low-keV contrast-enhanced vessel maps.,"OBJECTIVES: To develop a deep learning-based pulmonary vessel segmentation algorithm (DLVS) from noncontrast chest CT and to investigate its clinical implications in assessing vascular remodeling of chronic obstructive lung disease (COPD) patients. METHODS: For development, 104 pulmonary CT angiography scans (49,054 slices) using a dual-source CT were collected, and spatiotemporally matched virtual noncontrast and 50-keV images were generated. Vessel maps were extracted from the 50-keV images. The 3-dimensional U-Net-based DLVS was trained to segment pulmonary vessels (with a vessel map as the output) from virtual noncontrast images (as the input). For external validation, vendor-independent noncontrast CT images (n = 14) and the VESSEL 12 challenge open dataset (n = 3) were used. For each case, 200 points were selected including 20 intra-lesional points, and the probability value for each point was extracted. For clinical validation, we included 281 COPD patients with low-dose noncontrast CTs. The DLVS-calculated volume of vessels with a cross-sectional area < 5 mm2 (PVV5) and the PVV5 divided by total vessel volume (%PVV5) were measured. RESULTS: DLVS correctly segmented 99.1% of the intravascular points (1,387/1,400) and 93.1% of the extravascular points (1,309/1,400). The areas-under-the receiver-operating characteristic curve (AUROCs) were 0.977 and 0.969 for the two external validation datasets. For the COPD patients, both PPV5 and %PPV5 successfully differentiated severe patients whose FEV1 < 50 (AUROCs; 0.715 and 0.804) and were significantly correlated with the emphysema index (Ps < .05). CONCLUSIONS: DLVS successfully segmented pulmonary vessels on noncontrast chest CT by utilizing spatiotemporally matched 50-keV images from a dual-source CT scanner and showed promising clinical applicability in COPD. KEY POINTS: • We developed a deep learning pulmonary vessel segmentation algorithm using virtual noncontrast images and 50-keV enhanced images produced by a dual-source CT scanner. • Our algorithm successfully segmented vessels on diseased lungs. • Our algorithm showed promising results in assessing the loss of small vessel density in COPD patients.",European radiology,Eur Radiol,Journal Article,Nam Ju Gang,"Department of Radiology, Seoul National University Hospital, 101 Daehak-ro, Jongno-gu, Seoul, 03080, Republic of Korea.",10.1016/j.ejrad.2018.09.013,Q1,2021,Cautious Optimism,haiku,High,no,"{""stance"": ""Cautious Optimism"", ""confidence"": ""High"", ""predictive_claim"": ""no""}"
33041533,2021,2021 Jan,Applications of artificial intelligence in battling against covid-19: A literature review.,"Colloquially known as coronavirus, the Severe Acute Respiratory Syndrome CoronaVirus 2 (SARS-CoV-2), that causes CoronaVirus Disease 2019 (COVID-19), has become a matter of grave concern for every country around the world. The rapid growth of the pandemic has wreaked havoc and prompted the need for immediate reactions to curb the effects. To manage the problems, many research in a variety of area of science have started studying the issue. Artificial Intelligence is among the area of science that has found great applications in tackling the problem in many aspects. Here, we perform an overview on the applications of AI in a variety of fields including diagnosis of the disease via different types of tests and symptoms, monitoring patients, identifying severity of a patient, processing covid-19 related imaging tests, epidemiology, pharmaceutical studies, etc. The aim of this paper is to perform a comprehensive survey on the applications of AI in battling against the difficulties the outbreak has caused. Thus we cover every way that AI approaches have been employed and to cover all the research until the writing of this paper. We try organize the works in a way that overall picture is comprehensible. Such a picture, although full of details, is very helpful in understand where AI sits in current pandemonium. We also tried to conclude the paper with ideas on how the problems can be tackled in a better way and provide some suggestions for future works.","Chaos, solitons, and fractals",Chaos Solitons Fractals,Journal Article; Review,Tayarani N Mohammad-H,"Biocomputation Group, School of Computer Science, University of Hertfordshire, Hatfield, AL10 9AB, United Kingdom.",10.1101/2020.03.11.986836,Q2,2021,Cautious Optimism,sonnet,Medium,yes,"{""stance"": ""Cautious Optimism"", ""confidence"": ""Medium"", ""predictive_claim"": ""yes""}"
34659305,2021,2021 Jan,Deep Learning Algorithms Correctly Classify Brassica rapa Varieties Using Digital Images.,"Efficient and accurate methods of analysis are needed for the huge amount of biological data that have accumulated in various research fields, including genomics, phenomics, and genetics. Artificial intelligence (AI)-based analysis is one promising method to manipulate biological data. To this end, various algorithms have been developed and applied in fields such as disease diagnosis, species classification, and object prediction. In the field of phenomics, classification of accessions and variants is important for basic science and industrial applications. To construct AI-based classification models, three types of phenotypic image data were generated from 156 Brassica rapa core collections, and classification analyses were carried out using four different convolutional neural network architectures. The results of lateral view data showed higher accuracy compared with top view data. Furthermore, the relatively low accuracy of ResNet50 architecture suggested that definition and estimation of similarity index of phenotypic data were required before the selection of deep learning architectures.",Frontiers in plant science,Front Plant Sci,Journal Article,Jung Minah,"Department of Functional Genomics, KRIBB School of Biological Science, Korea University of Science and Technology, Daejeon, South Korea.",10.1016/j.neunet.2017.10.009,Q1,2021,Neutral,haiku,High,no,"{""stance"": ""Neutral"", ""confidence"": ""High"", ""predictive_claim"": ""no""}"
33038536,2021,2021 Jan,Identification of microRNA-9 linking the effects of childhood maltreatment on depression using amygdala connectivity.,"Childhood maltreatment (CM) is regarded as an important risk factor for major depressive disorder (MDD). However, the neural links corresponding to the process of early CM experience producing brain alterations and then leading to depression later remain unclear. To explore the neural basis of the effects of CM on MDD and the potential role of microRNA-9 (miR-9) in these processes, we recruited 40 unmedicated MDD patients and 34 healthy controls (HCs) to complete resting-state fMRI scans and peripheral blood miR-9 tests. The neural substrates of CM, miR-9, and depression, as well as their interactive effects on intrinsic amygdala functional connectivity (AFC) networks were investigated in MDD patients. Two-step mediation analysis was separately employed to explore whether AFC strength mediates the association among CM severity, miR-9 levels, and depression. A support vector classifier (SVC) model of machine learning was used to distinguish MDD patients from HCs. MDD patients showed higher miR-9 levels that were negatively correlated with CM scores and depressive severity. Overlapping effects of CM, miR-9, and depressive severity on bilateral AFC networks in MDD patients were primarily located in the prefrontal-striatum pathway and limbic system. The connection of amygdala to prefrontal-limbic circuits could mediate the effects of CM severity on the miR-9 levels, as well as the impacts of miR-9 levels on the severity of depression in MDD patients. Furthermore, the SVC model, which integrated miR-9 levels, CM severity, and AFC strength in prefrontal-limbic regions, had good power in differentiating MDD patients from HCs (accuracy 85.1%). MiR-9 may play a crucial role in the process of CM experience-produced brain changes targeting prefrontal-limbic regions and that subsequently leads to depression. The present neuroimaging-epigenetic results provide new insight into our understanding of MDD pathophysiology.",NeuroImage,Neuroimage,"Journal Article; Research Support, Non-U.S. Gov't",He Cancan,"Department of Neurology, Affiliated ZhongDa Hospital, School of Medicine, Southeast University, Nanjing, Jiangsu 210009, China.",10.1016/j.neuroimage.2020.117428,Q1,2021,Neutral,haiku,High,no,"{""stance"": ""Neutral"", ""confidence"": ""High"", ""predictive_claim"": ""no""}"
33710798,2021,2021 Jun,Imaging sebaceous gland using optical coherence tomography with deep learning assisted automatic identification.,"Imaging sebaceous glands and evaluating morphometric parameters are important for diagnosis and treatment of serum problems. In this article, we investigate the feasibility of high-resolution optical coherence tomography (OCT) in combination with deep learning assisted automatic identification for these purposes. Specifically, with a spatial resolution of 2.3 μm × 6.2 μm (axial × lateral, in air), OCT is capable of clearly differentiating sebaceous gland from other skin structures and resolving the sebocyte layer. In order to achieve efficient and timely imaging analysis, a deep learning approach built upon ResNet18 is developed to automatically classify OCT images (with/without sebaceous gland), with a classification accuracy of 97.9%. Based on the result of automatic identification, we further demonstrate the possibility to measure gland size, sebocyte layer thickness and gland density.",Journal of biophotonics,J Biophotonics,"Journal Article; Research Support, Non-U.S. Gov't",Luo Yuemei,"School of Electrical and Electronic Engineering, Nanyang Technological University, Singapore, Singapore.",10.1002/jbio.202100015,Q1,2021,Cautious Optimism,haiku,High,no,"{""stance"": ""Cautious Optimism"", ""confidence"": ""High"", ""predictive_claim"": ""no""}"
34022696,2021,2021 Jul,A deep learning approach for 2D ultrasound and 3D CT/MR image registration in liver tumor ablation.,"BACKGROUND AND OBJECTIVE: Liver tumor ablation is often guided by ultrasound (US). Due to poor image quality, intraoperative US is fused with preoperative computed tomography or magnetic tomography (CT/MR) images to provide visual guidance. As of today, the underlying 2D US to 3D CT/MR registration problem remains a very challenging task. METHODS: We propose a novel pipeline to address this registration problem. Contrary to previous work, we do not formulate the problem as a regression task, which - for the given registration problem - achieves a low performance regarding accuracy and robustness due to the limited US soft-tissue contrast and the inter-patient variability on liver vessels. Instead, we first estimate the US probe angle roughly by using a classification network. Given this coarse initialization, we then improve the registration by formulation of the problem as a segmentation task, estimating the US plane in the 3D CT/MR through segmentation. RESULTS: We benchmark our approach on 1035 clinical images from 52 patients, yielding average registration errors of 11.6° and 4.7 mm, which outperforms the state of the art SVR method[1]. CONCLUSION: Our results show the efficiency of the proposed registration pipeline, which has potential to improve the robustness and accuracy of intraoperative patient registration.",Computer methods and programs in biomedicine,Comput Methods Programs Biomed,Journal Article,Wei Wei,"Faculty of Computer Science & Research Campus STIMULATE, University of Magdeburg, Germany.",10.1016/j.cmpb.2021.106117,Q1,2021,Neutral,haiku,High,no,"{""stance"": ""Neutral"", ""confidence"": ""High"", ""predictive_claim"": ""no""}"
34088091,2021,2021 Aug,"Predicting the sorption efficiency of heavy metal based on the biochar characteristics, metal sources, and environmental conditions using various novel hybrid machine learning models.","Heavy metals in water and wastewater are taken into account as one of the most hazardous environmental issues that significantly impact human health. The use of biochar systems with different materials helped significantly remove heavy metals in the water, especially wastewater treatment systems. Nevertheless, heavy metal's sorption efficiency on the biochar systems is highly dependent on the biochar characteristics, metal sources, and environmental conditions. Therefore, this study implicates the feasibility of biochar systems in the heavy metal sorption in water/wastewater and the use of artificial intelligence (AI) models in investigating efficiency sorption of heavy metal on biochar. Accordingly, this work investigated and proposed 20 artificial intelligent models for forecasting the sorption efficiency of heavy metal onto biochar based on five machine learning algorithms and bagging technique (BA). Accordingly, support vector machine (SVM), random forest (RF), artificial neural network (ANN), M5Tree, and Gaussian process (GP) algorithms were used as the key algorithms for the aim of this study. Subsequently, the individual models were bagged with each other to generate new ensemble models. Finally, 20 intelligent models were developed and evaluated, including SVM, RF, M5Tree, GP, ANN, BA-SVM, BA-RF, BA-M5Tree, BA-GP, BA-ANN, SVM-RF, SVM-M5Tree, SVM-GP, SVM-ANN, RF-M5Tree, RF-GP, RF-ANN, M5Tree-GP, M5Tree-ANN, GP-ANN. Of those, the hybrid models (i.e., BA-SVM, BA-RF, BA-M5Tree, BA-GP, BA-ANN, SVM-RF, SVM-M5Tree, SVM-GP, SVM-ANN, RF-M5Tree, RF-GP, RF-ANN, M5Tree-GP, M5Tree-ANN, GP-ANN) are introduced as the novelty of this study for estimating the heavy metal's sorption efficiency on the biochar systems. Also, the biochar characteristics, metal sources, and environmental conditions were comprehensively assessed and used, and they are considered as a novelty of the study as well. For this aim, a dataset of sorption efficiency of heavy metal was collected and processed with 353 experimental tests. Various performance indexes were applied to evaluate the models, such as RMSE, R2, MAE, color intensity, Taylor diagram, box and whiskers plots. This study's findings revealed that AI models could predict heavy metal's sorption efficiency onto biochar with high reliability, and the efficiency of the ensemble models is higher than those of individual models. The results also reported that the SVM-ANN ensemble model is the most superior model among 20 developed models. The predictive model proposed that heavy metal's efficiency sorption on biochar can be accurately forecasted and early warning for the water pollution by heavy metal.",Chemosphere,Chemosphere,Journal Article,Ke Bo,"School of Resources and Environmental Engineering, Wuhan University of Technology, Wuhan, Hubei, 430070, China; School of Urban Construction, Wuchang University of Technology, Wuhan, 430223, China.",10.1016/j.chemosphere.2021.130204,Q1,2021,Neutral,haiku,High,no,"{""stance"": ""Neutral"", ""confidence"": ""High"", ""predictive_claim"": ""no""}"
34733283,2021,2021 Jan,New Artificial Intelligence Score and Immune Infiltrates as Prognostic Factors in Colorectal Cancer With Brain Metastases.,"Incidence of brain metastases has increased in patients with colorectal cancer (CRC) as their survival has improved. CD3 T-cells and, lately, DGMate (DiGital tuMor pArameTErs) score, have been identified as prognostic factors in locally advanced CRC. Until now, there is no data concerning the prognostic value of these markers in patients with CRC-derived brain metastases. All consecutive patients with CRC-derived brain metastases diagnosed between 2000 and 2017 were retrospectively included. Staining for CD3, CD8, PD-1, PD-L1 and DGMate analyses were performed using tissue micro-array from primary tumors and, if available, brain metastases. All in all, 83 patients were included with 80 primary tumor samples and 37 brain metastases samples available. CD3 and CD8 T-cell infiltration was higher in primary tumors compared to brain metastases. We observed a significant higher DGMate score in rectal tumors compared to colon tumors (p=0.03). We also noted a trend of higher CD3 T-cell infiltration in primary tumors when brain metastases were both supra and subtentorial compared to brain metastases that were only subtentorial or supratentorial (p=0.36 and p=0.03, respectively). No correlation was found between CD3 or CD8 infiltration or DGMate score in primary tumors or brain metastases and overall survival (OS) in the overall population. In patients with rectal tumors, a high DGMate score in brain metastases was associated with longer OS (13.4 ± 6.1 months versus 6.1 ± 1.4 months, p=0.02). High CD3 T-cell infiltration in brain metastases was associated with lower OS in patients with supratentorial brain metastases (9.8 ± 3.3 months versus 16.7 ± 5.9 months, p=0.03). PD-L1 overexpression was rare, both in primary tumors and brain metastases, but PD-L1 positive primary tumors were associated with worse OS (p=0.01). In contrast to breast and lung cancer derived brain metastases, CD3 and CD8 infiltration and DGMate score are not major prognostic factors in patients with CRC-derived brain metastases.",Frontiers in immunology,Front Immunol,"Journal Article; Research Support, Non-U.S. Gov't",Randrian Violaine,"Hepato-Gastroenterology Department, CHU Poitiers, Poitiers, France.",10.1016/j.ejca.2013.02.015,Q1,2021,Neutral,haiku,High,no,"{""stance"": ""Neutral"", ""confidence"": ""High"", ""predictive_claim"": ""no""}"
33467472,2021,2021 Jan,Comparative Time-Course Physiological Responses and Proteomic Analysis of Melatonin Priming on Promoting Germination in Aged Oat (Avena sativa L.) Seeds.,"Melatonin priming is an effective strategy to improve the germination of aged oat (Avena sativa L.) seeds, but the mechanism involved in its time-course responses has remained largely unknown. In the present study, the phenotypic differences, ultrastructural changes, physiological characteristics, and proteomic profiles were examined in aged and melatonin-primed seed (with 10 μM melatonin treatment for 12, 24, and 36 h). Thus, 36 h priming (T36) had a better remediation effect on aged seeds, reflecting in the improved germinability and seedlings, relatively intact cell ultrastructures, and enhanced antioxidant capacity. Proteomic analysis revealed 201 differentially abundant proteins between aged and T36 seeds, of which 96 were up-accumulated. In melatonin-primed seeds, the restoration of membrane integrity by improved antioxidant capacity, which was affected by the stimulation of jasmonic acid synthesis via up-accumulation of 12-oxo-phytodienoic acid reductase, might be a candidate mechanism. Moreover, the relatively intact ultrastructures enabled amino acid metabolism and phenylpropanoid biosynthesis, which were closely associated with energy generation through intermediates of pyruvate, phosphoenolpyruvate, fumarate, and α-ketoglutarate, thus providing energy, active amino acids, and secondary metabolites necessary for germination improvement of aged seeds. These findings clarify the time-course related pathways associated with melatonin priming on promoting the germination of aged oat seeds.",International journal of molecular sciences,Int J Mol Sci,Comparative Study; Journal Article,Yan Huifang,"Forage Seed Laboratory, China Agricultural University, Beijing 100193, China.",10.1104/pp.97.1.88,Q1,2021,Neutral,haiku,High,no,"{""stance"": ""Neutral"", ""confidence"": ""High"", ""predictive_claim"": ""no""}"
33606340,2021,2021 May,Using machine learning to identify diabetes patients with canagliflozin prescriptions at high-risk of lower extremity amputation using real-world data.,"AIMS: Canagliflozin, a sodium-glucose cotransporter 2 inhibitor indicated for lowering glucose, has been increasingly used in diabetes patients because of its beneficial effects on cardiovascular and renal outcomes. However, clinical trials have documented an increased risk of lower extremity amputations (LEA) associated with canagliflozin. We applied machine learning methods to predict LEA among diabetes patients treated with canagliflozin. METHODS: Using claims data from a 5% random sample of Medicare beneficiaries, we identified 13 904 diabetes individuals initiating canagliflozin between April 2013 and December 2016. The samples were randomly and equally split into training and testing sets. We identified 41 predictor candidates using information from the year prior to canagliflozin initiation, and applied four machine learning approaches (elastic net, least absolute shrinkage and selection operator [LASSO], gradient boosting machine and random forests) to predict LEA risk after canagliflozin initiation. RESULTS: The incidence rate of LEA was 0.57% over a median 1.5 years follow-up. LASSO produced the best prediction, yielding a C-statistic of 0.81 (95% CI: 0.76, 0.86). Among individuals categorized in the top 5% of the risk score, the actual incidence rate of LEA was 3.74%. Among the 16 factors selected by LASSO, history of LEA [adjusted odds ratio (aOR): 33.6 (13.8, 81.9)] and loop diuretic use [aOR: 3.6 (1.8,7.3)] had the strongest associations with LEA incidence. CONCLUSIONS: Our machine learning model efficiently predicted the risk of LEA among diabetes patients undergoing canagliflozin treatment. The risk score may support optimized treatment decisions and thus improve health outcomes of diabetes patients.",Pharmacoepidemiology and drug safety,Pharmacoepidemiol Drug Saf,Journal Article,Yang Lanting,"Department of Pharmacy and Therapeutics, University of Pittsburgh, Pittsburgh, Pennsylvania, USA.",10.1002/pds.5206,Q2,2021,Cautious Optimism,haiku,High,no,"{""stance"": ""Cautious Optimism"", ""confidence"": ""High"", ""predictive_claim"": ""no""}"
34425418,2021,2021 Oct,Deep learning for cranioplasty in clinical practice: Going from synthetic to real patient data.,"Correct virtual reconstruction of a defective skull is a prerequisite for successful cranioplasty and its automatization has the potential for accelerating and standardizing the clinical workflow. This work provides a deep learning-based method for the reconstruction of a skull shape and cranial implant design on clinical data of patients indicated for cranioplasty. The method is based on a cascade of multi-branch volumetric CNNs that enables simultaneous training on two different types of cranioplasty ground-truth data: the skull patch, which represents the exact shape of the missing part of the original skull, and which can be easily created artificially from healthy skulls, and expert-designed cranial implant shapes that are much harder to acquire. The proposed method reaches an average surface distance of the reconstructed skull patches of 0.67 mm on a clinical test set of 75 defective skulls. It also achieves a 12% reduction of a newly proposed defect border Gaussian curvature error metric, compared to a baseline model trained on synthetic data only. Additionally, it produces directly 3D printable cranial implant shapes with a Dice coefficient 0.88 and a surface error of 0.65 mm. The outputs of the proposed skull reconstruction method reach good quality and can be considered for use in semi- or fully automatic clinical cranial implant design workflows.",Computers in biology and medicine,Comput Biol Med,Journal Article,Kodym Oldřich,"Department of Computer Graphics and Multimedia, Brno University of Technology, Božetěchova 2, 612 66, Brno, Czech Republic. Electronic address: ikodym@fit.vutbr.cz.",10.1016/j.compbiomed.2021.104766,Q1,2021,Cautious Optimism,haiku,High,no,"{""stance"": ""Cautious Optimism"", ""confidence"": ""High"", ""predictive_claim"": ""no""}"
33749374,2021,2021 Dec,Machine-learning algorithm as a prognostic tool in non-obstructive acute-on-chronic kidney disease in the cat.,"OBJECTIVES: The aim of this study was to develop an algorithm capable of predicting short- and medium-term survival in cases of intrinsic acute-on-chronic kidney disease (ACKD) in cats. METHODS: The medical record database was searched to identify cats hospitalised for acute clinical signs and azotaemia of at least 48 h duration and diagnosed to have underlying chronic kidney disease based on ultrasonographic renal abnormalities or previously documented azotaemia. Cases with postrenal azotaemia, exposure to nephrotoxicants, feline infectious peritonitis or neoplasia were excluded. Clinical variables were combined in a clinical severity score (CSS). Clinicopathological and ultrasonographic variables were also collected. The following variables were tested as inputs in a machine learning system: age, body weight (BW), CSS, identification of small kidneys or nephroliths by ultrasonography, serum creatinine at 48 h (Crea48), spontaneous feeding at 48 h (SpF48) and aetiology. Outputs were outcomes at 7, 30, 90 and 180 days. The machine-learning system was trained to develop decision tree algorithms capable of predicting outputs from inputs. Finally, the diagnostic performance of the algorithms was calculated. RESULTS: Crea48 was the best predictor of survival at 7 days (threshold 1043 µmol/l, sensitivity 0.96, specificity 0.53), 30 days (threshold 566 µmol/l, sensitivity 0.70, specificity 0.89) and 90 days (threshold 566 µmol/l, sensitivity 0.76, specificity 0.80), with fewer cats still alive when their Crea48 was above these thresholds. A short decision tree, including age and Crea48, predicted the 180-day outcome best. When Crea48 was excluded from the analysis, the generated decision trees included CSS, age, BW, SpF48 and identification of small kidneys with an overall diagnostic performance similar to that using Crea48. CONCLUSIONS AND RELEVANCE: Crea48 helps predict short- and medium-term survival in cats with ACKD. Secondary variables that helped predict outcomes were age, CSS, BW, SpF48 and identification of small kidneys.",Journal of feline medicine and surgery,J Feline Med Surg,Journal Article,Renard Jade,"Alliance Small Animal Clinic, Bordeaux, France.",10.1177/1098612X211001273,Q1,2021,Neutral,haiku,High,no,"{""stance"": ""Neutral"", ""confidence"": ""High"", ""predictive_claim"": ""no""}"
33430742,2021,2021 Jan,Prediction Models and Scores in Adult Congenital Heart Disease.,"Nowadays, most patients with congenital heart disease survive to adulthood due to advances in pediatric cardiac surgery but often present with various comorbidities and long-term complications, posing challenges in their management. The development and clinical use of risk scores for the prediction of morbidity and/or mortality in adults with congenital heart disease (ACHD) is fundamental in achieving optimal management for these patients, including appropriate follow-up frequency, treatment escalation, and timely referral for invasive procedures or heart transplantation. In comparison with other fields of cardiovascular medicine, there are relatively few studies that report prediction models developed in the ACHD population, given the small sample size, heterogeneity of the population, and relatively low event rate. Some studies report risk scores originally developed in pediatric congenital or non-congenital population, externally validated in ACHD with variable success. Available risk scores are designed to predict heart failure or arrhythmic events, all-cause mortality, post-intervention outcomes, infective endocarditis, or atherosclerosis-related cardiovascular disease in ACHD. A substantial number of these scores are derived from retrospective studies and are not internally or externally validated. Adequately validated risk scores can be invaluable in clinical practice and an important step towards personalized medicine. Multicenter collaboration, adequate study design, and the potential use of artificial intelligence are important elements in the effort to develop reliable risk scores for the ACHD population.",Current pharmaceutical design,Curr Pharm Des,"Journal Article; Research Support, Non-U.S. Gov't",Arvanitaki Alexandra,"Department of Cardiology III - Adult Congenital and Valvular Heart Disease, University Hospital Muenster, Albert-Schweitzer- Campus 1, 48149, Muenster, Germany.",10.2174/1381612827999210111181554,Q2,2021,Neutral,haiku,High,no,"{""stance"": ""Neutral"", ""confidence"": ""High"", ""predictive_claim"": ""no""}"
32962932,2021,2021 Jan,Artificial Intelligence in Echocardiography for Anesthesiologists.,"Echocardiography is a unique diagnostic tool for intraoperative monitoring and assessment of patients with cardiovascular diseases. However, there are high levels of interoperator variations in echocardiography interpretations that could lead to inaccurate diagnosis and incorrect treatment. Furthermore, anesthesiologists are faced with the additional challenge to interpret echocardiography and make decisions in a limited timeframe from these complex data. The need for an automated, less operator-dependent process that enhances speed and accuracy of echocardiography analysis is crucial for anesthesiologists. Artificial intelligence is playing an increasingly important role in the medical field and could help anesthesiologists analyze complex echocardiographic data while adding increased accuracy and consistency to interpretation. This review aims to summarize practical use of artificial intelligence in echocardiography and discusses potential limitations and challenges in the future for anesthesiologists.",Journal of cardiothoracic and vascular anesthesia,J Cardiothorac Vasc Anesth,Journal Article; Review,Chen Xia,"Department of Anesthesiology, Shanghai General Hospital, Shanghai Jiao Tong University School of Medicine, Shanghai, China.",10.1053/j.jvca.2020.08.048,Q2,2021,Cautious Optimism,haiku,High,no,"{""stance"": ""Cautious Optimism"", ""confidence"": ""High"", ""predictive_claim"": ""no""}"
34377105,2021,2021 Jan,MRI Image Segmentation Model with Support Vector Machine Algorithm in Diagnosis of Solitary Pulmonary Nodule.,"This study focused on the application value of MRI images processed by a Support Vector Machine (SVM) algorithm-based model in diagnosis of benign and malignant solitary pulmonary nodule (SPN). The SVM algorithm was constrained by a self-paced regularization item and gradient value to establish the MRI image segmentation model (SVM-L) for lung. Its performance was compared factoring into the Dice index (DI), sensitivity (SE), specificity (SP), and Mean Square Error (MSE). 28 SPN patients who underwent the parallel MRI examination were selected as research subjects and were divided into the benign group (11 patients) and malignant group (17 patients) according to different plans for diagnosis and treatment. The apparent diffusion coefficient (ADC) at different b values was analyzed, and the steepest slope (SS) and washout ratio (WR) values in the two groups were calculated. The result showed that the MSE, DI, SE, SP values, and operation time of the SVM-L model were (0.41 ± 0.02), (0.84 ± 0.13), (0.89 ± 0.04), (0.993 ± 0.004), and (30.69 ± 2.60)s, respectively, apparently superior to those of the other algorithms, but there were no statistic differences (P > 0.05) in the WR value between the two groups of patients. The SS values of the time-signal curve in the benign and malignant groups were (2.52 ± 0.69) %/s and (3.34 ± 00.41) %/s, respectively. Obviously, the SS value of the benign group was significantly lower than that of the malignant group (P < 0.01). The ADC value with different b values in the benign group was significantly lower than that of the malignant group (P < 0.01). It suggested that the SVM-L model significantly improved the quality of lung MRI images and increased the accuracy to differentiate benign and malignant SPN, providing reference for the diagnosis and treatment of SPN patients.",Contrast media & molecular imaging,Contrast Media Mol Imaging,Journal Article,Feng Bo,"Department of Radiology, Hangzhou Ninth People's Hospital, No. 98 Yilong Road, Yipeng Street, Qiantang District, Hangzhou 311225, Zhejiang Province, China.",10.1080/17476348.2020.1697853,Q2,2021,Neutral,haiku,High,no,"{""stance"": ""Neutral"", ""confidence"": ""High"", ""predictive_claim"": ""no""}"
34584193,2021,2021 Sep,Deep learning-based virtual cytokeratin staining of gastric carcinomas to measure tumor-stroma ratio.,"The tumor-stroma ratio (TSR) determined by pathologists is subject to intra- and inter-observer variability. We aimed to develop a computational quantification method of TSR using deep learning-based virtual cytokeratin staining algorithms. Patients with 373 advanced (stage III [n = 171] and IV [n = 202]) gastric cancers were analyzed for TSR. Moderate agreement was observed, with a kappa value of 0.623, between deep learning metrics (dTSR) and visual measurement by pathologists (vTSR) and the area under the curve of receiver operating characteristic of 0.907. Moreover, dTSR was significantly associated with the overall survival of the patients (P = 0.0024). In conclusion, we developed a virtual cytokeratin staining and deep learning-based TSR measurement, which may aid in the diagnosis of TSR in gastric cancer.",Scientific reports,Sci Rep,"Journal Article; Observational Study; Research Support, Non-U.S. Gov't",Hong Yiyu,"Department of R&D Center, Arontier Co., Ltd, Seoul, Republic of Korea.",10.1001/jamaoncol.2019.1943,Q1,2021,Cautious Optimism,haiku,High,no,"{""stance"": ""Cautious Optimism"", ""confidence"": ""High"", ""predictive_claim"": ""no""}"
34300673,2021,2021 Jul,F-Classify: Fuzzy Rule Based Classification Method for Privacy Preservation of Multiple Sensitive Attributes.,"With the advent of smart health, smart cities, and smart grids, the amount of data has grown swiftly. When the collected data is published for valuable information mining, privacy turns out to be a key matter due to the presence of sensitive information. Such sensitive information comprises either a single sensitive attribute (an individual has only one sensitive attribute) or multiple sensitive attributes (an individual can have multiple sensitive attributes). Anonymization of data sets with multiple sensitive attributes presents some unique problems due to the correlation among these attributes. Artificial intelligence techniques can help the data publishers in anonymizing such data. To the best of our knowledge, no fuzzy logic-based privacy model has been proposed until now for privacy preservation of multiple sensitive attributes. In this paper, we propose a novel privacy preserving model F-Classify that uses fuzzy logic for the classification of quasi-identifier and multiple sensitive attributes. Classes are defined based on defined rules, and every tuple is assigned to its class according to attribute value. The working of the F-Classify Algorithm is also verified using HLPN. A wide range of experiments on healthcare data sets acknowledged that F-Classify surpasses its counterparts in terms of privacy and utility. Being based on artificial intelligence, it has a lower execution time than other approaches.","Sensors (Basel, Switzerland)",Sensors (Basel),Journal Article,Attaullah Hasina,"Department of Computer Sciences, COMSATS University, Islamabad 45550, Pakistan.",10.1109/TC.2015.2458862,Q1,2021,Neutral,haiku,High,no,"{""stance"": ""Neutral"", ""confidence"": ""High"", ""predictive_claim"": ""no""}"
34026615,2021,2021 Jan,A Preliminary Experience of Implementing Deep-Learning Based Auto-Segmentation in Head and Neck Cancer: A Study on Real-World Clinical Cases.,"PURPOSE: While artificial intelligence has shown great promise in organs-at-risk (OARs) auto segmentation for head and neck cancer (HNC) radiotherapy, to reach the level of clinical acceptance of this technology in real-world routine practice is still a challenge. The purpose of this study was to validate a U-net-based full convolutional neural network (CNN) for the automatic delineation of OARs of HNC, focusing on clinical implementation and evaluation. METHODS: In the first phase, the CNN was trained on 364 clinical HNC patients' CT images with annotated contouring from routine clinical cases by different oncologists. The automated delineation accuracy was quantified using the Dice similarity coefficient (DSC) and 95% Hausdorff distance (HD). To assess efficiency, the time required to edit the auto-contours to a clinically acceptable standard was evaluated by a questionnaire. For subjective evaluation, expert oncologists (more than 10 years' experience) were randomly presented with automated delineations or manual contours of 15 OARs for 30 patient cases. In the second phase, the network was retrained with an additional 300 patients, which were generated by pre-trained CNN and edited by oncologists until to meet clinical acceptance. RESULTS: Based on DSC, the CNN performed best for the spinal cord, brainstem, temporal lobe, eyes, optic nerve, parotid glands and larynx (DSC >0.7). Higher conformity for the OARs delineation was achieved by retraining our architecture, largest DSC improvement on oral cavity (0.53 to 0.93). Compared with the manual delineation time, after using auto-contouring, this duration was significantly shortened from hours to minutes. In the subjective evaluation, two observes showed an apparent inclination on automatic OARs contouring, even for relatively low DSC values. Most of the automated OARs segmentation can reach the clinical acceptance level compared to manual delineations. CONCLUSIONS: After retraining, the CNN developed for OARs automated delineation in HNC was proved to be more robust, efficiency and consistency in clinical practice. Deep learning-based auto-segmentation shows great potential to alleviate the labor-intensive contouring of OAR for radiotherapy treatment planning.",Frontiers in oncology,Front Oncol,Journal Article,Zhong Yang,"Department of Radiation Oncology, Fudan University Shanghai Cancer Center, Shanghai, China.",10.1088/0031-9155/56/14/021,Q1,2021,Cautious Optimism,haiku,High,yes,"{""stance"": ""Cautious Optimism"", ""confidence"": ""High"", ""predictive_claim"": ""yes""}"
34614981,2021,2021 Aug,End-to-end computational optics with a singlet lens for large depth-of-field imaging.,"Large depth-of-field (DOF) imaging with a high resolution is useful for applications ranging from robot vision to bio-imaging. However, it is challenging to construct an optical system with both a high resolution and large DOF. The common solution is to design relatively complex optical systems, but the setup of such systems is often bulky and expensive. In this paper, we propose a novel, compact, and low-cost method for large-DOF imaging. The core concept is to (1) design an aspherical lens with a depth-invariant point spread function to enable uniform image blurring over the whole depth range and (2) construct a deep learning network to reconstruct images with high fidelity computationally. The raw images captured by the aspherical lens are deblurred by the trained network, which enables large-DOF imaging at a smaller F number. Experimental results demonstrate that our end-to-end computational imager can achieve enhanced imaging performance. It can reduce loss by up to 46.5% compared to inherited raw images. With the capabilities of high-resolution and large-DOF imaging, the proposed method is promising for applications such as microscopic pathological diagnosis, virtual/augmented reality displays, and smartphone photography.",Optics express,Opt Express,Journal Article,Liu Yuankun,,10.1364/OE.433067,Q1,2021,Neutral,haiku,High,no,"{""stance"": ""Neutral"", ""confidence"": ""High"", ""predictive_claim"": ""no""}"
33929707,2021,2021 Dec,Can robotics be the future of ophthalmic surgery?,The future of robotic ophthalmologic surgery looks promising. Innovations in robotic technology and artificial intelligence may provide an ideal machine-human interface with planned and precise movements minimizing unwanted tissue damage and improving clinical outcomes.,Journal of robotic surgery,J Robot Surg,Journal Article,Verma Yash,"Humanitas University, Milan, Italy. yash.verma@st.hunimed.eu.",10.1167/tvst.6.3.21,Q2,2021,Cautious Optimism,haiku,High,yes,"{""stance"": ""Cautious Optimism"", ""confidence"": ""High"", ""predictive_claim"": ""yes""}"
34556746,2021,2021 Sep,Predicting medication adherence using ensemble learning and deep learning models with large scale healthcare data.,"Clinical studies from WHO have demonstrated that only 50-70% of patients adhere properly to prescribed drug therapy. Such adherence failure can impact therapeutic efficacy for the patients in question and compromises data quality around the population-level efficacy of the drug for the indications targeted. In this study, we applied various ensemble learning and deep learning models to predict medication adherence among patients. Our contribution to this endeavour involves targeting the problem of adherence prediction for a particularly challenging class of patients who self-administer injectable medication at home. Our prediction pipeline, based on event history, comprises a connected sharps bin which aims to help patients better manage their condition and improve outcomes. In other words, the efficiency of interventions can be significantly improved by prioritizing the patients who are most likely to be non-adherent. The collected data comprising a rich event feature set may be exploited for the purposes of predicting the status of the next adherence state for individual patients. This paper reports on how this concept can be realized through an investigation using a wide range of ensemble learning and deep learning models on a real-world dataset collected from such a system. The dataset investigated comprises 342,174 historic injection disposal records collected over the course of more than 5 years. A comprehensive comparison of different models is given in this paper. Moreover, we demonstrate that the selected best performer, long short-term memory (LSTM), generalizes well by deploying it in a true future testing dataset. The proposed end-to-end pipeline is capable of predicting patient failure in adhering to their therapeutic regimen with 77.35 % accuracy (Specificity: 78.28 %, Sensitivity: 76.42%, Precision: 77.87%,F1 score: 0.7714, ROC AUC: 0.8390).",Scientific reports,Sci Rep,"Journal Article; Research Support, Non-U.S. Gov't",Gu Yingqi,"The Insight Centre for Data Analytics, Dublin City University, Dublin 9, Ireland.",10.1371/journal.pone.0029081,Q1,2021,Cautious Optimism,haiku,High,no,"{""stance"": ""Cautious Optimism"", ""confidence"": ""High"", ""predictive_claim"": ""no""}"
32997743,2021,2021 Jan,"Early prediction of mortality risk among patients with severe COVID-19, using machine learning.","BACKGROUND: Coronavirus disease 2019 (COVID-19), caused by severe acute respiratory syndrome coronavirus 2 infection, has been spreading globally. We aimed to develop a clinical model to predict the outcome of patients with severe COVID-19 infection early. METHODS: Demographic, clinical and first laboratory findings after admission of 183 patients with severe COVID-19 infection (115 survivors and 68 non-survivors from the Sino-French New City Branch of Tongji Hospital, Wuhan) were used to develop the predictive models. Machine learning approaches were used to select the features and predict the patients' outcomes. The area under the receiver operating characteristic curve (AUROC) was applied to compare the models' performance. A total of 64 with severe COVID-19 infection from the Optical Valley Branch of Tongji Hospital, Wuhan, were used to externally validate the final predictive model. RESULTS: The baseline characteristics and laboratory tests were significantly different between the survivors and non-survivors. Four variables (age, high-sensitivity C-reactive protein level, lymphocyte count and d-dimer level) were selected by all five models. Given the similar performance among the models, the logistic regression model was selected as the final predictive model because of its simplicity and interpretability. The AUROCs of the external validation sets were 0.881. The sensitivity and specificity were 0.839 and 0.794 for the validation set, when using a probability of death of 50% as the cutoff. Risk score based on the selected variables can be used to assess the mortality risk. The predictive model is available at [https://phenomics.fudan.edu.cn/risk_scores/]. CONCLUSIONS: Age, high-sensitivity C-reactive protein level, lymphocyte count and d-dimer level of COVID-19 patients at admission are informative for the patients' outcomes.",International journal of epidemiology,Int J Epidemiol,"Journal Article; Research Support, Non-U.S. Gov't",Hu Chuanyu,"Tongji Hospital, Tongji Medical College, Huazhong University of Science and Technology, Wuhan, Hubei, China.",10.1093/ije/dyaa171,Q1,2021,Neutral,haiku,High,no,"{""stance"": ""Neutral"", ""confidence"": ""High"", ""predictive_claim"": ""no""}"
34142141,2021,2021 Aug,Design thinking in applied informatics: what can we learn from Project HealthDesign?,"OBJECTIVE: The goals of this study are to describe the value and impact of Project HealthDesign (PHD), a program of the Robert Wood Johnson Foundation that applied design thinking to personal health records, and to explore the applicability of the PHD model to another challenging translational informatics problem: the integration of AI into the healthcare system. MATERIALS AND METHODS: We assessed PHD's impact and value in 2 ways. First, we analyzed publication impact by calculating a PHD h-index and characterizing the professional domains of citing journals. Next, we surveyed and interviewed PHD grantees, expert consultants, and codirectors to assess the program's components and the potential future application of design thinking to artificial intelligence (AI) integration into healthcare. RESULTS: There was a total of 1171 unique citations to PHD-funded work (collective h-index of 25). Studies citing PHD span medical, legal, and computational journals. Participants stated that this project transformed their thinking, altered their career trajectory, and resulted in technology transfer into the commercial sector. Participants felt, in general, that the approach would be valuable in solving contemporary challenges integrating AI in healthcare including complex social questions, integrating knowledge from multiple domains, implementation, and governance. CONCLUSION: Design thinking is a systematic approach to problem-solving characterized by cooperation and collaboration. PHD generated significant impacts as measured by citations, reach, and overall effect on participants. PHD's design thinking methods are potentially useful to other work on cyber-physical systems, such as the use of AI in healthcare, to propose structural or policy-related changes that may affect adoption, value, and improvement of the care delivery system.",Journal of the American Medical Informatics Association : JAMIA,J Am Med Inform Assoc,"Journal Article; Research Support, Non-U.S. Gov't",Novak Laurie L,"Department of Biomedical Informatics, Vanderbilt University Medical Center, Nashville, Tennessee, USA.",10.1093/jamia/ocab081,Q1,2021,Cautious Optimism,sonnet,Medium,no,"{""stance"": ""Cautious Optimism"", ""confidence"": ""Medium"", ""predictive_claim"": ""no""}"
35603127,2021,2021 Jan,A deep learning framework for drug repurposing via emulating clinical trials on real-world patient data.,"Drug repurposing is an effective strategy to identify new uses for existing drugs, providing the quickest possible transition from bench to bedside. Real-world data, such as electronic health records and insurance claims, provide information on large cohorts of users for many drugs. Here we present an efficient and easily customized framework for generating and testing multiple candidates for drug repurposing using a retrospective analysis of real-world data. Building upon well-established causal inference and deep learning methods, our framework emulates randomized clinical trials for drugs present in a large-scale medical claims database. We demonstrate our framework on a coronary artery disease cohort of millions of patients. We successfully identify drugs and drug combinations that substantially improve the coronary artery disease outcomes but haven't been indicated for treating coronary artery disease, paving the way for drug repurposing.",Nature machine intelligence,Nat Mach Intell,Journal Article,Liu Ruoqi,"Department of Computer Science and Engineering, The Ohio State University, Columbus, OH, USA.",10.1101/2020.01.28.20018366,Q1,2021,Cautious Optimism,sonnet,Medium,yes,"{""stance"": ""Cautious Optimism"", ""confidence"": ""Medium"", ""predictive_claim"": ""yes""}"
33292121,2021,2021 Jan,Identification of Chronic Hypersensitivity Pneumonitis Biomarkers with Machine Learning and Differential Co-expression Analysis.,"AIMS: This study aims to identify the biomarkers for chronic hypersensitivity pneumonitis (CHP) and facilitate the precise gene therapy of CHP. BACKGROUND: Chronic hypersensitivity pneumonitis (CHP) is an interstitial lung disease caused by hypersensitive reactions to inhaled antigens. Clinically, the task of differentiating CHP and other interstitial lung diseases, especially idiopathic pulmonary fibrosis (IPF), was challenging. OBJECTIVE: In this study, we analyzed the publically available gene expression profile of 82 CHP patients, 103 IPF patients, and 103 control samples to identify the CHP biomarkers. METHODS: The CHP biomarkers were selected with advanced feature selection methods: Monte Carlo Feature Selection (MCFS) and Incremental Feature Selection (IFS). A Support Vector Machine (SVM) classifier was built. Then, we analyzed these CHP biomarkers through functional enrichment analysis and differential co-expression analysis. RESULTS: There were 674 identified CHP biomarkers. The co-expression network of these biomarkers in CHP included more negative regulations and the network structure of CHP was quite different from the network of IPF and control. CONCLUSION: The SVM classifier may serve as an important clinical tool to address the challenging task of differentiating between CHP and IPF. Many of the biomarker genes on the differential coexpression network showed great promise in revealing the underlying mechanisms of CHP.",Current gene therapy,Curr Gene Ther,"Journal Article; Research Support, Non-U.S. Gov't",Zhang Hongwei,"Institute of Interdisciplinary Integrative Biomedical Research, Shanghai University of Traditional Chinese Medicine, Shanghai, China.",10.2174/1566523220666201208093325,Q2,2021,Cautious Optimism,haiku,High,no,"{""stance"": ""Cautious Optimism"", ""confidence"": ""High"", ""predictive_claim"": ""no""}"
33411093,2021,2021 Oct,Conventional and advanced imaging throughout the cycle of care of gliomas.,"Although imaging of gliomas has evolved tremendously over the last decades, published techniques and protocols are not always implemented into clinical practice. Furthermore, most of the published literature focuses on specific timepoints in glioma management. This article reviews the current literature on conventional and advanced imaging techniques and chronologically outlines their practical relevance for the clinical management of gliomas throughout the cycle of care. Relevant articles were located through the Pubmed/Medline database and included in this review. Interpretation of conventional and advanced imaging techniques is crucial along the entire process of glioma care, from diagnosis to follow-up. In addition to the described currently existing techniques, we expect deep learning or machine learning approaches to assist each step of glioma management through tumor segmentation, radiogenomics, prognostication, and characterization of pseudoprogression. Thorough knowledge of the specific performance, possibilities, and limitations of each imaging modality is key for their adequate use in glioma management.",Neurosurgical review,Neurosurg Rev,Journal Article; Review,Reuter Gilles,"Department of Neurosurgery, University Hospital of Liège, Liège, Belgium. gilles.reuter@chuliege.be.",10.1007/s00415-006-0158-3,Q1,2021,Cautious Optimism,sonnet,Medium,yes,"{""stance"": ""Cautious Optimism"", ""confidence"": ""Medium"", ""predictive_claim"": ""yes""}"
34336000,2021,2021 Jan,Use of Deep-Learning Genomics to Discriminate Healthy Individuals from Those with Alzheimer's Disease or Mild Cognitive Impairment.,"OBJECTIVES: Alzheimer's disease (AD) is the most prevalent neurodegenerative disorder and the most common form of dementia in the elderly. Certain genes have been identified as important clinical risk factors for AD, and technological advances in genomic research, such as genome-wide association studies (GWAS), allow for analysis of polymorphisms and have been widely applied to studies of AD. However, shortcomings of GWAS include sensitivity to sample size and hereditary deletions, which result in low classification and predictive accuracy. Therefore, this paper proposes a novel deep-learning genomics approach and applies it to multitasking classification of AD progression, with the goal of identifying novel genetic biomarkers overlooked by traditional GWAS analysis. METHODS: In this study, we selected genotype data from 1461 subjects enrolled in the Alzheimer's Disease Neuroimaging Initiative, including 622 AD, 473 mild cognitive impairment (MCI), and 366 healthy control (HC) subjects. The proposed deep-learning genomics (DLG) approach consists of three steps: quality control, coding of single-nucleotide polymorphisms, and classification. The ResNet framework was used for the DLG model, and the results were compared with classifications by simple convolutional neural network structure. All data were randomly assigned to one training/validation group and one test group at a ratio of 9 : 1. And fivefold cross-validation was used. RESULTS: We compared classification results from the DLG model to those from traditional GWAS analysis among the three groups. For the AD and HC groups, the accuracy, sensitivity, and specificity of classification were, respectively, 98.78 ± 1.50%, 98.39% ± 2.50%, and 99.44% ± 1.11% using the DLG model, while 71.38% ± 0.63%, 63.13% ± 2.87%, and 85.59% ± 6.66% using traditional GWAS. Similar results were obtained from the other two intergroup classifications. CONCLUSION: The DLG model can achieve higher accuracy and sensitivity when applied to progression of AD. More importantly, we discovered several novel genetic biomarkers of AD progression, including rs6311 and rs6313 in HTR2A, rs1354269 in NAV2, and rs690705 in RFC3. The roles of these novel loci in AD should be explored in future research.",Behavioural neurology,Behav Neurol,Journal Article,Li Lanlan,"Institute of Biomedical Engineering, School of Communication and Information Engineering, Shanghai University, Shanghai 200444, China.",10.1186/s13024-020-00395-3,Q2,2021,Cautious Optimism,haiku,High,no,"{""stance"": ""Cautious Optimism"", ""confidence"": ""High"", ""predictive_claim"": ""no""}"
32964831,2021,2021 Feb,Large-scale assessment of consistency in sleep stage scoring rules among multiple sleep centers using an interpretable machine learning algorithm.,"STUDY OBJECTIVES: Polysomnography is the gold standard in identifying sleep stages; however, there are discrepancies in how technicians use the standards. Because organizing meetings to evaluate this discrepancy and/or reach a consensus among multiple sleep centers is time-consuming, we developed an artificial intelligence system to efficiently evaluate the reliability and consistency of sleep scoring and hence the sleep center quality. METHODS: An interpretable machine learning algorithm was used to evaluate the interrater reliability (IRR) of sleep stage annotation among sleep centers. The artificial intelligence system was trained to learn raters from 1 hospital and was applied to patients from the same or other hospitals. The results were compared with the experts' annotation to determine IRR. Intracenter and intercenter assessments were conducted on 679 patients without sleep apnea from 6 sleep centers in Taiwan. Centers with potential quality issues were identified by the estimated IRR. RESULTS: In the intracenter assessment, the median accuracy ranged from 80.3%-83.3%, with the exception of 1 hospital, which had an accuracy of 72.3%. In the intercenter assessment, the median accuracy ranged from 75.7%-83.3% when the 1 hospital was excluded from testing and training. The performance of the proposed method was higher for the N2, awake, and REM sleep stages than for the N1 and N3 stages. The significant IRR discrepancy of the 1 hospital suggested a quality issue. This quality issue was confirmed by the physicians in charge of the 1 hospital. CONCLUSIONS: The proposed artificial intelligence system proved effective in assessing IRR and hence the sleep center quality.",Journal of clinical sleep medicine : JCSM : official publication of the American Academy of Sleep Medicine,J Clin Sleep Med,"Journal Article; Research Support, Non-U.S. Gov't",Liu Gi-Ren,"Department of Mathematics, National Chen-Kung University, Tainan, Taiwan.",10.1007/s11325-014-0990-0,Q2,2021,Cautious Optimism,haiku,High,no,"{""stance"": ""Cautious Optimism"", ""confidence"": ""High"", ""predictive_claim"": ""no""}"
34244880,2021,2021 Aug,Artificial Intelligence-Assisted Early Detection of Retinitis Pigmentosa - the Most Common Inherited Retinal Degeneration.,"The purpose of this study was to detect the presence of retinitis pigmentosa (RP) based on color fundus photographs using a deep learning model. A total of 1670 color fundus photographs from the Taiwan inherited retinal degeneration project and National Taiwan University Hospital were acquired and preprocessed. The fundus photographs were labeled RP or normal and divided into training and validation datasets (n = 1284) and a test dataset (n = 386). Three transfer learning models based on pre-trained Inception V3, Inception Resnet V2, and Xception deep learning architectures, respectively, were developed to classify the presence of RP on fundus images. The model sensitivity, specificity, and area under the receiver operating characteristic (AUROC) curve were compared. The results from the best transfer learning model were compared with the reading results of two general ophthalmologists, one retinal specialist, and one specialist in retina and inherited retinal degenerations. A total of 935 RP and 324 normal images were used to train the models. The test dataset consisted of 193 RP and 193 normal images. Among the three transfer learning models evaluated, the Xception model had the best performance, achieving an AUROC of 96.74%. Gradient-weighted class activation mapping indicated that the contrast between the periphery and the macula on fundus photographs was an important feature in detecting RP. False-positive results were mostly obtained in cases of high myopia with highly tessellated retina, and false-negative results were mostly obtained in cases of unclear media, such as cataract, that led to a decrease in the contrast between the peripheral retina and the macula. Our model demonstrated the highest accuracy of 96.00%, which was comparable with the average results of 81.50%, of the other four ophthalmologists. Moreover, the accuracy was obtained at the same level of sensitivity (95.71%), as compared to an inherited retinal disease specialist. RP is an important disease, but its early and precise diagnosis is challenging. We developed and evaluated a transfer-learning-based model to detect RP from color fundus photographs. The results of this study validate the utility of deep learning in automating the identification of RP from fundus photographs.",Journal of digital imaging,J Digit Imaging,"Journal Article; Research Support, Non-U.S. Gov't",Chen Ta-Ching,"Department of Ophthalmology, College of Medicine, National Taiwan University, Taipei, Taiwan.",10.1038/s41598-018-35044-9,Q1,2021,Cautious Optimism,haiku,High,no,"{""stance"": ""Cautious Optimism"", ""confidence"": ""High"", ""predictive_claim"": ""no""}"
34848840,2021,2021 Nov,Oxidative damage-induced hyperactive ribosome biogenesis participates in tumorigenesis of offspring by cross-interacting with the Wnt and TGF-β1 pathways in IVF embryos.,"In vitro fertilization (IVF) increases the risk of tumorigenesis in offspring. The increased oxidative damage during IVF may be involved in tumor formation. However, the molecular mechanisms underlying this phenomenon remain largely unclear. Using a well-established model of oxidatively damaged IVF mouse embryos, we applied the iTRAQ method to identify proteins differentially expressed between control and oxidatively damaged zygotes and explored the possible tumorigenic mechanisms, especially with regard to the effects of oxidative damage on ribosome biogenesis closely related to tumorigenesis. The iTRAQ results revealed that ribosomal proteins were upregulated by oxidative stress through the Nucleolin/β-Catenin/n-Myc pathway, which stimulated ribosomes to synthesize an abundance of repair proteins to correct the damaged DNA/chromosomes in IVF-derived embryos. However, the increased percentages of γH2AX-positive cells and apoptotic cells in the blastocyst suggested that DNA repair was insufficient, resulting in aberrant ribosome biogenesis. Overexpression of ribosomal proteins, particularly Rpl15, which gradually increased from the 1-cell to 8-cell stages, indicated persistent hyperactivation of ribosome biogenesis, which promoted tumorigenesis in offspring derived from oxidatively damaged IVF embryos by selectively enhancing the translation of β-Catenin and TGF-β1. The antioxidant epigallocatechin-3-gallate (EGCG) was added to the in vitro culture medium to protect embryos from oxidative damage, and the expression of ribosome-/tumor-related proteins returned to normal after EGCG treatment. This study suggests that regulation of ribosome biogenesis by EGCG may be a means of preventing tumor formation in human IVF-derived offspring, providing a scientific basis for optimizing in vitro culture conditions and improving human-assisted reproductive technology.",Experimental & molecular medicine,Exp Mol Med,"Journal Article; Research Support, Non-U.S. Gov't",Huang Yue,"Department of Reproductive Center, The First Affiliated Hospital of Shantou University Medical College, Shantou University, 515000, Shantou, Guangdong, China.",10.1038/s12276-021-00700-0,Q1,2021,Neutral,haiku,High,no,"{""stance"": ""Neutral"", ""confidence"": ""High"", ""predictive_claim"": ""no""}"
34829330,2021,2021 Oct,Deep Learning-Based Artificial Intelligence System for Automatic Assessment of Glomerular Pathological Findings in Lupus Nephritis.,"Accurate assessment of renal histopathology is crucial for the clinical management of patients with lupus nephritis (LN). However, the current classification system has poor interpathologist agreement. This paper proposes a deep convolutional neural network (CNN)-based system that detects and classifies glomerular pathological findings in LN. A dataset of 349 renal biopsy whole-slide images (WSIs) (163 patients with LN, periodic acid-Schiff stain, 3906 glomeruli) annotated by three expert nephropathologists was used. The CNN models YOLOv4 and VGG16 were employed to localise the glomeruli and classify glomerular lesions (slight/severe impairments or sclerotic lesions). An additional 321 unannotated WSIs from 161 patients were used for performance evaluation at the per-patient kidney level. The proposed model achieved an accuracy of 0.951 and Cohen's kappa of 0.932 (95% CI 0.915-0.949) for the entire test set for classifying the glomerular lesions. For multiclass detection at the glomerular level, the mean average precision of the CNN was 0.807, with 'slight' and 'severe' glomerular lesions being easily identified (F1: 0.924 and 0.952, respectively). At the per-patient kidney level, the model achieved a high agreement with nephropathologist (linear weighted kappa: 0.855, 95% CI: 0.795-0.916, p < 0.001; quadratic weighted kappa: 0.906, 95% CI: 0.873-0.938, p < 0.001). The results suggest that deep learning is a feasible assistive tool for the objective and automatic assessment of pathological LN lesions.","Diagnostics (Basel, Switzerland)",Diagnostics (Basel),Journal Article,Zheng Zhaohui,"Department of Clinical Immunology, Xijing Hospital, Fourth Military Medical University, Xi'an 710032, China.",10.2215/CJN.03210320,Q2,2021,Cautious Optimism,haiku,High,no,"{""stance"": ""Cautious Optimism"", ""confidence"": ""High"", ""predictive_claim"": ""no""}"
33443885,2021,2021 Mar,Automatic Assessment of 3-Dimensional Facial Soft Tissue Symmetry Before and After Orthognathic Surgery Using a Machine Learning Model: A Preliminary Experience.,"PURPOSE: An objective and quantitative assessment of facial symmetry is essential for the surgical planning and evaluation of treatment outcomes in orthognathic surgery (OGS). This study applied the transfer learning model with a convolutional neural network based on 3-dimensional (3D) contour line features to evaluate the facial symmetry before and after OGS. METHODS: A total of 158 patients were recruited in a retrospective cohort study for the assessment and comparison of facial symmetry before and after OGS from January 2018 to March 2020. Three-dimensional facial photographs were captured by the 3dMD face system in a natural head position, with eyes looking forward, relaxed facial muscles, and habitual dental occlusion before and at least 6 months after surgery. Three-dimensional contour images were extracted from 3D facial images for the subsequent Web-based automatic assessment of facial symmetry by using the transfer learning with a convolutional neural network model. RESULTS: The mean score of postoperative facial symmetry showed significant improvements from 2.74 to 3.52, and the improvement degree of facial symmetry (in percentage) after surgery was 21% using the constructed machine learning model. A Web-based system provided a user-friendly interface and quick assessment results for clinicians and was an effective doctor-patient communication tool. CONCLUSIONS: This work was the first attempt to automatically assess the facial symmetry before and after surgery in an objective and quantitative value by using a machine learning model based on the 3D contour feature map.",Annals of plastic surgery,Ann Plast Surg,Journal Article,Lo Lun-Jou,"From the Department of Plastic and Reconstructive Surgery, and Craniofacial Research Center, Chang Gung Memorial Hospital, Chang Gung University, Taoyuan.",10.1097/SAP.0000000000002687,Q2,2021,Cautious Optimism,haiku,High,no,"{""stance"": ""Cautious Optimism"", ""confidence"": ""High"", ""predictive_claim"": ""no""}"
34168198,2021,2021 Jun,Predicting lethal courses in critically ill COVID-19 patients using a machine learning model trained on patients with non-COVID-19 viral pneumonia.,"In a pandemic with a novel disease, disease-specific prognosis models are available only with a delay. To bridge the critical early phase, models built for similar diseases might be applied. To test the accuracy of such a knowledge transfer, we investigated how precise lethal courses in critically ill COVID-19 patients can be predicted by a model trained on critically ill non-COVID-19 viral pneumonia patients. We trained gradient boosted decision tree models on 718 (245 deceased) non-COVID-19 viral pneumonia patients to predict individual ICU mortality and applied it to 1054 (369 deceased) COVID-19 patients. Our model showed a significantly better predictive performance (AUROC 0.86 [95% CI 0.86-0.87]) than the clinical scores APACHE2 (0.63 [95% CI 0.61-0.65]), SAPS2 (0.72 [95% CI 0.71-0.74]) and SOFA (0.76 [95% CI 0.75-0.77]), the COVID-19-specific mortality prediction models of Zhou (0.76 [95% CI 0.73-0.78]) and Wang (laboratory: 0.62 [95% CI 0.59-0.65]; clinical: 0.56 [95% CI 0.55-0.58]) and the 4C COVID-19 Mortality score (0.71 [95% CI 0.70-0.72]). We conclude that lethal courses in critically ill COVID-19 patients can be predicted by a machine learning model trained on non-COVID-19 patients. Our results suggest that in a pandemic with a novel disease, prognosis models built for similar diseases can be applied, even when the diseases differ in time courses and in rates of critical and lethal courses.",Scientific reports,Sci Rep,"Journal Article; Research Support, Non-U.S. Gov't",Lichtner Gregor,"Charité - Universitätsmedizin Berlin, corporate member of Freie Universität Berlin, Humboldt-Universität zu Berlin, and Berlin Institute of Health, Department of Anesthesiology and Operative Intensive Care Medicine (CCM, CVK), Charitéplatz 1, 10117, Berlin, Germany.",10.1038/s42256-019-0138-9,Q1,2021,Neutral,haiku,High,no,"{""stance"": ""Neutral"", ""confidence"": ""High"", ""predictive_claim"": ""no""}"
34362386,2021,2021 Aug,Normalization of HE-stained histological images using cycle consistent generative adversarial networks.,"BACKGROUND: Histological images show strong variance (e.g. illumination, color, staining quality) due to differences in image acquisition, tissue processing, staining, etc. This can impede downstream image analysis such as staining intensity evaluation or classification. Methods to reduce these variances are called image normalization techniques. METHODS: In this paper, we investigate the potential of CycleGAN (cycle consistent Generative Adversarial Network) for color normalization in hematoxylin-eosin stained histological images using daily clinical data with consideration of the variability of internal staining protocol variations. The network consists of a generator network GB that learns to map an image X from a source domain A to a target domain B, i.e. GB:XA→XB. In addition, a discriminator network DB is trained to distinguish whether an image from domain B is real or generated. The same process is applied to another generator-discriminator pair (GA,DA), for the inverse mapping GA:XB→XA. Cycle consistency ensures that a generated image is close to its original when being mapped backwards (GA(GB(XA))≈XA and vice versa). We validate the CycleGAN approach on a breast cancer challenge and a follicular thyroid carcinoma data set for various stain variations. We evaluate the quality of the generated images compared to the original images using similarity measures. In addition, we apply stain normalization on pathological lymph node data from our institute and test the gain from normalization on a ResNet classifier pre-trained on the Camelyon16 data set. RESULTS: Qualitative results of the images generated by our network are compared to original color distributions. Our evaluation indicates that by mapping images to a target domain, the similarity training images from that domain improves up to 96%. We also achieve a high cycle consistency for the generator networks by obtaining similarity indices greater than 0.9. When applying the CycleGAN normalization to HE-stain images from our institute the kappa-value of the ResNet-model that is only trained on Camelyon16 data is increased more than 50%. CONCLUSIONS: CycleGANs have proven to efficiently normalize HE-stained images. The approach compensates for deviations resulting from image acquisition (e.g. different scanning devices) as well as from tissue staining (e.g. different staining protocols), and thus overcomes the staining variations in images from various institutions.The code is publicly available at https://github.com/m4ln/stainTransfer_CycleGAN_pytorch . The data set supporting the solutions is available at https://doi.org/10.11588/data/8LKEZF .",Diagnostic pathology,Diagn Pathol,Journal Article,Runz Marlen,"Institute of Pathology, University Medical Centre Mannheim, Heidelberg University, Mannheim, Germany. marlen.runz@medma.uni-heidelberg.de.",10.11613/BM.2012.031,Q2,2021,Neutral,haiku,High,no,"{""stance"": ""Neutral"", ""confidence"": ""High"", ""predictive_claim"": ""no""}"
34573899,2021,2021 Aug,Faster Region-Based Convolutional Neural Network in the Classification of Different Parkinsonism Patterns of the Striatum on Maximum Intensity Projection Images of [18F]FP-CIT Positron Emission Tomography.,"The aim of this study was to compare the performance of a deep-learning convolutional neural network (Faster R-CNN) model to detect imaging findings suggestive of idiopathic Parkinson's disease (PD) based on [18F]FP-CIT PET maximum intensity projection (MIP) images versus that of nuclear medicine (NM) physicians. The anteroposterior MIP images of the [18F]FP-CIT PET scan of 527 patients were classified as having PD (139 images) or non-PD (388 images) patterns according to the final diagnosis. Non-PD patterns were classified as overall-normal (ONL, 365 images) and vascular parkinsonism with definite defects or prominently decreased dopamine transporter binding (dVP, 23 images) patterns. Faster R-CNN was trained on 120 PD, 320 ONL, and 16 dVP pattern images and tested on the 19 PD, 45 ONL, and seven dVP patterns images. The performance of the Faster R-CNN and three NM physicians was assessed using receiver operating characteristics curve analysis. The difference in performance was assessed using Cochran's Q test, and the inter-rater reliability was calculated. Faster R-CNN showed high accuracy in differentiating PD from non-PD patterns and also from dVP patterns, with results comparable to those of NM physicians. There were no significant differences in the area under the curve and performance. The inter-rater reliability among Faster R-CNN and NM physicians showed substantial to almost perfect agreement. The deep-learning model accurately differentiated PD from non-PD patterns on MIP images of [18F]FP-CIT PET, and its performance was comparable to that of NM physicians.","Diagnostics (Basel, Switzerland)",Diagnostics (Basel),Journal Article,Choi Byung Wook,"Department of Nuclear Medicine, Daegu Catholic University Medical Center, Daegu Catholic University School of Medicine, Daegu 42472, Korea.",10.3390/healthcare8010034,Q2,2021,Cautious Optimism,haiku,High,no,"{""stance"": ""Cautious Optimism"", ""confidence"": ""High"", ""predictive_claim"": ""no""}"
34426610,2021,2021 Aug,SCAMP2/5 as diagnostic and prognostic markers for acute myeloid leukemia.,"The secretory carrier-associated membrane proteins (SCAMPs) are associated with the development of multiple human cancers. The role of SCAMPs in acute myeloid leukemia (AML), however, remains to be identified. In the present study, we explored expression patterns and prognostic value of SCAMPs and network analysis of SCAMPs-related signaling pathways in AML using Oncomine, GEPIA, cBioPortal, LinkedOmics, DAVID and Metascape databases. Genetic alteration analysis revealed that the mutation rate of SCAMP genes was below 1% (9/1272) in AML, and there was no significant correlation between SCAMPs gene mutation and AML prognosis. However, the SCAMP2/5 mRNA levels were significantly higher in AML patients than in healthy controls. Moreover, high mRNA expressions of SCAMP2/4/5 were associated with poor overall survival, which might be due to that SCAMP2/4/5 and their co-expressed genes were associated with multiple pathways related to tumorigenesis and progression, including human T-cell leukemia virus 1 infection, acute myeloid leukemia, mTOR and NF-kappa B signaling pathways. These results suggest that SCAMP2/4/5 are potential prognostic markers for AML, and that SCAMP2 and SCAMP5 individually or in combination may be used as diagnostic markers for AML.",Scientific reports,Sci Rep,"Journal Article; Research Support, Non-U.S. Gov't",Yue Can,"Graduate College of Fujian Medical University, Fuzhou, 350108, Fujian, People's Republic of China.",10.1172/JCI68101,Q1,2021,Neutral,haiku,High,no,"{""stance"": ""Neutral"", ""confidence"": ""High"", ""predictive_claim"": ""no""}"
34037674,2021,2021 Jul,Dermatologists' Perspectives on Artificial Intelligence and Augmented Intelligence - A Cross-sectional Survey.,"This cross-sectional survey finds that most dermatologists are receptive to assistance from AI tools and envision a role for augmented intelligence in clinical practice, but they also value the physician-patient relationship and human accuracy.",JAMA dermatology,JAMA Dermatol,Letter,Nelson Caroline A,"Department of Dermatology, Yale School of Medicine, New Haven, Connecticut.",10.21037/atm.2019.12.102,Q1,2021,Cautious Optimism,haiku,High,no,"{""stance"": ""Cautious Optimism"", ""confidence"": ""High"", ""predictive_claim"": ""no""}"
34723902,2022,2022 Mar,DEVELOPMENT AND VALIDATION OF AN EXPLAINABLE ARTIFICIAL INTELLIGENCE FRAMEWORK FOR MACULAR DISEASE DIAGNOSIS BASED ON OPTICAL COHERENCE TOMOGRAPHY IMAGES.,"PURPOSE: To develop and validate an artificial intelligence framework for identifying multiple retinal lesions at image level and performing an explainable macular disease diagnosis at eye level in optical coherence tomography images. METHODS: A total of 26,815 optical coherence tomography images were collected from 865 eyes, and 9 retinal lesions and 3 macular diseases were labeled by ophthalmologists, including diabetic macular edema and dry/wet age-related macular degeneration. We applied deep learning to classify retinal lesions at image level and random forests to achieve an explainable disease diagnosis at eye level. The performance of the integrated two-stage framework was evaluated and compared with human experts. RESULTS: On testing data set of 2,480 optical coherence tomography images from 80 eyes, the deep learning model achieved an average area under curve of 0.978 (95% confidence interval, 0.971-0.983) for lesion classification. In addition, random forests performed accurate disease diagnosis with a 0% error rate, which achieved the same accuracy as one of the human experts and was better than the other three experts. It also revealed that the detection of specific lesions in the center of macular region had more contribution to macular disease diagnosis. CONCLUSION: The integrated method achieved high accuracy and interpretability in retinal lesion classification and macular disease diagnosis in optical coherence tomography images and could have the potential to facilitate the clinical diagnosis.","Retina (Philadelphia, Pa.)",Retina,Journal Article; Validation Study,Lv Bin,"Ping An Healthcare Technology, Beijing, China.",10.1097/IAE.0000000000003325,Q1,2022,Cautious Optimism,haiku,High,no,"{""stance"": ""Cautious Optimism"", ""confidence"": ""High"", ""predictive_claim"": ""no""}"
35349801,2022,2022 Jun,Heart rate variability for medical decision support systems: A review.,"Heart Rate Variability (HRV) is a good predictor of human health because the heart rhythm is modulated by a wide range of physiological processes. This statement embodies both challenges to and opportunities for HRV analysis. Opportunities arise from the wide-ranging applicability of HRV analysis for disease detection. The availability of modern high-quality sensors and the low data rate of heart rate signals make HRV easy to measure, communicate, store, and process. However, there are also significant obstacles that prevent a wider use of this technology. HRV signals are both nonstationary and nonlinear and, to the human eye, they appear noise-like. This makes them difficult to analyze and indeed the analysis findings are difficult to explain. Moreover, it is difficult to discriminate between the influences of different complex physiological processes on the HRV. These difficulties are compounded by the effects of aging and the presence of comorbidities. In this review, we have looked at scientific studies that have addressed these challenges with advanced signal processing and Artificial Intelligence (AI) methods.",Computers in biology and medicine,Comput Biol Med,Journal Article; Review,Faust Oliver,"Sheffield Hallam University, Howard St, Sheffield, S1 1WB, UK.",10.1016/j.compbiomed.2022.105407,Q1,2022,Neutral,haiku,High,no,"{""stance"": ""Neutral"", ""confidence"": ""High"", ""predictive_claim"": ""no""}"
36355845,2022,2022 Jan,Machine learning based skin lesion segmentation method with novel borders and hair removal techniques.,"The effective segmentation of lesion(s) from dermoscopic skin images assists the Computer-Aided Diagnosis (CAD) systems in improving the diagnosing rate of skin cancer. The results of the existing skin lesion segmentation techniques are not up to the mark for dermoscopic images with artifacts like varying size corner borders with color similar to lesion(s) and/or hairs having low contrast with surrounding background. To improve the results of the existing skin lesion segmentation techniques for such kinds of dermoscopic images, an effective skin lesion segmentation method is proposed in this research work. The proposed method searches for the presence of corner borders in the given dermoscopc image and removes them if found otherwise it starts searching for the presence of hairs on it and eliminate them if present. Next, it enhances the resultant image using state-of-the-art image enhancement method and segments lesion from it using machine learning technique namely, GrabCut method. The proposed method was tested on PH2 and ISIC 2018 datasets containing 200 images each and its accuracy was measured with two evaluation metrics, i.e., Jaccard index, and Dice index. The evaluation results show that our proposed skin lesion segmentation method obtained Jaccard Index of 0.77, 0.80 and Dice index of 0.87, 0.82 values on PH2, and ISIC2018 datasets, respectively, which are better than state-of-the-art skin lesion segmentation techniques.",PloS one,PLoS One,"Journal Article; Research Support, Non-U.S. Gov't",Rehman Mohibur,"Department of Computer Science &amp; Information Technology, Hazara University, Mansehra, Pakistan.",10.1109/EMBC.2013.6610779,Q1,2022,Neutral,haiku,High,no,"{""stance"": ""Neutral"", ""confidence"": ""High"", ""predictive_claim"": ""no""}"
36560278,2022,2022 Dec,Machine Learning and Wearable Sensors for the Early Detection of Balance Disorders in Parkinson's Disease.,"Dynamic posturography combined with wearable sensors has high sensitivity in recognizing subclinical balance abnormalities in patients with Parkinson's disease (PD). However, this approach is burdened by a high analytical load for motion analysis, potentially limiting a routine application in clinical practice. In this study, we used machine learning to distinguish PD patients from controls, as well as patients under and not under dopaminergic therapy (i.e., ON and OFF states), based on kinematic measures recorded during dynamic posturography through portable sensors. We compared 52 different classifiers derived from Decision Tree, K-Nearest Neighbor, Support Vector Machine and Artificial Neural Network with different kernel functions to automatically analyze reactive postural responses to yaw perturbations recorded through IMUs in 20 PD patients and 15 healthy subjects. To identify the most efficient machine learning algorithm, we applied three threshold-based selection criteria (i.e., accuracy, recall and precision) and one evaluation criterion (i.e., goodness index). Twenty-one out of 52 classifiers passed the three selection criteria based on a threshold of 80%. Among these, only nine classifiers were considered ""optimum"" in distinguishing PD patients from healthy subjects according to a goodness index ≤ 0.25. The Fine K-Nearest Neighbor was the best-performing algorithm in the automatic classification of PD patients and healthy subjects, irrespective of therapeutic condition. By contrast, none of the classifiers passed the three threshold-based selection criteria in the comparison of patients in ON and OFF states. Overall, machine learning is a suitable solution for the early identification of balance disorders in PD through the automatic analysis of kinematic data from dynamic posturography.","Sensors (Basel, Switzerland)",Sensors (Basel),Journal Article,Castelli Gattinara Di Zubiena Francesco,"Department of Mechanical and Aerospace Engineering, Sapienza University of Rome, 00184 Rome, Italy.",10.3389/fneur.2017.00406,Q1,2022,Cautious Optimism,haiku,High,no,"{""stance"": ""Cautious Optimism"", ""confidence"": ""High"", ""predictive_claim"": ""no""}"
35213359,2022,2022 Jan,Predicting pancreatic ductal adenocarcinoma using artificial intelligence analysis of pre-diagnostic computed tomography images.,"BACKGROUND: Early stage diagnosis of Pancreatic Ductal Adenocarcinoma (PDAC) is challenging due to the lack of specific diagnostic biomarkers. However, stratifying individuals at high risk of PDAC, followed by monitoring their health conditions on regular basis, has the potential to allow diagnosis at early stages. OBJECTIVE: To stratify high risk individuals for PDAC by identifying predictive features in pre-diagnostic abdominal Computed Tomography (CT) scans. METHODS: A set of CT features, potentially predictive of PDAC, was identified in the analysis of 4000 raw radiomic parameters extracted from pancreases in pre-diagnostic scans. The naïve Bayes classifier was then developed for automatic classification of CT scans of the pancreas with high risk for PDAC. A set of 108 retrospective CT scans (36 scans from each healthy control, pre-diagnostic, and diagnostic group) from 72 subjects was used for the study. Model development was performed on 66 multiphase CT scans, whereas external validation was performed on 42 venous-phase CT scans. RESULTS: The system achieved an average classification accuracy of 86% on the external dataset. CONCLUSIONS: Radiomic analysis of abdominal CT scans can unveil, quantify, and interpret micro-level changes in the pre-diagnostic pancreas and can efficiently assist in the stratification of high risk individuals for PDAC.",Cancer biomarkers : section A of Disease markers,Cancer Biomark,Journal Article,Qureshi Touseef Ahmad,"Biomedical Imaging Research Institute, Cedars-Sinai Medical Center, Los Angeles, CA, USA.",10.3233/CBM-210273,Q2,2022,Cautious Optimism,sonnet,Medium,no,"{""stance"": ""Cautious Optimism"", ""confidence"": ""Medium"", ""predictive_claim"": ""no""}"
35867605,2022,2022 Aug,A New Automated AI-Assisted System to Assess Cervical Disc Herniation.,"STUDY DESIGN: An algorithm was developed with MATLAB platform to automatically quantify the volume of cervical disc herniation (CDH) based on the sagittal magnetic resonance images. This automated program was used for CDH data set, and then compared with manual measurement results confirming its reliability. OBJECTIVE: The aim was to develop a new software for automated CDH volume measurement. SUMMARY OF BACKGROUND DATA: CDH compresses the spinal cord, regarding as the leading cause of cervical myelopathy. However, the CDH volume, of great value to clinical symptoms, can be only manually measured with no-excellent but acceptable interobserver reliability. This was due to the manual error of outlining CDH area and inclusion of structure posterior vertebra. No studies has proposed such an automated algorithm of CDH volume quantification which is standardised to quantify the accurate volume of CDH thus helping doctors easily evaluate CDH progressing. METHODS: The algorithm of CDH volume measurement was proposed. This program was then tested for 490 CDHs data set, from 185 patients with two repeated magnetic resonance imaging detections. Three individual observers manually measured the volumes of these CDHs, to justify the accuracy of this software. CDH volume was either in the classic way or the revised way excluding the influence of structure posterior vertebra. RESULTS: The automated software was successfully developed on MATLAB platform, with no difference found with manual measurements (average level) in CDH volume measurement. The change ratios in CDH volumes were profoundly consistent with manual observation, showing the error of 5.8% in median. The revised method elevated the absolute value of ratio by amplifying the percentage change. CONCLUSION: Our developed automated volumetry system was an standardized and accurate way, with selective removal module of structure posterior vertebra, replaceable for manual volume measurement of CDH, which was useful for spinal surgeons diagnosing and treating CDH disease.",Spine,Spine (Phila Pa 1976),Journal Article,Fu Su,"Department of Orthopaedics, The First Affiliated Hospital of Zhengzhou University, Zhengzhou, China.",10.1136/bmj.k186,Q1,2022,Cautious Optimism,haiku,High,no,"{""stance"": ""Cautious Optimism"", ""confidence"": ""High"", ""predictive_claim"": ""no""}"
35256896,2022,2022 Jan,Optimal Medical Image Size Reduction Model Creation Using Recurrent Neural Network and GenPSOWVQ.,"Medical diagnosis is always a time and a sensitive approach to proper medical treatment. Automation systems have been developed to improve these issues. In the process of automation, images are processed and sent to the remote brain for processing and decision making. It is noted that the image is written for compaction to reduce processing and computational costs. Images require large storage and transmission resources to perform their operations. A good strategy for pictures compression can help minimize these requirements. The question of compressing data on accuracy is always a challenge. Therefore, to optimize imaging, it is necessary to reduce inconsistencies in medical imaging. So this document introduces a new image compression scheme called the GenPSOWVQ method that uses a recurrent neural network with wavelet VQ. The codebook is built using a combination of fragments and genetic algorithms. The newly developed image compression model attains precise compression while maintaining image accuracy with lower computational costs when encoding clinical images. The proposed method was tested using real-time medical imaging using PSNR, MSE, SSIM, NMSE, SNR, and CR indicators. Experimental results show that the proposed GenPSOWVQ method yields higher PSNR SSIMM values for a given compression ratio than the existing methods. In addition, the proposed GenPSOWVQ method yields lower values of MSE, RMSE, and SNR for a given compression ratio than the existing methods.",Journal of healthcare engineering,J Healthc Eng,"Journal Article; Research Support, Non-U.S. Gov't",Sridhar Chethana,"Department of Computer Applications, Sivananda Sarma Memorial R.V. College, Bangalore, Karnataka, India.",10.1016/j.matpr.2021.07.262,Q2,2022,Neutral,haiku,High,no,"{""stance"": ""Neutral"", ""confidence"": ""High"", ""predictive_claim"": ""no""}"
35075684,2022,2022 Feb,A multiple testing framework for diagnostic accuracy studies with co-primary endpoints.,"Major advances have been made regarding the utilization of machine learning techniques for disease diagnosis and prognosis based on complex and high-dimensional data. Despite all justified enthusiasm, overoptimistic assessments of predictive performance are still common in this area. However, predictive models and medical devices based on such models should undergo a throughout evaluation before being implemented into clinical practice. In this work, we propose a multiple testing framework for (comparative) phase III diagnostic accuracy studies with sensitivity and specificity as co-primary endpoints. Our approach challenges the frequent recommendation to strictly separate model selection and evaluation, that is, to only assess a single diagnostic model in the evaluation study. We show that our parametric simultaneous test procedure asymptotically allows strong control of the family-wise error rate. A multiplicity correction is also available for point and interval estimates. Moreover, we demonstrate in an extensive simulation study that our multiple testing strategy on average leads to a better final diagnostic model and increased statistical power. To plan such studies, we propose a Bayesian approach to determine the optimal number of models to evaluate simultaneously. For this purpose, our algorithm optimizes the expected final model performance given previous (hold-out) data from the model development phase. We conclude that an assessment of multiple promising diagnostic models in the same evaluation study has several advantages when suitable adjustments for multiple comparisons are employed.",Statistics in medicine,Stat Med,"Journal Article; Research Support, Non-U.S. Gov't",Westphal Max,"Institute for Statistics, University of Bremen, Bremen, Germany.",10.1002/sim.9308,Q1,2022,Caution,haiku,High,no,"{""stance"": ""Caution"", ""confidence"": ""High"", ""predictive_claim"": ""no""}"
34984672,2022,2022 Mar,Common functional connectivity alterations in focal epilepsies identified by machine learning.,"OBJECTIVE: This study was undertaken to identify shared functional network characteristics among focal epilepsies of different etiologies, to distinguish epilepsy patients from controls, and to lateralize seizure focus using functional connectivity (FC) measures derived from resting state functional magnetic resonance imaging (MRI). METHODS: Data were taken from 103 adult and 65 pediatric focal epilepsy patients (with or without lesion on MRI) and 109 controls across four epilepsy centers. We used three whole-brain FC measures: parcelwise connectivity matrix, mean FC, and degree of FC. We trained support vector machine models with fivefold cross-validation (1) to distinguish patients from controls and (2) to lateralize the hemisphere of seizure onset in patients. We reported the regions and connections with the highest importance from each model as the common FC differences between the compared groups. RESULTS: FC measures related to the default mode and limbic networks had higher importance relative to other networks for distinguishing epilepsy patients from controls. In lateralization models, regions related to somatosensory, visual, default mode, and basal ganglia showed higher importance. The epilepsy versus control classification model trained using a 400-parcel connectivity matrix achieved a median testing accuracy of 75.6% (median area under the curve [AUC] = .83) in repeated independent testing. Lateralization accuracy using the 400-parcel connectivity matrix reached a median accuracy of 64.0% (median AUC = .69). SIGNIFICANCE: Machine learning models revealed common FC alterations in a heterogeneous group of patients with focal epilepsies. The distribution of the most altered regions supports the hypothesis that shared functional alteration exists beyond the seizure onset zone and its epileptic network. We showed that FC measures can distinguish patients from controls, and further lateralize focal epilepsies. Future studies are needed to confirm these findings by using larger numbers of epilepsy patients.",Epilepsia,Epilepsia,"Journal Article; Research Support, N.I.H., Extramural",Gholipour Taha,"Department of Neurology, George Washington University, Washington, District of Columbia, USA.",10.1212/wnl.0000000000004035,Q1,2022,Neutral,haiku,High,no,"{""stance"": ""Neutral"", ""confidence"": ""High"", ""predictive_claim"": ""no""}"
36568137,2022,2022 Jan,Use of Machine Learning Consensus Clustering to Identify Distinct Subtypes of Kidney Transplant Recipients With DGF and Associated Outcomes.,"Data and transplant community opinion on delayed graft function (DGF), and its impact on outcomes, remains varied. An unsupervised machine learning consensus clustering approach was applied to categorize the clinical phenotypes of kidney transplant (KT) recipients with DGF using OPTN/UNOS data. DGF was observed in 20.9% (n = 17,073) of KT and most kidneys had a KDPI score <85%. Four distinct clusters were identified. Cluster 1 recipients were young, high PRA re-transplants. Cluster 2 recipients were older diabetics and more likely to receive higher KDPI kidneys. Cluster 3 recipients were young, black, and non-diabetic; they received lower KDPI kidneys. Cluster 4 recipients were middle-aged, had diabetes or hypertension and received well-matched standard KDPI kidneys. By cluster, one-year patient survival was 95.7%, 92.5%, 97.2% and 94.3% (p < 0.001); one-year graft survival was 89.7%, 87.1%, 91.6%, and 88.7% (p < 0.001). There were no differences between clusters after accounting for death-censored graft loss (p = 0.08). Clinically meaningful differences in recipient characteristics were noted between clusters, however, after accounting for death and return to dialysis, there were no differences in death-censored graft loss. Greater emphasis on recipient comorbidities as contributors to DGF and outcomes may help improve utilization of DGF at-risk kidneys.",Transplant international : official journal of the European Society for Organ Transplantation,Transpl Int,Journal Article,Jadlowiec Caroline C,"Division of Transplant Surgery, Mayo Clinic, Phoenix, AZ, United States.",10.1111/ctr.14397,Q2,2022,Neutral,haiku,High,no,"{""stance"": ""Neutral"", ""confidence"": ""High"", ""predictive_claim"": ""no""}"
34661512,2022,2022 Jan,Effective prediction of heart disease using hybrid ensemble deep learning and tunicate swarm algorithm.,"Heart disease (HD) is the major reason for the rampant cause of death around the world. It is deemed as a crucial illness among the middle and old age people which tends to high mortality rates. Recently, Effects of HD is presenting a shocking rise in India. Prediction of HD is considered as the major concern as people are engaged with their day-to-day life and not bothering about their health issues due to the tight schedule of work. Various symptoms may occur for the people who got affected with HD and the recognition of the disease tends to be difficult. Based on the clinical dataset, Data mining techniques are employed for gathering the hidden information. In the present effort, a Hybrid TSA-EDL (Hybrid Tunicate Swarm Algorithm and Ensemble Deep Learning) is implemented for the exact determination of HD. The main tasks indulged for the HD prediction are Pre-processing, clustering and classification. The relevant, irrelevant and redundant features are grouped by DBSCAN (Density-based clustering with noise). At last, the classification process is performed by the hybrid classifier. The proposed work is implemented using the python platform. Two datasets have been included for the analysis as University of California Irvine (UCI) and Cardiovascular Disease (CVD). The different performance metrics used for the analysis are accuracy, recall, specificity, precision, probability of misclassification error, root mean square error, F-score, false positive rate and false negative rate. The obtained performances are differentiated with the outcomes of UCI Cleveland HD dataset and other previous algorithms. As a matter of fact, the performance of the proposed work is increased by attaining the accuracy (98.33%) in CVD and (97.5%) in UCI.Communicated by Ramaswamy H. Sarma.",Journal of biomolecular structure & dynamics,J Biomol Struct Dyn,Journal Article,Wankhede Jaishri,"Department of CSE, Saveetha School of Engineering SIMATS, Chennai, Tamil Nadu, India.",10.1080/07391102.2021.1987328,Q2,2022,Neutral,haiku,High,no,"{""stance"": ""Neutral"", ""confidence"": ""High"", ""predictive_claim"": ""no""}"
34647180,2022,2022 Mar,A deep learning-based automatic analysis of cardiovascular borders on chest radiographs of valvular heart disease: development/external validation.,"OBJECTIVES: Cardiovascular border (CB) analysis is the primary method for detecting and quantifying the severity of cardiovascular disease using posterior-anterior chest radiographs (CXRs). This study aimed to develop and validate a deep learning-based automatic CXR CB analysis algorithm (CB_auto) for diagnosing and quantitatively evaluating valvular heart disease (VHD). METHODS: We developed CB_auto using 816 normal and 798 VHD CXRs. For validation, 640 normal and 542 VHD CXRs from three different hospitals and 132 CXRs from a public dataset were assigned. The reliability of the CB parameters determined by CB_auto was evaluated. To evaluate the differences between parameters determined by CB_auto and manual CB drawing (CB_hand), the absolute percentage measurement error (APE) was calculated. Pearson correlation coefficients were calculated between CB_hand and echocardiographic measurements. RESULTS: CB parameters determined by CB_auto yielded excellent reliability (intraclass correlation coefficient > 0.98). The 95% limits of agreement for the cardiothoracic ratio were 0.00 ± 0.04% without systemic bias. The differences between parameters determined by CB_auto and CB_hand as defined by the APE were < 10% for all parameters except for carinal angle and left atrial appendage. In the public dataset, all CB parameters were successfully drawn in 124 of 132 CXRs (93.9%). All CB parameters were significantly greater in VHD than in normal controls (all p < 0.05). All CB parameters showed significant correlations (p < 0.05) with echocardiographic measurements. CONCLUSIONS: The CB_auto system empowered by deep learning algorithm provided highly reliable CB measurements that could be useful not only in daily clinical practice but also for research purposes. KEY POINTS: • A deep learning-based automatic CB analysis algorithm for diagnosing and quantitatively evaluating VHD using posterior-anterior chest radiographs was developed and validated. • Our algorithm (CB_auto) yielded comparable reliability to manual CB drawing (CB_hand) in terms of various CB measurement variables, as confirmed by external validation with datasets from three different hospitals and a public dataset. • All CB parameters were significantly different between VHD and normal control measurements, and echocardiographic measurements were significantly correlated with CB parameters measured from normal control and VHD CXRs.",European radiology,Eur Radiol,Journal Article,Kim Cherry,"Department of Radiology, Korea University Ansan Hospital, Ansan, Korea.",10.2214/AJR.18.20490,Q1,2022,Cautious Optimism,haiku,High,no,"{""stance"": ""Cautious Optimism"", ""confidence"": ""High"", ""predictive_claim"": ""no""}"
35931404,2022,2022 Oct,Accuracy of artificial intelligence-assisted detection of Oral Squamous Cell Carcinoma: A systematic review and meta-analysis.,"Oral Squamous Cell Carcinoma (OSCC) is an aggressive tumor with a poor prognosis. Accurate and timely diagnosis is therefore essential for reducing the burden of advanced disease and improving outcomes. In this meta-analysis, we evaluated the accuracy of artificial intelligence (AI)-assisted technologies in detecting OSCC. We included studies that validated any diagnostic modality that used AI to detect OSCC. A search was performed in six databases: PubMed, Embase, Scopus, Cochrane Library, ProQuest, and Web of Science up to 15 Mar 2022. The Quality Assessment Tool for Diagnostic Accuracy Studies was used to evaluate the included studies' quality, while the Split Component Synthesis method was utilized to quantitatively synthesize the pooled diagnostic efficacy estimates. We considered 16 out of the 566 yielded studies, which included twelve different AI models with a total of 6606 samples. The summary sensitivity, summary specificity, positive and negative likelihood ratios as well as the pooled diagnostic odds ratio were 92.0 % (95 % confidence interval [CI] 86.7-95.4 %), 91.9 % (95 % CI 86.5-95.3 %), 11.4 (95 % CI 6.74-19.2), 0.087 (95 % CI 0.051-0.146) and 132 (95 % CI 62.6-277), respectively. Our findings support the capability of AI-assisted systems to detect OSCC with high accuracy, potentially aiding the histopathological examination in early diagnosis, yet more prospective studies are needed to justify their use in the real population.",Critical reviews in oncology/hematology,Crit Rev Oncol Hematol,Journal Article; Meta-Analysis; Systematic Review,Elmakaty Ibrahim,"College of Medicine, QU Health, Qatar University, Doha, Qatar. Electronic address: ie1703006@qu.edu.qa.",10.1016/j.critrevonc.2022.103777,Q1,2022,Cautious Optimism,haiku,High,no,"{""stance"": ""Cautious Optimism"", ""confidence"": ""High"", ""predictive_claim"": ""no""}"
32833659,2022,2022 May,Automated Segmentation of the Clinical Target Volume in the Planning CT for Breast Cancer Using Deep Neural Networks.,"3-D radiotherapy is an effective treatment modality for breast cancer. In 3-D radiotherapy, delineation of the clinical target volume (CTV) is an essential step in the establishment of treatment plans. However, manual delineation is subjective and time consuming. In this study, we propose an automated segmentation model based on deep neural networks for the breast cancer CTV in planning computed tomography (CT). Our model is composed of three stages that work in a cascade manner, making it applicable to real-world scenarios. The first stage determines which slices contain CTVs, as not all CT slices include breast lesions. The second stage detects the region of the human body in an entire CT slice, eliminating boundary areas, which may have side effects for the segmentation of the CTV. The third stage delineates the CTV. To permit the network to focus on the breast mass in the slice, a novel dynamically strided convolution operation, which shows better performance than standard convolution, is proposed. To train and evaluate the model, a large dataset containing 455 cases and 50 425 CT slices is constructed. The proposed model achieves an average dice similarity coefficient (DSC) of 0.802 and 0.801 for right-0 and left-sided breast, respectively. Our method shows superior performance to that of previous state-of-the-art approaches.",IEEE transactions on cybernetics,IEEE Trans Cybern,Journal Article,Qi Xiaofeng,,10.1109/TCYB.2020.3012186,Q1,2022,Neutral,haiku,High,no,"{""stance"": ""Neutral"", ""confidence"": ""High"", ""predictive_claim"": ""no""}"
35048106,2022,2022 Mar,Non-invasive imaging as the cornerstone of cardiovascular precision medicine.,"AIMS: To provide an overview of the role of cardiovascular (CV) imaging in facilitating and advancing the field of precision medicine in CV disease. METHODS AND RESULTS: Non-invasive CV imaging is essential to accurately and efficiently phenotype patients with heart disease, including coronary artery disease (CAD) and heart failure (HF). Various modalities, such as echocardiography, nuclear cardiology, cardiac computed tomography (CT), cardiovascular magnetic resonance (CMR), and invasive coronary angiography, and in some cases a combination, can be required to provide sufficient information for diagnosis and management. Taking CAD as an example, imaging is essential for the detection and functional assessment of coronary stenoses, as well as for the quantification of cardiac function and ischaemic myocardial damage. Furthermore, imaging may detect and quantify coronary atherosclerosis, potentially identify plaques at increased risk of rupture, and guide coronary interventions. In patients with HF, imaging helps identify specific aetiologies, quantify damage, and assess its impact on cardiac function. Imaging plays a central role in individualizing diagnosis and management and to determine the optimal treatment for each patient to increase the likelihood of response and improve patient outcomes. CONCLUSIONS: Advances in all imaging techniques continue to improve accuracy, sensitivity, and standardization of functional and prognostic assessments, and identify established and novel therapeutic targets. Combining imaging with artificial intelligence, machine learning and computer algorithms, as well as with genomic, transcriptomic, proteomic, and metabolomic approaches, will become state of the art in the future to understand pathologies of CAD and HF, and in the development of new, targeted therapies.",European heart journal. Cardiovascular Imaging,Eur Heart J Cardiovasc Imaging,Journal Article; Review,Achenbach Stephan,"Department of Cardiology, Friedrich-Alexander-Universität Erlangen-Nürnberg (FAU), Universitätsklinikum Erlangen Medizinische Klinik 2-Kardiologie und Angiologie, Ulmenweg 18, 91054 Erlangen, Germany.",10.1093/ehjci/jeab287,Q1,2022,Cautious Optimism,sonnet,Medium,yes,"{""stance"": ""Cautious Optimism"", ""confidence"": ""Medium"", ""predictive_claim"": ""yes""}"
35258136,2022,2022 Aug,Artificial intelligence and atrial fibrillation.,"BACKGROUND: In the context of atrial fibrillation (AF), traditional clinical practices have thus fallen short in several domains, such as identifying patients at risk of incident AF or patients with concomitant undetected paroxysmal AF. Novel approaches leveraging artificial intelligence have the potential to provide new tools to deal with some of these old problems. AIMS: To discuss the roles of artificial intelligence (AI)-enabled electrocardiogram (ECG) pertaining to AF, potential roles of deep learning (DL) models in the context of current knowledge gaps, as well as limitations of these models. MATERIALS & METHODS: An extensive search and review of the currently available literature on the topics. RESULTS: One key area where DL models can translate to better patient outcomes is through automated ECG interpretation. Challenges with regards to the benefits and harms of AF screening remain. In this context, a unique model was developed to detect underlying hidden AF from sinus rhythm. DISCUSSION: Knowledge gaps remain regarding the best ways to monitor patients with embolic stroke of undetermined source (ESUS) and identifying those who would benefit most from oral anticoagulation. The AI-enabled AF model is one potential way to tackle this complex problem as it could be used to identify a subset of high-risk ESUS patients likely to benefit from empirical oral anticoagulation. The role of DL models assessing AF burden from long-duration ECG data is also discussed as a way of guiding management. There is a trend towards the use of consumer-grade wristbands and watches to detect AF from photoplethysmography data. However, ECG currently remains the gold standard to detect arrythmias including AF. Lastly, the role of adequate external validation of the models and clinical trials to study true performance is discussed. CONCLUSION: Algorithms using AI to interpret ECGs in various new ways have been developed. While still, much work needs to be done, these technologies have shown enormous potential in a short span of time. With further advancements and continuous research, these novel ways of interpretation may well become part of everyday clinical workflow.",Journal of cardiovascular electrophysiology,J Cardiovasc Electrophysiol,"Journal Article; Review; Research Support, N.I.H., Extramural; Research Support, Non-U.S. Gov't",Sehrawat Ojasav,"Department of Cardiovascular Medicine, Mayo Clinic, Rochester, Minnesota, USA.",10.1016/j.numecd.2019.07.015,Q1,2022,Cautious Optimism,haiku,High,yes,"{""stance"": ""Cautious Optimism"", ""confidence"": ""High"", ""predictive_claim"": ""yes""}"
35106513,2022,2022 Jan,Using machine learning to uncover heterogeneity of beta blocker response in heart failure.,"A recent study by Karwath et al.1 in The Lancet applied machine learning-based cluster analysis to pooled data from nine double-blind, randomized controlled trials of beta blockers, identifying subgroups of efficacy in patients with sinus rhythm and atrial fibrillation.",Cell reports. Medicine,Cell Rep Med,Journal Article; Comment,Tison Geoffrey H,"Department of Medicine, Division of Cardiology, Cardiovascular Research Institute, University of California, San Francisco, San Francisco, CA, USA.",10.1016/j.xcrm.2021.100504,Q1,2022,Neutral,haiku,High,no,"{""stance"": ""Neutral"", ""confidence"": ""High"", ""predictive_claim"": ""no""}"
35995107,2022,2022 Nov,PheValuator 2.0: Methodological improvements for the PheValuator approach to semi-automated phenotype algorithm evaluation.,"PURPOSE: Phenotype algorithms are central to performing analyses using observational data. These algorithms translate the clinical idea of a health condition into an executable set of rules allowing for queries of data elements from a database. PheValuator, a software package in the Observational Health Data Sciences and Informatics (OHDSI) tool stack, provides a method to assess the performance characteristics of these algorithms, namely, sensitivity, specificity, and positive and negative predictive value. It uses machine learning to develop predictive models for determining a probabilistic gold standard of subjects for assessment of cases and non-cases of health conditions. PheValuator was developed to complement or even replace the traditional approach of algorithm validation, i.e., by expert assessment of subject records through chart review. Results in our first PheValuator paper suggest a systematic underestimation of the PPV compared to previous results using chart review. In this paper we evaluate modifications made to the method designed to improve its performance. METHODS: The major changes to PheValuator included allowing all diagnostic conditions, clinical observations, drug prescriptions, and laboratory measurements to be included as predictors within the modeling process whereas in the prior version there were significant restrictions on the included predictors. We also have allowed for the inclusion of the temporal relationships of the predictors in the model. To evaluate the performance of the new method, we compared the results from the new and original methods against results found from the literature using traditional validation of algorithms for 19 phenotypes. We performed these tests using data from five commercial databases. RESULTS: In the assessment aggregating all phenotype algorithms, the median difference between the PheValuator estimate and the gold standard estimate for PPV was reduced from -21 (IQR -34, -3) in Version 1.0 to 4 (IQR -3, 15) using Version 2.0. We found a median difference in specificity of 3 (IQR 1, 4.25) for Version 1.0 and 3 (IQR 1, 4) for Version 2.0. The median difference between the two versions of PheValuator and the gold standard for estimates of sensitivity was reduced from -39 (-51, -20) to -16 (-34, -6). CONCLUSION: PheValuator 2.0 produces estimates for the performance characteristics for phenotype algorithms that are significantly closer to estimates from traditional validation through chart review compared to version 1.0. With this tool in researcher's toolkits, methods, such as quantitative bias analysis, may now be used to improve the reliability and reproducibility of research studies using observational data.",Journal of biomedical informatics,J Biomed Inform,Journal Article,Swerdel Joel N,"Janssen Research and Development, Titusville, NJ, USA; Observational Health Data Sciences and Informatics (OHDSI), New York, NY. Electronic address: jswerdel@its.jns.com.",10.1016/j.jbi.2022.104177,Q2,2022,Neutral,haiku,High,no,"{""stance"": ""Neutral"", ""confidence"": ""High"", ""predictive_claim"": ""no""}"
35260677,2022,2022 Mar,MicroRNome analysis generates a blood-based signature for endometriosis.,"Endometriosis, characterized by endometrial-like tissue outside the uterus, is thought to affect 2-10% of women of reproductive age: representing about 190 million women worldwide. Numerous studies have evaluated the diagnostic value of blood biomarkers but with disappointing results. Thus, the gold standard for diagnosing endometriosis remains laparoscopy. We performed a prospective trial, the ENDO-miRNA study, using both Artificial Intelligence (AI) and Machine Learning (ML), to analyze the current human miRNome to differentiate between patients with and without endometriosis, and to develop a blood-based microRNA (miRNA) diagnostic signature for endometriosis. Here, we present the first blood-based diagnostic signature obtained from a combination of two robust and disruptive technologies merging the intrinsic quality of miRNAs to condense the endometriosis phenotype (and its heterogeneity) with the modeling power of AI. The most accurate signature provides a sensitivity, specificity, and Area Under the Curve (AUC) of 96.8%, 100%, and 98.4%, respectively, and is sufficiently robust and reproducible to replace the gold standard of diagnostic surgery. Such a diagnostic approach for this debilitating disorder could impact recommendations from national and international learned societies.",Scientific reports,Sci Rep,"Clinical Trial; Journal Article; Research Support, Non-U.S. Gov't",Bendifallah Sofiane,"Department of Obstetrics and Reproductive Medicine, Hôpital Tenon, 4 rue de la Chine, 75020, Paris, France. sofiane.bendifallah@aphp.fr.",10.1159/000515661,Q1,2022,Advocacy,haiku,High,yes,"{""stance"": ""Advocacy"", ""confidence"": ""High"", ""predictive_claim"": ""yes""}"
35598551,2022,2022 Jun,Survey of sarcoma surgery principles among orthopaedic oncologists.,"BACKGROUND: Surgical principles and techniques used during primary sarcoma excision focus on acquiring negative margins, reducing the risk of local recurrence, and minimizing contamination. These principles and techniques within orthopaedic oncology are not well documented in the literature. No standardized surgical hand-off or approach to education across disciplines on orthopaedic oncology principles and techniques has been published. Currently, education on intraoperative approaches is passed down by oral tradition. OBJECTIVES: Our objective was to survey members of the Musculoskeletal Tumor Society (MSTS) to identify their core principles and practices in orthopaedic oncology. We aimed to 1) provide descriptive analyses of surgeon technique patterns; 2) determine correlations between individual practice patterns; and 3) identify distinct clusters of surgeons on the basis of common practice tendencies. METHODS: A web-based, 16-question survey regarding orthopaedic oncology intraoperative principles and techniques was distributed online to all 349 members of the MSTS in 2021. There were 137 (39%) unique respondents, all of whom completed the entire survey. The 16 survey questions were grouped into 4 key aspects of sarcoma excision: pre-incision, exposure of the mass, delivery of the mass, and closure. The questions inquired about respondent preference on draping, back table setup, instrument use, and intraoperative decision making. These questions were selected on the basis of existing reports, as well as the senior author's experience. We analyzed the responses using 3 methods: 1) descriptive statistics, 2) correlations between question responses, and 3) clustering analysis. We used an artificial intelligence-based clustering algorithm to cluster respondents according to their practice patterns. The results of our correlation analyses are reported as Spearman's rho (ρ) correlation coefficients. RESULTS: Most respondents (mean, 71%; standard deviation, 22%) reported using the described surgical techniques ""most of the time"" or ""in all cases."" A strong positive correlation was found between respondents who answered ""yes"" to both of the following questions: ""Do you change your surgical gloves after passing off the tumor specimen?"" and ""Does your entire surgical team change their gloves after passing off the tumor specimen?"" (ρ = 0.88). A moderate positive correlation was found between those who answered ""yes"" to both of the following questions: ""Do you change your surgical gloves after passing off the tumor specimen (i.e., prior to closure)?"" and ""Do you use new and/or unused surgical instruments for the final closure?"" (ρ = 0.60). The cluster analysis identified 3 distinct clusters of respondents. The conservative technique cluster (N = 42) was more likely to answer ""yes"" to 9 of the 10 questions regarding incision management, consultant team communication, gloving, and instrument use, whereas the permissive technique cluster (N = 41) was more likely to answer ""no"" to questions regarding gloving, draping, and instrument use. CONCLUSIONS: Our findings indicate that most respondents perform the surveyed techniques, and there is homogeneity in the practice patterns of members of the MSTS; however, we identified distinct clusters of respondents who were significantly more likely to perform certain techniques. These results support establishing a standardized set of intraoperative techniques and formal surgical education regarding intraoperative principles and techniques in orthopaedic oncology.",Surgical oncology,Surg Oncol,Journal Article,LiBrizzi Christa L,"Department of Orthopaedic Surgery, The Johns Hopkins University School of Medicine, 601 North Caroline Street, Baltimore, MD, 21287, USA.",10.1016/j.suronc.2022.101782,Q2,2022,Neutral,haiku,High,no,"{""stance"": ""Neutral"", ""confidence"": ""High"", ""predictive_claim"": ""no""}"
36040195,2022,2022 Oct,"A smart, practical, deep learning-based clinical decision support tool for patients in the prostate-specific antigen gray zone: model development and validation.","OBJECTIVE: Despite efforts to improve screening and early detection of prostate cancer (PC), no available biomarker has shown acceptable performance in patients with prostate-specific antigen (PSA) gray zones. We aimed to develop a deep learning-based prediction model with minimized parameters and missing value handling algorithms for PC and clinically significant PC (CSPC). MATERIALS AND METHODS: We retrospectively analyzed data from 18 824 prostate biopsies collected between March 2003 and December 2020 from 2 databases, resulting in 12 739 cases in the PSA gray zone of 2.0-10.0 ng/mL. Dense neural network (DNN) and extreme gradient boosting (XGBoost) models for PC and CSPC were developed with 5-fold cross-validation. The area under the curve of the receiver operating characteristic (AUROC) was compared with that of serum PSA, PSA density, free PSA (fPSA) portion, and prostate health index (PHI). RESULTS: The AUROC values in the DNN model with the imputation of missing values were 0.739 and 0.708 (PC) and 0.769 and 0.742 (CSPC) in internal and external validation, whereas those of the non-imputed dataset were 0.740 and 0.771 (PC) and 0.807 and 0.771 (CSPC), respectively. The performance of the DNN model was like that of the XGBoost model, but better than all tested clinical biomarkers for both PC and CSPC. The developed DNN model outperformed PHI, serum PSA, and percent-fPSA with or without missing value imputation. DISCUSSION: DNN models for missing value imputation can be used to predict PC and CSPC. Further validation in real-life scenarios are need to recommend for actual implementation, but the results from our study support the increasing role of deep learning analytics in the clinical setting. CONCLUSIONS: A deep learning model for PC and CSPC in PSA gray zones using minimal, routinely used clinical parameter variables and data imputation of missing values was successfully developed and validated.",Journal of the American Medical Informatics Association : JAMIA,J Am Med Inform Assoc,"Journal Article; Research Support, Non-U.S. Gov't",Song Sang Hun,"Department of Urology, Seoul National University Bundang Hospital, Seongnam, South Korea.",10.1093/jamia/ocac141,Q1,2022,Cautious Optimism,haiku,High,no,"{""stance"": ""Cautious Optimism"", ""confidence"": ""High"", ""predictive_claim"": ""no""}"
35907803,2022,2022 Jul,"An integrative transcriptome analysis reveals potential predictive, prognostic biomarkers and therapeutic targets in colorectal cancer.","BACKGROUND: A deep understanding of potential molecular biomarkers and therapeutic targets related to the progression of colorectal cancer (CRC) from early stages to metastasis remain mostly undone. Moreover, the regulation and crosstalk among different cancer-driving molecules including messenger RNAs (mRNAs), long non-coding RNAs (lncRNAs) and micro-RNAs (miRNAs) in the transition from stage I to stage IV remain to be clarified, which is the aim of this study. METHODS: We carried out two separate differential expression analyses for two different sets of samples (stage-specific samples and tumor/normal samples). Then, by the means of robust dataset analysis we identified distinct lists of differently expressed genes (DEGs) for Robust Rank Aggregation (RRA) and weighted gene co-expression network analysis (WGCNA). Then, comprehensive computational systems biology analyses including mRNA-miRNA-lncRNA regulatory network, survival analysis and machine learning algorithms were also employed to achieve the aim of this study. Finally, we used clinical samples to carry out validation of a potential and novel target in CRC. RESULTS: We have identified the most significant stage-specific DEGs by combining distinct results from RRA and WGCNA. After finding stage-specific DEGs, a total number of 37 DEGs were identified to be conserved across all stages of CRC (conserved DEGs). We also found DE-miRNAs and DE-lncRNAs highly associated to these conserved DEGs. Our systems biology approach led to the identification of several potential therapeutic targets, predictive and prognostic biomarkers, of which lncRNA LINC00974 shown as an important and novel biomarker. CONCLUSIONS: Findings of the present study provide new insight into CRC pathogenesis across all stages, and suggests future assessment of the functional role of lncRNA LINC00974 in the development of CRC.",BMC cancer,BMC Cancer,Journal Article,Samadi Pouria,"Research Center for Molecular Medicine, Hamadan University of Medical Sciences, Hamadan, Iran.",10.1038/cddis.2014.518,Q1,2022,Neutral,haiku,High,no,"{""stance"": ""Neutral"", ""confidence"": ""High"", ""predictive_claim"": ""no""}"
35662443,2022,2022 Jun,The Future of Thyroid Nodule Risk Stratification.,"Clinical evidence supports the association of ultrasound features with benign or malignant thyroid nodules and serves as the basis for sonographic stratification of thyroid nodules, according to an estimated thyroid cancer risk. Contemporary guidelines recommend management strategies according to thyroid cancer risk, thyroid nodule size, and the clinical scenario. Yet, reproducible and accurate thyroid nodule risk stratification requires expertise, time, and understanding of the weight different ultrasound features have on thyroid cancer risk. The application of artificial intelligence to overcome these limitations is promising and has the potential to improve the care of patients with thyroid nodules.",Endocrinology and metabolism clinics of North America,Endocrinol Metab Clin North Am,Journal Article; Review,Burgos Nydia,"Division of Endocrinology, Diabetes and Metabolism, Department of Medicine, University of Puerto Rico, Medical Sciences Campus, Paseo Dr. Jose Celso Barbosa, San Juan 00921, Puerto Rico.",10.1186/s12911-020-01332-6,Q1,2022,Cautious Optimism,haiku,High,no,"{""stance"": ""Cautious Optimism"", ""confidence"": ""High"", ""predictive_claim"": ""no""}"
36685496,2022,2022 Jan,Advances in artificial intelligence to predict cancer immunotherapy efficacy.,"Tumor immunotherapy, particularly the use of immune checkpoint inhibitors, has yielded impressive clinical benefits. Therefore, it is critical to accurately screen individuals for immunotherapy sensitivity and forecast its efficacy. With the application of artificial intelligence (AI) in the medical field in recent years, an increasing number of studies have indicated that the efficacy of immunotherapy can be better anticipated with the help of AI technology to reach precision medicine. This article focuses on the current prediction models based on information from histopathological slides, imaging-omics, genomics, and proteomics, and reviews their research progress and applications. Furthermore, we also discuss the existing challenges encountered by AI in the field of immunotherapy, as well as the future directions that need to be improved, to provide a point of reference for the early implementation of AI-assisted diagnosis and treatment systems in the future.",Frontiers in immunology,Front Immunol,"Journal Article; Review; Research Support, Non-U.S. Gov't",Xie Jindong,"Sun Yat-sen University Cancer Center, State Key Laboratory of Oncology in South China, Collaborative Innovation Center for Cancer Medicine, Guangzhou, China.",10.1098/rsta.2018.0085,Q1,2022,Cautious Optimism,haiku,High,yes,"{""stance"": ""Cautious Optimism"", ""confidence"": ""High"", ""predictive_claim"": ""yes""}"
35497880,2022,2022 Jan,Revealing Potential Diagnostic Gene Biomarkers Associated with Immune Infiltration in Patients with Renal Fibrosis Based on Machine Learning Analysis.,"Chronic kidney disease is characterized by the development of renal fibrosis. The basic mechanisms of renal fibrosis have not yet been fully investigated despite significant progress in understanding the etiology of the disease. In this work, the researchers sought to identify potential diagnostic indicators for renal fibrosis. From the GEO database, we were able to acquire two gene expression profiles with publically available data (GSE22459 and GSE76882, respectively) from human renal fibrosis and control samples. 215 renal fibrosis specimens and 124 normal specimens were examined for differentially expressed genes (DEGs). The SVM-RFE and LASSO regression models were used to discover potential markers. CIBERSORT was applied to estimate the combined cohorts' immune cell fraction compositional trends in renal fibrosis. RT-PCR was used to examine the expression of ISG20 in renal fibrosis and healthy samples. In vitro experiments were applied to examine the function of ISG20 knockdown on the progression of renal fibrosis. In this study, we identified 24 DEGs. The result of LASSO and SVM-RFE identified nine critical genes. ROC assays confirmed the diagnostic value of the above nine genes for renal fibrosis. Immune cell infiltration analysis revealed that ISG20 and SERPINA3 were both found to be correlated with T cell follicular helper, neutrophils, T cell CD4 memory activated, eosinophils, T cell CD8, dendritic cell activated, B cell memory, monocytes, macrophage M2, plasma cells, T cell CD4 naïve, mast cell resting, B cell naïve, T cell regulatory, and NK cell activated. Finally, we observed that the expression of ISG20 and SERPINA3 was distinctly increased in renal fibrosis samples compared with normal samples. ISG20 siRNA significantly suppressed the progression of renal fibrosis in vitro. Overall, this study identified nine diagnostic biomarkers for renal fibrosis. ISG20 may be a novel therapeutic target of renal fibrosis.",Journal of immunology research,J Immunol Res,Journal Article,Sun Yu-Chao,"Department of Clinical Medicine Research Center, The Fourth Affiliated Hospital, International Institutes of Medicine, Zhejiang University School of Medicine, Yiwu 322000, China.",10.1681/ASN.2016050573,Q1,2022,FAILED,haiku,Low,no,ERROR: Invalid stance: neutral
33124449,2022,2022 Mar,"Five-Year Cost-Effectiveness Modeling of Primary Care-Based, Nonmydriatic Automated Retinal Image Analysis Screening Among Low-Income Patients With Diabetes.","BACKGROUND: Artificial intelligence-based technology systems offer an alternative solution for diabetic retinopathy (DR) screening compared with standard, in-office dilated eye examinations. We performed a cost-effectiveness analysis of Automated Retinal Image Analysis System (ARIAS)-based DR screening in a primary care medicine clinic that serves a low-income patient population. METHODS: A model-based, cost-effectiveness analysis of two DR screening systems was created utilizing data from a recent study comparing adherence rates to follow-up eye care among adults ages 18 or older with a clinical diagnosis of diabetes. In the study, the patients were prescreened with an ARIAS-based, nonmydriatic (undilated), point-of-care tool in the primary care setting and were compared with patients with diabetes who were referred for dilated retinal screening without prescreening, as is the current standard of care. Using a Markov model with microsimulation resulting in a total of 600 000 simulated patient experiences, we calculated the incremental cost-utility ratio (ICUR) of the two screening approaches, with regard to five-year cost-effectiveness of DR screening and treatment of vision-threatening DR. RESULTS: At five years, ARIAS-based screening showed similar utility as the standard of care screening systems. However, ARIAS reduced costs by 23.3%, with an ICUR of $258 721.81 comparing the current practice to ARIAS. CONCLUSIONS: Primary care-based ARIAS DR screening is cost-effective when compared with standard of care screening methods.",Journal of diabetes science and technology,J Diabetes Sci Technol,"Journal Article; Research Support, Non-U.S. Gov't",Fuller Spencer D,"John F. Hardesty Department of Ophthalmology and Visual Sciences, Washington University School of Medicine, Saint Louis, MO, USA.",10.1016/j.oret.2020.06.016,Q1,2022,Cautious Optimism,haiku,High,no,"{""stance"": ""Cautious Optimism"", ""confidence"": ""High"", ""predictive_claim"": ""no""}"
35618099,2022,2022 Aug,Uncertainty-guided man-machine integrated patient-specific quality assurance.,"PURPOSE: Providing the confidence level (Uncertainty) of prediction results and guiding patient-specific quality assurance (pQA) can enhance the safety of AI (Artificial intelligence)-based automatic pQA models. However, even state-of-the-art automatic pQA models can only predict the gamma passing rate (GPR) and cannot quantify the prediction uncertainty, limiting the safe clinical translation of these models. This study aims to develop an uncertainty-guided man-machine integrated pQA (UgMi-pQA) method to address this issue. METHODS: An uncertainty-aware dual-task deep learning (UDDL) model, combined with an interwoven training method and Monte Carlo dropout approximation Bayesian inference, to enable simultaneous output of the predicted GPR and corresponding total prediction uncertainty to guide pQA. 1541 pairs of field fluences and GPRs collected from 165 glioma, 50 lung (conventional fractionation), and 20 liver cases were separated for the UDDL model training, validation, calibration, and test in a ratio of 7:1:1:1, respectively. Furthermore, 413 pairs of fluences and GPRs collected from 12 breast, 10 cervix, 9 esophagus, 8 tongue, and 12 lung SBRT cases were gathered for the out-of-distribution (OOD) detection. RESULTS: Clinical accuracy of 100.0% was reached with only 61.7% of the workload. Samples with substantial prediction errors and failed samples with low label GPR (<95%) could be successfully screened out. The capability ranges of two different models were both successfully identified with the prediction uncertainty significantly larger for OOD samples than for in-distribution samples (p < 0.01). CONCLUSION: This study presents the first work on uncertainty quantification for deep learning automatic pQA tasks. The UgMi-pQA method can balance the efficiency and safety of the automatic pQA models and promote their clinical application.",Radiotherapy and oncology : journal of the European Society for Therapeutic Radiology and Oncology,Radiother Oncol,"Journal Article; Research Support, Non-U.S. Gov't",Yang Xiaoyu,"School of Automation, Central South University, Changsha, Peoples' Republic of China; Oncology Department of Xiangya Hospital, Central South University, Changsha, Peoples' Republic of China.",10.1016/j.radonc.2022.05.016,Q1,2022,Cautious Optimism,haiku,High,no,"{""stance"": ""Cautious Optimism"", ""confidence"": ""High"", ""predictive_claim"": ""no""}"
36176468,2022,2022 Jan,Deep learning for screening primary osteopenia and osteoporosis using spine radiographs and patient clinical covariates in a Chinese population.,"PURPOSE: Many high-risk osteopenia and osteoporosis patients remain undiagnosed. We proposed to construct a convolutional neural network model for screening primary osteopenia and osteoporosis based on the lumbar radiographs, and to compare the diagnostic performance of the CNN model adding the clinical covariates with the image model alone. METHODS: A total of 6,908 participants were collected for analysis, including postmenopausal women and men aged 50-95 years, who performed conventional lumbar x-ray examinations and dual-energy x-ray absorptiometry (DXA) examinations within 3 months. All participants were divided into a training set, a validation set, test set 1, and test set 2 at a ratio of 8:1:1:1. The bone mineral density (BMD) values derived from DXA were applied as the reference standard. A three-class CNN model was developed to classify the patients into normal BMD, osteopenia, and osteoporosis. Moreover, we developed the models integrating the images with clinical covariates (age, gender, and BMI), and explored whether adding clinical data improves diagnostic performance over the image mode alone. The receiver operating characteristic curve analysis was performed for assessing the model performance. RESULTS: As for classifying osteoporosis, the model based on the anteroposterior+lateral channel performed best, with the area under the curve (AUC) range from 0.909 to 0.937 in three test cohorts. The models with images alone achieved moderate sensitivity in classifying osteopenia, in which the highest AUC achieved 0.785. The performance of models integrating images with clinical data shows a slight improvement over models with anteroposterior or lateral images input alone for diagnosing osteoporosis, in which the AUC increased about 2%-4%. Regarding categorizing osteopenia and the normal BMD, the proposed models integrating images with clinical data also outperformed the models with images solely. CONCLUSION: The deep learning-based approach could screen osteoporosis and osteopenia based on lumbar radiographs.",Frontiers in endocrinology,Front Endocrinol (Lausanne),"Journal Article; Research Support, Non-U.S. Gov't",Mao Liting,"Department of Radiology, The Second Affiliated Hospital of Guangzhou University of Chinese Medicine, Guangzhou, China.",10.1001/jama.2018.7498,Q1,2022,Neutral,haiku,High,no,"{""stance"": ""Neutral"", ""confidence"": ""High"", ""predictive_claim"": ""no""}"
36306578,2022,2022 Dec,Explainable diabetes classification using hybrid Bayesian-optimized TabNet architecture.,"Diabetes is a deadly chronic disease that occurs when the pancreas is not able to produce ample insulin or when the body cannot use insulin effectively. If undetected, it may lead to a host of health complications. Hence, accurate and explainable early-stage detection of diabetes is essential for the proper administration of treatment options in leading a healthy and productive life. For this, we developed an interpretable TabNet model tuned via Bayesian optimization (BO). To achieve model-specific interpretability, the attention mechanism of TabNet architecture was used, which offered the local and global model explanations on the influence of the attributes on the outcomes. The model was further explained locally and globally using more robust model-agnostic LIME and SHAP eXplainable Artificial Intelligence (XAI) tools. The proposed model outperformed all benchmarked models by obtaining high accuracy of 92.2% and 99.4% using the Pima Indians diabetes dataset (PIDD) and the early-stage diabetes risk prediction dataset (ESDRPD), respectively. Based on the XAI results, it was clear that the most influential attribute for diabetes classification using PIDD and ESDRPD were Insulin and Polyuria, respectively. The feature importance values registered for insulin was 0.301 (PIDD) and for polyuria 0.206 was registered (ESDRPD). The high accuracy and ancillary interpretability of our objective model is expected to increase end-users trust and confidence in early-stage detection of diabetes.",Computers in biology and medicine,Comput Biol Med,Journal Article,Joseph Lionel P,"School of Mathematics, Physics, and Computing, University of Southern Queensland, Springfield, QLD, 4300, Australia.",10.1016/j.compbiomed.2022.106178,Q1,2022,Cautious Optimism,sonnet,Medium,no,"{""stance"": ""Cautious Optimism"", ""confidence"": ""Medium"", ""predictive_claim"": ""no""}"
36010231,2022,2022 Aug,COVID-19 Diagnosis and Classification Using Radiological Imaging and Deep Learning Techniques: A Comparative Study.,"In December 2019, the novel coronavirus disease 2019 (COVID-19) appeared. Being highly contagious and with no effective treatment available, the only solution was to detect and isolate infected patients to further break the chain of infection. The shortage of test kits and other drawbacks of lab tests motivated researchers to build an automated diagnosis system using chest X-rays and CT scanning. The reviewed works in this study use AI coupled with the radiological image processing of raw chest X-rays and CT images to train various CNN models. They use transfer learning and numerous types of binary and multi-class classifications. The models are trained and validated on several datasets, the attributes of which are also discussed. The obtained results of various algorithms are later compared using performance metrics such as accuracy, F1 score, and AUC. Major challenges faced in this research domain are the limited availability of COVID image data and the high accuracy of the prediction of the severity of patients using deep learning compared to well-known methods of COVID-19 detection such as PCR tests. These automated detection systems using CXR technology are reliable enough to help radiologists in the initial screening and in the immediate diagnosis of infected individuals. They are preferred because of their low cost, availability, and fast results.","Diagnostics (Basel, Switzerland)",Diagnostics (Basel),Journal Article; Review,Laddha Saloni,"Computer Science and Engineering Department, National Institute of Technology Hamirpur, Hamirpur 177005, Himachal Pradesh, India.",10.1109/iacs.2019.8809127,Q2,2022,Cautious Optimism,haiku,High,no,"{""stance"": ""Cautious Optimism"", ""confidence"": ""High"", ""predictive_claim"": ""no""}"
34555850,2022,2022 Apr,Machine learning-based scoring models to predict hematopoietic stem cell mobilization in allogeneic donors.,"Mobilized peripheral blood has become the primary source of hematopoietic stem cells for both autologous and allogeneic stem cell transplantation. Granulocyte colony-stimulating factor (G-CSF) is currently the standard agent used in the allogeneic setting. Despite the high mobilization efficacy in most donors, G-CSF requires 4-5 days of daily administration, and a small percentage of the donors fail to mobilize an optimal number of stem cells necessary for a safe allogeneic stem cell transplant. In this study, we retrospectively reviewed 1361 related allogeneic donors who underwent stem cell mobilization at Washington University. We compared the standard mobilization agent G-CSF with five alternative mobilization regimens, including GM-CSF, G-CSF+GM-CSF, GM-CSF + Plerixafor, Plerixafor and BL-8040. Cytokine-based mobilization strategies (G-CSF or in combination with GM-CSF) induce higher CD34 cell yield after 4-5 consecutive days of treatment, while CXCR4 antagonists (plerixafor and BL-8040) induce significantly less but rapid mobilization on the same day. Next, using a large dataset containing the demographic and baseline laboratory data from G-CSF-mobilized donors, we established machine learning (ML)-based scoring models that can be used to predict patients who may have less than optimal stem cell yields after a single leukapheresis session. To our knowledge, this is the first prediction model at the early donor screening stage, which may help identify allogeneic stem cell donors who may benefit from alternative approaches to enhance stem cell yields, thus ensuring safe and effective stem cell transplantation.",Blood advances,Blood Adv,"Journal Article; Research Support, N.I.H., Extramural",Xiang Jingyu,"Division of Oncology, Department of Medicine.",10.1182/bloodadvances.2021005149,Q1,2022,Cautious Optimism,haiku,High,no,"{""stance"": ""Cautious Optimism"", ""confidence"": ""High"", ""predictive_claim"": ""no""}"
36316665,2022,2022 Oct,Value assessment of artificial intelligence in medical imaging: a scoping review.,"BACKGROUND: Artificial intelligence (AI) is seen as one of the major disrupting forces in the future healthcare system. However, the assessment of the value of these new technologies is still unclear, and no agreed international health technology assessment-based guideline exists. This study provides an overview of the available literature in the value assessment of AI in the field of medical imaging. METHODS: We performed a systematic scoping review of published studies between January 2016 and September 2020 using 10 databases (Medline, Scopus, ProQuest, Google Scholar, and six related databases of grey literature). Information about the context (country, clinical area, and type of study) and mentioned domains with specific outcomes and items were extracted. An existing domain classification, from a European assessment framework, was used as a point of departure, and extracted data were grouped into domains and content analysis of data was performed covering predetermined themes. RESULTS: Seventy-nine studies were included out of 5890 identified articles. An additional seven studies were identified by searching reference lists, and the analysis was performed on 86 included studies. Eleven domains were identified: (1) health problem and current use of technology, (2) technology aspects, (3) safety assessment, (4) clinical effectiveness, (5) economics, (6) ethical analysis, (7) organisational aspects, (8) patients and social aspects, (9) legal aspects, (10) development of AI algorithm, performance metrics and validation, and (11) other aspects. The frequency of mentioning a domain varied from 20 to 78% within the included papers. Only 15/86 studies were actual assessments of AI technologies. The majority of data were statements from reviews or papers voicing future needs or challenges of AI research, i.e. not actual outcomes of evaluations. CONCLUSIONS: This review regarding value assessment of AI in medical imaging yielded 86 studies including 11 identified domains. The domain classification based on European assessment framework proved useful and current analysis added one new domain. Included studies had a broad range of essential domains about addressing AI technologies highlighting the importance of domains related to legal and ethical aspects.",BMC medical imaging,BMC Med Imaging,"Journal Article; Research Support, Non-U.S. Gov't; Scoping Review",Fasterholdt Iben,"CIMT - Centre for Innovative Medical Technology, Odense University Hospital, Sdr. Boulevard 29, Entrance 102, 4rd Floor, 5000, Odense C, Denmark. if@rsyd.dk.",10.1007/s00330-020-07684-x,Q2,2022,Neutral,haiku,High,no,"{""stance"": ""Neutral"", ""confidence"": ""High"", ""predictive_claim"": ""no""}"
35931343,2022,2022 Oct,"TPMT and NUDT15 Genotyping Recommendations: A Joint Consensus Recommendation of the Association for Molecular Pathology, Clinical Pharmacogenetics Implementation Consortium, College of American Pathologists, Dutch Pharmacogenetics Working Group of the Royal Dutch Pharmacists Association, European Society for Pharmacogenomics and Personalized Therapy, and Pharmacogenomics Knowledgebase.","The goals of the Association for Molecular Pathology Clinical Practice Committee's Pharmacogenomics (PGx) Working Group are to define the key attributes of pharmacogenetic alleles recommended for clinical testing and a minimum set of variants that should be included in clinical PGx genotyping assays. This article provides recommendations for a minimum panel of variant alleles (Tier 1) and an extended panel of variant alleles (Tier 2) that will aid clinical laboratories when designing assays for PGx testing. The Association for Molecular Pathology PGx Working Group considered the functional impact of the variant alleles, allele frequencies in multiethnic populations, the availability of reference materials, as well as other technical considerations for PGx testing when developing these recommendations. The ultimate goal of this Working Group is to promote standardization of PGx gene/allele testing across clinical laboratories. This article focuses on clinical TPMT and NUDT15 PGx testing, which may be applied to all thiopurine S-methyltransferase (TPMT) and nudix hydrolase 15 (NUDT15)-related medications. These recommendations are not to be interpreted as prescriptive, but to provide a reference guide.",The Journal of molecular diagnostics : JMD,J Mol Diagn,"Journal Article; Review; Research Support, N.I.H., Extramural; Research Support, Non-U.S. Gov't; Consensus Statement",Pratt Victoria M,"The Pharmacogenomics (PGx) Working Group of the Clinical Practice Committee, Association for Molecular Pathology (AMP), Rockville, Maryland; Department of Medical and Molecular Genetics, Indiana University School of Medicine, Indianapolis, Indiana. Electronic address: victoria.pratt@optum.com.",10.1016/j.jmoldx.2022.06.007,Q1,2022,Neutral,haiku,High,no,"{""stance"": ""Neutral"", ""confidence"": ""High"", ""predictive_claim"": ""no""}"
35989400,2022,2022 Aug,The potential of predictive and prognostic breast MRI (P2-bMRI).,"Magnetic resonance imaging (MRI) is an important part of breast cancer diagnosis and multimodal workup. It provides unsurpassed soft tissue contrast to analyse the underlying pathophysiology, and it is adopted for a variety of clinical indications. Predictive and prognostic breast MRI (P2-bMRI) is an emerging application next to these indications. The general objective of P2-bMRI is to provide predictive and/or prognostic biomarkers in order to support personalisation of breast cancer treatment. We believe P2-bMRI has a great clinical potential, thanks to the in vivo examination of the whole tumour and of the surrounding tissue, establishing a link between pathophysiology and response to therapy (prediction) as well as patient outcome (prognostication). The tools used for P2-bMRI cover a wide spectrum: standard and advanced multiparametric pulse sequences; structured reporting criteria (for instance BI-RADS descriptors); artificial intelligence methods, including machine learning (with emphasis on radiomics data analysis); and deep learning that have shown compelling potential for this purpose. P2-bMRI reuses the imaging data of examinations performed in the current practice. Accordingly, P2-bMRI could optimise clinical workflow, enabling cost savings and ultimately improving personalisation of treatment. This review introduces the concept of P2-bMRI, focusing on the clinical application of P2-bMRI by using semantic criteria.",European radiology experimental,Eur Radiol Exp,Journal Article; Review,Dietzel Matthias,"Department of Radiology, University Hospital Erlangen, Maximiliansplatz 3, 91054, Erlangen, Germany.",10.3109/02841851.2010.498444,Q2,2022,Cautious Optimism,sonnet,High,yes,"{""stance"": ""Cautious Optimism"", ""confidence"": ""High"", ""predictive_claim"": ""yes""}"
36433212,2022,2022 Nov,A Catalogue of Machine Learning Algorithms for Healthcare Risk Predictions.,"Extracting useful knowledge from proper data analysis is a very challenging task for efficient and timely decision-making. To achieve this, there exist a plethora of machine learning (ML) algorithms, while, especially in healthcare, this complexity increases due to the domain's requirements for analytics-based risk predictions. This manuscript proposes a data analysis mechanism experimented in diverse healthcare scenarios, towards constructing a catalogue of the most efficient ML algorithms to be used depending on the healthcare scenario's requirements and datasets, for efficiently predicting the onset of a disease. To this context, seven (7) different ML algorithms (Naïve Bayes, K-Nearest Neighbors, Decision Tree, Logistic Regression, Random Forest, Neural Networks, Stochastic Gradient Descent) have been executed on top of diverse healthcare scenarios (stroke, COVID-19, diabetes, breast cancer, kidney disease, heart failure). Based on a variety of performance metrics (accuracy, recall, precision, F1-score, specificity, confusion matrix), it has been identified that a sub-set of ML algorithms are more efficient for timely predictions under specific healthcare scenarios, and that is why the envisioned ML catalogue prioritizes the ML algorithms to be used, depending on the scenarios' nature and needed metrics. Further evaluation must be performed considering additional scenarios, involving state-of-the-art techniques (e.g., cloud deployment, federated ML) for improving the mechanism's efficiency.","Sensors (Basel, Switzerland)",Sensors (Basel),Journal Article,Mavrogiorgou Argyro,"Department of Digital Systems, University of Piraeus, 185 34 Piraeus, Greece.",10.1017/S026988890200019X,Q1,2022,Neutral,haiku,High,no,"{""stance"": ""Neutral"", ""confidence"": ""High"", ""predictive_claim"": ""no""}"
35725526,2022,2022 Oct,The use of artificial intelligence and virtual reality in doctor-patient risk communication: A scoping review.,"OBJECTIVES: While the development of artificial intelligence (AI) and virtual reality (VR) technologies in medicine has been significant, their application to doctor-patient communication is limited. As communicating risk is a challenging, yet essential, component of shared decision-making (SDM) in surgery, this review aims to explore the current use of AI and VR in doctor-patient surgical risk communication. METHODS: The search strategy was prepared by a medical librarian and run in 7 electronic databases. Articles were screened by a single reviewer. Included articles described the use of AI or VR applicable to surgical risk communication between patients, their families, and the surgical team. RESULTS: From 4576 collected articles, 64 were included in this review. Identified applications included decision support tools (15, 23.4%), tailored patient information resources (13, 20.3%), treatment visualization tools (17, 26.6%) and communication training platforms (19, 29.7%). Overall, these technologies enhance risk communication and SDM, despite heterogeneity in evaluation methods. However, improvements in the usability and versatility of these interventions are needed. CONCLUSIONS: There is emerging literature regarding applications of AI and VR to facilitate doctor-patient surgical risk communication. PRACTICE IMPLICATIONS: AI and VR hold the potential to personalize doctor-patient surgical risk communication to individual patients and healthcare contexts.",Patient education and counseling,Patient Educ Couns,Journal Article; Scoping Review,Antel Ryan,"Faculty of Medicine and Health Sciences, McGill University, Montreal, Canada. Electronic address: ryan.antel@mail.mcgill.ca.",10.1016/j.pec.2022.06.006,Q1,2022,Cautious Optimism,haiku,High,no,"{""stance"": ""Cautious Optimism"", ""confidence"": ""High"", ""predictive_claim"": ""no""}"
36061597,2022,2022 Jan,Objective speech intelligibility prediction using a deep learning model with continuous speech-evoked cortical auditory responses.,"Auditory prostheses provide an opportunity for rehabilitation of hearing-impaired patients. Speech intelligibility can be used to estimate the extent to which the auditory prosthesis improves the user's speech comprehension. Although behavior-based speech intelligibility is the gold standard, precise evaluation is limited due to its subjectiveness. Here, we used a convolutional neural network to predict speech intelligibility from electroencephalography (EEG). Sixty-four-channel EEGs were recorded from 87 adult participants with normal hearing. Sentences spectrally degraded by a 2-, 3-, 4-, 5-, and 8-channel vocoder were used to set relatively low speech intelligibility conditions. A Korean sentence recognition test was used. The speech intelligibility scores were divided into 41 discrete levels ranging from 0 to 100%, with a step of 2.5%. Three scores, namely 30.0, 37.5, and 40.0%, were not collected. The speech features, i.e., the speech temporal envelope (ENV) and phoneme (PH) onset, were used to extract continuous-speech EEGs for speech intelligibility prediction. The deep learning model was trained by a dataset of event-related potentials (ERP), correlation coefficients between the ERPs and ENVs, between the ERPs and PH onset, or between ERPs and the product of the multiplication of PH and ENV (PHENV). The speech intelligibility prediction accuracies were 97.33% (ERP), 99.42% (ENV), 99.55% (PH), and 99.91% (PHENV). The models were interpreted using the occlusion sensitivity approach. While the ENV models' informative electrodes were located in the occipital area, the informative electrodes of the phoneme models, i.e., PH and PHENV, were based on the occlusion sensitivity map located in the language processing area. Of the models tested, the PHENV model obtained the best speech intelligibility prediction accuracy. This model may promote clinical prediction of speech intelligibility with a comfort speech intelligibility test.",Frontiers in neuroscience,Front Neurosci,Journal Article,Na Youngmin,"Department of Biomedical Engineering, University of Ulsan, Ulsan, South Korea.",10.1007/s10462-004-0751-8,Q2,2022,Neutral,haiku,High,no,"{""stance"": ""Neutral"", ""confidence"": ""High"", ""predictive_claim"": ""no""}"
36172367,2022,2022 Jan,Identification of diagnostic mRNA biomarkers in whole blood for ankylosing spondylitis using WGCNA and machine learning feature selection.,"Ankylosing spondylitis (AS) is a common inflammatory spondyloarthritis affecting the spine and sacroiliac joint that finally results in sclerosis of the axial skeleton. Aside from human leukocyte antigen B27, transcriptomic biomarkers in blood for AS diagnosis still remain unknown. Hence, this study aimed to investigate credible AS-specific mRNA biomarkers from the whole blood of AS patients by analyzing an mRNA expression profile (GSE73754) downloaded Gene Expression Omnibus, which includes AS and healthy control blood samples. Weighted gene co-expression network analysis was performed and revealed three mRNA modules associated with AS. By performing gene set enrichment analysis, the functional annotations of these modules revealed immune biological processes that occur in AS. Several feature mRNAs were identified by analyzing the hubs of the protein-protein interaction network, which was based on the intersection between differentially expressed mRNAs and mRNA modules. A machine learning-based feature selection method, SVM-RFE, was used to further screen out 13 key feature mRNAs. After verifying by qPCR, IL17RA, Sqstm1, Picalm, Eif4e, Srrt, Lrrfip1, Synj1 and Cxcr6 were found to be significant for AS diagnosis. Among them, Cxcr6, IL17RA and Lrrfip1 were correlated with severity of AS symptoms. In conclusion, our findings provide a framework for identifying the key mRNAs in whole blood of AS that is conducive for the development of novel diagnostic markers for AS.",Frontiers in immunology,Front Immunol,"Journal Article; Research Support, Non-U.S. Gov't",Han Yaguang,"Department of Orthopaedics, Shanghai Changzheng Hospital, Naval Medical University, Shanghai, China.",10.3390/cells8020108,Q1,2022,Neutral,haiku,High,no,"{""stance"": ""Neutral"", ""confidence"": ""High"", ""predictive_claim"": ""no""}"
35876390,2022,2022 Nov,Automatic skin lesions detection from images through microscopic hybrid features set and machine learning classifiers.,"Skin cancer occurrences increase exponentially worldwide due to the lack of awareness of significant populations and skin specialists. Medical imaging can help with early detection and more accurate diagnosis of skin cancer. The physicians usually follow the manual diagnosis method in their clinics but nonprofessional dermatologists sometimes affect the accuracy of the results. Thus, the automated system is required to assist physicians in diagnosing skin cancer at early stage precisely to decrease the mortality rate. This article presents an automatic skin lesions detection through a microscopic hybrid feature set and machine learning-based classification. The employment of deep features through AlexNet architecture with local optimal-oriented pattern can accurately predict skin lesions. The proposed model is tested on two open-access datasets PAD-UFES-20 and MED-NODE comprising melanoma and nevus images. Experimental results on both datasets exhibit the efficacy of hybrid features with the help of machine learning. Finally, the proposed model achieved 94.7% accuracy using an ensemble classifier. RESEARCH HIGHLIGHTS: The deep features accurately predicted skin lesions through AlexNet architecture with local optimal-oriented pattern. Proposed model is tested on two datasets PAD-UFES-20, MED-NODE comprising melanoma, nevus images and exhibited high accuracy.",Microscopy research and technique,Microsc Res Tech,Journal Article,Alyami Jaber,"Department of Diagnostic Radiology, King Abdulaziz University, Jeddah, Saudi Arabia.",10.1002/jemt.24211,Q1,2022,Neutral,sonnet,High,no,"{""stance"": ""Neutral"", ""confidence"": ""High"", ""predictive_claim"": ""no""}"
34783027,2022,2022 Jan,Machine-assisted interpolation algorithm for semi-automated segmentation of highly deformable organs.,"PURPOSE: Accurate and robust auto-segmentation of highly deformable organs (HDOs), for example, stomach or bowel, remains an outstanding problem due to these organs' frequent and large anatomical variations. Yet, time-consuming manual segmentation of these organs presents a particular challenge to time-limited modern radiotherapy techniques such as on-line adaptive radiotherapy and high-dose-rate brachytherapy. We propose a machine-assisted interpolation (MAI) that uses prior information in the form of sparse manual delineations to facilitate rapid, accurate segmentation of the stomach from low field magnetic resonance images (MRI) and the bowel from computed tomography (CT) images. METHODS: Stomach MR images from 116 patients undergoing 0.35T MRI-guided abdominal radiotherapy and bowel CT images from 120 patients undergoing high dose rate pelvic brachytherapy treatment were collected. For each patient volume, the manual delineation of the HDO was extracted from every 8th slice. These manually drawn contours were first interpolated to obtain an initial estimate of the HDO contour. A two-channel 64 × 64 pixel patch-based convolutional neural network (CNN) was trained to localize the position of the organ's boundary on each slice within a five-pixel wide road using the image and interpolated contour estimate. This boundary prediction was then input, in conjunction with the image, to an organ closing CNN which output the final organ segmentation. A Dense-UNet architecture was used for both networks. The MAI algorithm was separately trained for the stomach segmentation and the bowel segmentation. Algorithm performance was compared against linear interpolation (LI) alone and against fully automated segmentation (FAS) using a Dense-UNet trained on the same datasets. The Dice Similarity Coefficient (DSC) and mean surface distance (MSD) metrics were used to compare the predictions from the three methods. Statistically significance was tested using Student's t test. RESULTS: For the stomach segmentation, the mean DSC from MAI (0.91 ± 0.02) was 5.0% and 10.0% higher as compared to LI and FAS, respectively. The average MSD from MAI (0.77 ± 0.25 mm) was 0.54 and 3.19 mm lower compared to the two other methods. Only 7% of MAI stomach predictions resulted in a DSC < 0.8, as compared to 30% and 28% for LI and FAS, respectively. For the bowel segmentation, the mean DSC of MAI (0.90 ± 0.04) was 6% and 18% higher, and the average MSD of MAI (0.93 ± 0.48 mm) was 0.42 and 4.9 mm lower as compared to LI and FAS. Sixteen percent of the predicted contour from MAI resulted in a DSC < 0.8, as compared to 46% and 60% for FAS and LI, respectively. All comparisons between MAI and the baseline methods were found to be statistically significant (p-value < 0.001). CONCLUSIONS: The proposed MAI algorithm significantly outperformed LI in terms of accuracy and robustness for both stomach segmentation from low-field MRIs and bowel segmentation from CT images. At this time, FAS methods for HDOs still require significant manual editing. Therefore, we believe that the MAI algorithm has the potential to expedite the process of HDO delineation within the radiation therapy workflow.",Medical physics,Med Phys,Journal Article,Luximon Dishane C,"Department of Radiation Oncology, David Geffen School of Medicine, University of California, Los Angeles, California, USA.",10.1002/mp.15351,Q1,2022,Cautious Optimism,haiku,High,no,"{""stance"": ""Cautious Optimism"", ""confidence"": ""High"", ""predictive_claim"": ""no""}"
34635792,2022,2022 Aug,Language function following preterm birth: prediction using machine learning.,"BACKGROUND: Preterm birth can lead to impaired language development. This study aimed to predict language outcomes at 2 years corrected gestational age (CGA) for children born preterm. METHODS: We analysed data from 89 preterm neonates (median GA 29 weeks) who underwent diffusion MRI (dMRI) at term-equivalent age and language assessment at 2 years CGA using the Bayley-III. Feature selection and a random forests classifier were used to differentiate typical versus delayed (Bayley-III language composite score <85) language development. RESULTS: The model achieved balanced accuracy: 91%, sensitivity: 86%, and specificity: 96%. The probability of language delay at 2 years CGA is increased with: increasing values of peak width of skeletonized fractional anisotropy (PSFA), radial diffusivity (PSRD), and axial diffusivity (PSAD) derived from dMRI; among twins; and after an incomplete course of, or no exposure to, antenatal corticosteroids. Female sex and breastfeeding during the neonatal period reduced the risk of language delay. CONCLUSIONS: The combination of perinatal clinical information and MRI features leads to accurate prediction of preterm infants who are likely to develop language deficits in early childhood. This model could potentially enable stratification of preterm children at risk of language dysfunction who may benefit from targeted early interventions. IMPACT: A combination of clinical perinatal factors and neonatal DTI measures of white matter microstructure leads to accurate prediction of language outcome at 2 years corrected gestational age following preterm birth. A model that comprises clinical and MRI features that has potential to be scalable across centres. It offers a basis for enhancing the power and generalizability of diagnostic and prognostic studies of neurodevelopmental disorders associated with language impairment. Early identification of infants who are at risk of language delay, facilitating targeted early interventions and support services, which could improve the quality of life for children born preterm.",Pediatric research,Pediatr Res,"Journal Article; Research Support, Non-U.S. Gov't",Valavani Evdoxia,"Usher Institute, Medical School, University of Edinburgh, Edinburgh, UK. evdoxia.valavani@ed.ac.uk.",10.1038/s41390-021-01779-x,Q1,2022,Cautious Optimism,haiku,High,no,"{""stance"": ""Cautious Optimism"", ""confidence"": ""High"", ""predictive_claim"": ""no""}"
35076026,2022,2022 Jan,Photoreceptor degeneration in ABCA4-associated retinopathy and its genetic correlates.,"BACKGROUNDOutcome measures sensitive to disease progression are needed for ATP-binding cassette, sub-family A, member 4-associated (ABCA4-associated) retinopathy. We aimed to quantify ellipsoid zone (EZ) loss and photoreceptor degeneration beyond EZ-loss in ABCA4-associated retinopathy and investigate associations between photoreceptor degeneration, genotype, and age.METHODSWe analyzed 132 eyes from 66 patients (of 67 enrolled) with molecularly confirmed ABCA4-associated retinopathy from a prospective natural history study with a median [IQR] follow-up of 4.2 years [3.1, 5.1]. Longitudinal spectral-domain optical coherence tomography volume scans (37 B-scans, 30° × 15°) were segmented using a deep learning (DL) approach. For genotype-phenotype analysis, a model of ABCA4 variants was applied with the age of criterion EZ-loss (6.25 mm2) as the dependent variable.RESULTSPatients exhibited an average (square-root-transformed) EZ-loss progression rate of [95% CI] 0.09 mm/y [0.06, 0.11]. Outer nuclear layer (ONL) thinning extended beyond the area of EZ-loss. The average distance from the EZ-loss boundary to normalization of ONL thickness (to ±2 z score units) was 3.20° [2.53, 3.87]. Inner segment (IS) and outer segment (OS) thinning was less pronounced, with an average distance from the EZ-loss boundary to layer thickness normalization of 1.20° [0.91, 1.48] for the IS and 0.60° [0.49, 0.72] for the OS. An additive model of allele severity explained 52.7% of variability in the age of criterion EZ-loss.CONCLUSIONPatients with ABCA4-associated retinopathy exhibited significant alterations of photoreceptors outside of EZ-loss. DL-based analysis of photoreceptor laminae may help monitor disease progression and estimate the severity of ABCA4 variants.TRIAL REGISTRATIONClinicalTrials.gov identifier: NCT01736293.FUNDINGNational Eye Institute Intramural Research Program and German Research Foundation grant PF950/1-1.",JCI insight,JCI Insight,"Journal Article; Observational Study; Research Support, N.I.H., Intramural; Research Support, Non-U.S. Gov't",Pfau Maximilian,"National Eye Institute, National Institutes of Health, Bethesda, Maryland, USA.",10.3109/02713683.2014.925934,Q1,2022,Neutral,haiku,High,no,"{""stance"": ""Neutral"", ""confidence"": ""High"", ""predictive_claim"": ""no""}"
35958052,2022,2022 Jan,Using Healthcare Resources Wisely: A Predictive Support System Regarding the Severity of Patient Falls.,"BACKGROUND: An injurious fall is one of the main indicators of care quality in healthcare facilities. Despite several fall screen tools being widely used to evaluate a patient's fall risk, they are frequently unable to reveal the severity level of patient falls. The purpose of this study is to build a practical system useful to predict the severity level of in-hospital falls. This practice is done in order to better allocate limited healthcare resources and to improve overall patient safety. METHODS: Four hundred and forty-six patients who experienced fall events at a large Taiwanese hospital were referenced. Eight predictors were used to ascertain the severity of patient falls solely based on the above study population. Multinomial logistic regression, Naïve Bayes, random forest, support vector machine, eXtreme gradient boosting, deep learning, and ensemble learning were adopted to establish predictive models. Accuracy, F1 score, precision, and recall were utilized to assess the models' performance. RESULTS: Compared to other learners, random forest exhibited satisfying predictive performance in terms of all metrics (accuracy: 0.844, F1 score: 0.850, precision: 0.839, and recall: 0.875 for the test dataset), and it was adopted as the base learner for a severity-level predictive system which is web-based. Furthermore, age, ability of independent activity, patient sources, use of assistive devices, and fall history within the past 12 months were deemed the top five important risk factors for evaluating fall severity. CONCLUSIONS: The application of machine learning techniques for predicting the severity level of patient falls may result in some benefits to monitor fall severity and to better allocate limited healthcare resources.",Journal of healthcare engineering,J Healthc Eng,Journal Article,Wang Hsi-Hao,"Department of Healthcare Quality, E-Da Hospital, Kaohsiung 82445, Taiwan.",10.1136/bmjopen-2020-041054,Q2,2022,Cautious Optimism,haiku,High,no,"{""stance"": ""Cautious Optimism"", ""confidence"": ""High"", ""predictive_claim"": ""no""}"
35629019,2022,2022 May,Artificial Intelligence-Enhanced Echocardiography for Systolic Function Assessment.,"The accurate assessment of left ventricular systolic function is crucial in the diagnosis and treatment of cardiovascular diseases. Left ventricular ejection fraction (LVEF) and global longitudinal strain (GLS) are the most critical indexes of cardiac systolic function. Echocardiography has become the mainstay of cardiac imaging for measuring LVEF and GLS because it is non-invasive, radiation-free, and allows for bedside operation and real-time processing. However, the human assessment of cardiac function depends on the sonographer's experience, and despite their years of training, inter-observer variability exists. In addition, GLS requires post-processing, which is time consuming and shows variability across different devices. Researchers have turned to artificial intelligence (AI) to address these challenges. The powerful learning capabilities of AI enable feature extraction, which helps to achieve accurate identification of cardiac structures and reliable estimation of the ventricular volume and myocardial motion. Hence, the automatic output of systolic function indexes can be achieved based on echocardiographic images. This review attempts to thoroughly explain the latest progress of AI in assessing left ventricular systolic function and differential diagnosis of heart diseases by echocardiography and discusses the challenges and promises of this new field.",Journal of clinical medicine,J Clin Med,Journal Article; Review,Zhang Zisang,"Department of Ultrasound Medicine, Union Hospital, Tongji Medical College, Huazhong University of Science and Technology, Wuhan 430022, China.",10.1016/j.echo.2018.12.002,Q1,2022,Cautious Optimism,haiku,High,no,"{""stance"": ""Cautious Optimism"", ""confidence"": ""High"", ""predictive_claim"": ""no""}"
33179830,2022,2022 Feb,Primer and Historical Review on Rapid Cardiac CINE MRI.,"Acceleration is an important consideration when imaging moving organs such as the heart. Not only does acceleration enable motion-free scans but, more importantly, it lies at the heart of capturing the dynamics of cardiac motion. For over three decades, various ingenious approaches have been devised and implemented for rapid CINE MRI suitable for dynamic cardiac imaging. Virtually all techniques relied on acquiring less data to reduce acquisition times. Parallel imaging was among the first of these innovations, using multiple receiver coils and mathematical algorithms for reconstruction; acceleration factors of 2 to 3 were readily achieved in clinical practice. However, in the context of imaging dynamic events, further decreases in scan time beyond those provided by parallel imaging were possible by exploiting temporal coherencies. This recognition ushered in the era of k-t accelerated MRI, which utilized predominantly statistical methods for image reconstruction from highly undersampled k-space. Despite the successes of k-t acceleration methods, however, the accuracy of reconstruction was not always guaranteed. To address this gap, MR physicists and mathematicians applied compressed sensing theory to ensure reconstruction accuracy. Reconstruction was, indeed, more robust, but it required optimizing regularization parameters and long reconstruction times. To solve the limitations of all previous methods, researchers have turned to artificial intelligence and deep neural networks for the better part of the past decade, with recent results showing rapid, robust reconstruction. This review provides a comprehensive overview of key developments in the history of CINE MRI acceleration, and offers a unique and intuitive explanation behind the techniques and underlying mathematics.Level of Evidence: 5Technical Efficacy Stage: 1.",Journal of magnetic resonance imaging : JMRI,J Magn Reson Imaging,"Journal Article; Research Support, Non-U.S. Gov't; Review",Curtis Aaron D,"The Edward S. Rogers Sr. Department of Electrical and Computer Engineering, University of Toronto, Toronto, Ontario, Canada.",10.1002/jmri.27436,Q1,2022,Neutral,haiku,High,no,"{""stance"": ""Neutral"", ""confidence"": ""High"", ""predictive_claim"": ""no""}"
35733917,2022,2022 Jan,Identification of Biomarkers Associated with Diagnosis of Osteoarthritis Patients Based on Bioinformatics and Machine Learning.,"Osteoarthritis (OA) is thought to be the most prevalent chronic joint disease. The incidence of OA is rising because of the ageing population and the epidemic of obesity. This research was designed for the identification of novel diagnostic biomarkers for OA and analyzing the possible association between critical genes and infiltrated immune cells. 10 OA samples from patients with spinal OA and 10 normal samples were collected. GSE55235 and GSE55457 datasets including human OA and normal samples were downloaded from the GEO datasets. Differentially expressed genes (DEGs) were identified between 20 OA and 20 controls. SVM-RFE analysis and LASSO regression model were carried out to screen possible markers. The compositional patterns of the 22 types of immune cell fraction in OA were determined by the use of CIBERSORT. The expression level of the biomarkers in OA was examined by the use of RT-PCR. In this study, an overall 44 DEGs were identified: 18 genes were remarkably upregulated and 26 genes were distinctly downregulated. KEGG pathway analyses revealed that pathways were significantly enriched including IL-17 signal path, rheumatoid arthritis, TNF signal path, and lipid and atherosclerosis. Based on the results of machine learning, we identified APOLD1 and EPYC as critical diagnostic genes in OA, which were further confirmed using ROC assays. Immune cell infiltration analysis revealed that APOLD1 was correlated with mastocytes stimulated, NK cells resting, T cells CD4 memory resting, DCs stimulated, T cells gamma delta, macrophages M0, NK cells stimulated, and mastocytes resting. Moreover, we found that EPYC was correlated with mastocytes stimulated, NK cells resting, T cells CD4 memory resting, DCs stimulated, T cells gamma delta, macrophages M0, NK cells stimulated, and mastocytes resting. Overall, our findings might provide some novel clue for the exploration of novel markers for OA diagnosis. The critical genes and their associations with immune infiltration may offer new insight into understanding OA developments.",Journal of immunology research,J Immunol Res,Journal Article,Liang Yihao,"Department of Orthopedics, The Second Clinical College of Guangzhou University of Chinese Medicine, Guangzhou, China.",10.1186/s13075-020-02410-w,Q1,2022,Neutral,haiku,High,no,"{""stance"": ""Neutral"", ""confidence"": ""High"", ""predictive_claim"": ""no""}"
36408172,2022,2022 Jan,Leveraging deep learning-based segmentation and contours-driven deformable registration for dose accumulation in abdominal structures.,"PURPOSE: Discrepancies between planned and delivered dose to GI structures during radiation therapy (RT) of liver cancer may hamper the prediction of treatment outcomes. The purpose of this study is to develop a streamlined workflow for dose accumulation in a treatment planning system (TPS) during liver image-guided RT and to assess its accuracy when using different deformable image registration (DIR) algorithms. MATERIALS AND METHODS: Fifty-six patients with primary and metastatic liver cancer treated with external beam radiotherapy guided by daily CT-on-rails (CTOR) were retrospectively analyzed. The liver, stomach and duodenum contours were auto-segmented on all planning CTs and daily CTORs using deep-learning methods. Dose accumulation was performed for each patient using scripting functionalities of the TPS and considering three available DIR algorithms based on: (i) image intensities only; (ii) intensities + contours; (iii) a biomechanical model (contours only). Planned and accumulated doses were converted to equivalent dose in 2Gy (EQD2) and normal tissue complication probabilities (NTCP) were calculated for the stomach and duodenum. Dosimetric indexes for the normal liver, GTV, stomach and duodenum and the NTCP values were exported from the TPS for analysis of the discrepancies between planned and the different accumulated doses. RESULTS: Deep learning segmentation of the stomach and duodenum enabled considerable acceleration of the dose accumulation process for the 56 patients. Differences between accumulated and planned doses were analyzed considering the 3 DIR methods. For the normal liver, stomach and duodenum, the distribution of the 56 differences in maximum doses (D2%) presented a significantly higher variance when a contour-driven DIR method was used instead of the intensity only-based method. Comparing the two contour-driven DIR methods, differences in accumulated minimum doses (D98%) in the GTV were >2Gy for 15 (27%) of the patients. Considering accumulated dose instead of planned dose in standard NTCP models of the duodenum demonstrated a high sensitivity of the duodenum toxicity risk to these dose discrepancies, whereas smaller variations were observed for the stomach. CONCLUSION: This study demonstrated a successful implementation of an automatic workflow for dose accumulation during liver cancer RT in a commercial TPS. The use of contour-driven DIR methods led to larger discrepancies between planned and accumulated doses in comparison to using an intensity only based DIR method, suggesting a better capability of these approaches in estimating complex deformations of the GI organs.",Frontiers in oncology,Front Oncol,Journal Article,McCulloch Molly M,"Department of Imaging Physics, The University of Texas MD Anderson Cancer Center, Houston, TX, United States.",10.1002/mp.15163,Q2,2022,Neutral,haiku,High,no,"{""stance"": ""Neutral"", ""confidence"": ""High"", ""predictive_claim"": ""no""}"
36263646,2022,2022 Nov,Automatic Diagnosis of Attention Deficit Hyperactivity Disorder with Continuous Wavelet Transform and Convolutional Neural Network.,"OBJECTIVE: The attention deficit hyperactivity disorder has a negative impact on the child's educational life and relationships with the social environment during childhood and adolescence. The connection between temperament traits and The attention deficit hyperactivity disorder has been proven by various studies. As far as we know, there is no machine learning study to diagnose. The attention deficit hyperactivity disorder in a dataset created using temperament characteristics. METHODS: Machine learning-based semi-automatic/fully automatic expert decision support systems are frequently used for the diagnosis of various diseases. In this study, it was aimed to reveal the success of a semi-automatic expert decision support system in the diagnosis of attention deficit hyperactivity disorder by using temperament characteristics. The high classification success achieved is a resource for a potential diagnosis of attention deficit hyperactivity disorder expert decision support system. In this respect, this study includes original qualities and innovations. RESULTS: Many different deep learning methods were used in the research. Deep learning methods are models that achieve high success by using a large number of images in various image processing competitions. The images of the signals in the data set were first obtained by Continuous Wavelet Transform. The highest classification success in our data set was obtained with the Squeeze Net model with 88.33%. CONCLUSION: The model we propose shows that an automatic system based on artificial intelligence can be created, as well as revealing the relationship between temperament characteristics in the diagnosis of attention deficit hyperactivity in the data set we created.",Clinical psychopharmacology and neuroscience : the official scientific journal of the Korean College of Neuropsychopharmacology,Clin Psychopharmacol Neurosci,Journal Article,Altun Sinan,"Department of Electrical and Electronics Engineering, Kahramanmaras Sutcu Imam University, Kahramanmaras, Turkey.",10.1016/j.ins.2019.05.043,Q2,2022,Cautious Optimism,sonnet,Medium,yes,"{""stance"": ""Cautious Optimism"", ""confidence"": ""Medium"", ""predictive_claim"": ""yes""}"
34995293,2022,2022 Jan,A deep hybrid learning pipeline for accurate diagnosis of ovarian cancer based on nuclear morphology.,"Nuclear morphological features are potent determining factors for clinical diagnostic approaches adopted by pathologists to analyze the malignant potential of cancer cells. Considering the structural alteration of the nucleus in cancer cells, various groups have developed machine learning techniques based on variation in nuclear morphometric information like nuclear shape, size, nucleus-cytoplasm ratio and various non-parametric methods like deep learning have also been tested for analyzing immunohistochemistry images of tissue samples for diagnosing various cancers. We aim to correlate the morphometric features of the nucleus along with the distribution of nuclear lamin proteins with classical machine learning to differentiate between normal and ovarian cancer tissues. It has already been elucidated that in ovarian cancer, the extent of alteration in nuclear shape and morphology can modulate genetic changes and thus can be utilized to predict the outcome of low to a high form of serous carcinoma. In this work, we have performed exhaustive imaging of ovarian cancer versus normal tissue and developed a dual pipeline architecture that combines the matrices of morphometric parameters with deep learning techniques of auto feature extraction from pre-processed images. This novel Deep Hybrid Learning model, though derived from classical machine learning algorithms and standard CNN, showed a training and validation AUC score of 0.99 whereas the test AUC score turned out to be 1.00. The improved feature engineering enabled us to differentiate between cancerous and non-cancerous samples successfully from this pilot study.",PloS one,PLoS One,"Journal Article; Research Support, Non-U.S. Gov't",Sengupta Duhita,"Biophysics and Structural Genomics Division, Saha Institute of Nuclear Physics, Kolkata, West Bengal, India.",10.3414/ME13-01-0122,Q1,2022,Neutral,sonnet,High,no,"{""stance"": ""Neutral"", ""confidence"": ""High"", ""predictive_claim"": ""no""}"
35562029,2022,2022 Nov,Identifying modifiable and nonmodifiable cost drivers of ambulatory rotator cuff repair: a machine learning analysis.,"INTRODUCTION: Implementing novel tools that identify contributors to the cost of orthopedic procedures can help hospitals maximize efficiency, minimize waste, improve surgical decision-making, and practice value-based care. The purpose of this study was to develop and internally validate a machine learning algorithm to identify key drivers of total charges after ambulatory arthroscopic rotator cuff repair and compare its performance with a state-of-the-art statistical learning model. METHODS: A retrospective review of the New York State Ambulatory Surgery and Services Database was performed to identify patients who underwent elective outpatient rotator cuff repair (RCR) from 2015 to 2016. Initial models were constructed using patient characteristics (age, gender, insurance status, patient income, Elixhauser Comorbidity Index) as well as intraoperative variables (concomitant procedures and services, operative time). These were subsequently entered into 5 separate machine learning algorithms and a generalized additive model using natural splines. Global variable importance and partial dependence curves were constructed to identify the greatest contributors to cost. RESULTS: A total of 33,976 patients undergoing ambulatory RCR were included. Median total charges after ambulatory RCR were $16,017 (interquartile range: $11,009-$22,510). The ensemble model outperformed the generalized additive model and demonstrated the best performance on internal validation (root mean squared error: $7112, 95% confidence interval: 7036-7188; logarithmic root mean squared error: 0.354, 95% confidence interval: 0.336-0.373, R2: 0.53), and identified major drivers of total charges after RCR as increasing operating room time, patient income level, number of anchors used, use of local infiltration anesthesia/peripheral nerve blocks, non-White race/ethnicity, and concurrent distal clavicle excision. The model was integrated into a web-based open-access application capable of providing individual predictions and explanations on a case-by-case basis. CONCLUSION: This study developed an ensemble supervised machine learning algorithm that outperformed a sophisticated statistical learning model in predicting total charges after ambulatory RCR. Important contributors to total charges included operating room time, duration of care, number of anchors used, type of anesthesia, concomitant distal clavicle excision, community characteristics, and patient demographic factors. Generation of a patient-specific payment schedule based on the Agency for Healthcare Research and Quality risk of mortality highlighted the financial risk assumed by physicians in flat episodic reimbursement schedules given variable patient comorbidities and the importance of an accurate prediction algorithm to appropriately reward high-value care at low costs.",Journal of shoulder and elbow surgery,J Shoulder Elbow Surg,Journal Article,Lu Yining,"Department of Orthopedic Surgery, Mayo Clinic, Rochester, MN, USA.",10.1016/j.jse.2022.04.008,Q1,2022,Cautious Optimism,haiku,High,no,"{""stance"": ""Cautious Optimism"", ""confidence"": ""High"", ""predictive_claim"": ""no""}"
37149920,2023,2023 Jan,Deep learning for diagnosis of malign pleural effusion on computed tomography images.,"BACKGROUND: The pleura is a serous membrane that surrounds the lungs. The visceral surface secretes fluid into the serous cavity and the parietal surface ensures a regular absorption of this fluid. If this balance is disturbed, fluid accumulation occurs in the pleural space called ""Pleural Effusion"". Today, accurate diagnosis of pleural diseases is becoming more critical, as advances in treatment protocols have contributed positively to prognosis. Our aim is to perform computer-aided numerical analysis of Computed Tomography (CT) images from patients showing pleural effusion images on CT and to examine the prediction of malignant/benign distinction using deep learning by comparing with the cytology results. METHODS: The authors classified 408 CT images from 64 patients whose etiology of pleural effusion was investigated using the deep learning method. 378 of the images were used for the training of the system; 15 malignant and 15 benign CT images, which were not included in the training group, were used as the test. RESULTS: Among the 30 test images evaluated in the system; 14 of 15 malignant patients and 13 of 15 benign patients were estimated with correct diagnosis (PPD: 93.3%, NPD: 86.67%, Sensitivity: 87.5%, Specificity: 92.86%). CONCLUSION: Advances in computer-aided diagnostic analysis of CT images and obtaining a pre-diagnosis of pleural fluid may reduce the need for interventional procedures by guiding physicians about which patients may have malignancies. Thus, it is cost and time-saving in patient management, allowing earlier diagnosis and treatment.","Clinics (Sao Paulo, Brazil)",Clinics (Sao Paulo),Journal Article,Ozcelik Neslihan,"Recep Tayyip Erdogan University, Faculty of Medicine, Training and Research Hospital, Chest Disease, Rize, Turkey. Electronic address: neslihan.ozcelik@erdogan.edu.tr.",10.1016/j.clinsp.2023.100210,Q2,2023,Cautious Optimism,haiku,High,yes,"{""stance"": ""Cautious Optimism"", ""confidence"": ""High"", ""predictive_claim"": ""yes""}"
37658220,2023,2023 Sep,Objective analysis of partial three-dimensional rotator cuff muscle volume and fat infiltration across ages and sex from clinical MRI scans.,"Objective analysis of rotator cuff (RC) atrophy and fatty infiltration (FI) from clinical MRI is limited by qualitative measures and variation in scapular coverage. The goals of this study were to: develop/evaluate a method to quantify RC muscle size, atrophy, and FI from clinical MRIs (with typical lateral only coverage) and then quantify the effects of age and sex on RC muscle. To develop the method, 47 full scapula coverage CTs with matching clinical MRIs were used to: correct for variation in scan capture, and ensure impactful information of the RC is measured. Utilizing this methodology and automated artificial intelligence, 170 healthy clinical shoulder MRIs of varying age and sex were segmented, and each RC muscle's size, relative contribution, and FI as a function of scapula location were quantified. A two-way ANOVA was used to examine the effect of age and sex on RC musculature. The analysis revealed significant (p < 0.05): decreases in size of the supraspinatus, teres minor, and subscapularis with age; decreased supraspinatus and increased infraspinatus relative contribution with age; and increased FI in the infraspinatus with age and in females. This study demonstrated that clinically obtained MRIs can be utilized for automatic 3D analysis of the RC. This method is not susceptible to coverage variation or patient size. Application of methodology in a healthy population revealed differences in RC musculature across ages and FI level between sexes. This large database can be used to reference expected muscle characteristics as a function of scapula location and could eventually be used in conjunction with the proposed methodology for analysis in patient populations.",Scientific reports,Sci Rep,"Journal Article; Research Support, N.I.H., Extramural",Riem Lara,"Springbok Analytics, Charlottesville, VA, USA. lara.riem@springbokanalytics.com.",10.3390/diagnostics13101668,Q1,2023,Neutral,haiku,High,no,"{""stance"": ""Neutral"", ""confidence"": ""High"", ""predictive_claim"": ""no""}"
36328490,2023,2023 Apr,Fast and Accurate Amyloid Brain PET Quantification Without MRI Using Deep Neural Networks.,"This paper proposes a novel method for automatic quantification of amyloid PET using deep learning-based spatial normalization (SN) of PET images, which does not require MRI or CT images of the same patient. The accuracy of the method was evaluated for 3 different amyloid PET radiotracers compared with MRI-parcellation-based PET quantification using FreeSurfer. Methods: A deep neural network model used for the SN of amyloid PET images was trained using 994 multicenter amyloid PET images (367 18F-flutemetamol and 627 18F-florbetaben) and the corresponding 3-dimensional MR images of subjects who had Alzheimer disease or mild cognitive impairment or were cognitively normal. For comparison, PET SN was also conducted using version 12 of the Statistical Parametric Mapping program (SPM-based SN). The accuracy of deep learning-based and SPM-based SN and SUV ratio quantification relative to the FreeSurfer-based estimation in individual brain spaces was evaluated using 148 other amyloid PET images (64 18F-flutemetamol and 84 18F-florbetaben). Additional external validation was performed using an unseen independent external dataset (30 18F-flutemetamol, 67 18F-florbetaben, and 39 18F-florbetapir). Results: Quantification results using the proposed deep learning-based method showed stronger correlations with the FreeSurfer estimates than SPM-based SN using MRI did. For example, the slope, y-intercept, and R 2 values between SPM and FreeSurfer for the global cortex were 0.869, 0.113, and 0.946, respectively. In contrast, the slope, y-intercept, and R 2 values between the proposed deep learning-based method and FreeSurfer were 1.019, -0.016, and 0.986, respectively. The external validation study also demonstrated better performance for the proposed method without MR images than for SPM with MRI. In most brain regions, the proposed method outperformed SPM SN in terms of linear regression parameters and intraclass correlation coefficients. Conclusion: We evaluated a novel deep learning-based SN method that allows quantitative analysis of amyloid brain PET images without structural MRI. The quantification results using the proposed method showed a strong correlation with MRI-parcellation-based quantification using FreeSurfer for all clinical amyloid radiotracers. Therefore, the proposed method will be useful for investigating Alzheimer disease and related brain disorders using amyloid PET scans.","Journal of nuclear medicine : official publication, Society of Nuclear Medicine",J Nucl Med,"Multicenter Study; Journal Article; Research Support, Non-U.S. Gov't",Kang Seung Kwan,"Brightonix Imaging Inc., Seoul, Korea.",10.2967/jnumed.122.264414,Q1,2023,Cautious Optimism,haiku,High,no,"{""stance"": ""Cautious Optimism"", ""confidence"": ""High"", ""predictive_claim"": ""no""}"
37897658,2023,2023 Dec,Using machine learning to identify patients at high risk of developing low bone density or osteoporosis after gastrectomy: a 10-year multicenter retrospective analysis.,"INTRODUCTION: Osteoporosis that emerges subsequent to gastrectomy poses a significant threat to the long-term health of patients. The primary objective of this investigation was to formulate a machine learning algorithm capable of identifying substantial preoperative, intraoperative, and postoperative risk factors. This algorithm, in turn, would enable the anticipation of osteoporosis occurrence after gastrectomy. METHODS: This research encompassed a cohort of 1125 patients diagnosed with gastric cancer, including 108 individuals with low bone density or osteoporosis. A total of 40 distinct variables were collected, comprising patient demographics, pertinent medical history, medication records, preoperative examination attributes, surgical procedure specifics, and intraoperative details. Four distinct machine learning algorithms-extreme gradient boosting (XGBoost), random forest (RF), support vector machine (SVM), and k-nearest neighbor algorithm (KNN)-were employed to establish the predictive model. Evaluation of the models involved receiver operating characteristic (ROC) curves, calibration curves, and decision curve analysis (DCA). Shapley additive explanation (SHAP) was employed for visualization and analysis. RESULTS: Among the four prediction models employed, the XGBoost algorithm demonstrated exceptional performance. The ROC analysis yielded excellent predictive accuracy, showcasing area under the curve (AUC) values of 0.957 and 0.896 for training and validation sets, respectively. The calibration curve further confirmed the robust predictive capacity of the XGBoost model. The DCA demonstrated a notably higher benefit rate for patients undergoing intervention based on the XGBoost model. Moreover, the AUC value of 0.73 for the external validation set indicated favorable extrapolation of the XGBoost prediction model. SHAP analysis outcomes unveiled numerous high-risk factors for osteoporosis development after gastrectomy, including a history of chronic obstructive pulmonary disease (COPD), inflammatory bowel disease (IBD), hypoproteinemia, postoperative neutrophil-to-lymphocyte ratio (NLR) exceeding 3, steroid usage history, advanced age, and absence of calcitonin use. CONCLUSION: The osteoporosis prediction model derived through the XGBoost machine learning algorithm in this study displays remarkable predictive precision and carries significant clinical applicability.",Journal of cancer research and clinical oncology,J Cancer Res Clin Oncol,Multicenter Study; Journal Article,Zhu Yanfei,"Wuxi Medical Center of Nanjing Medical University, Wuxi, China.",10.1002/art.38218,Q1,2023,Cautious Optimism,haiku,High,no,"{""stance"": ""Cautious Optimism"", ""confidence"": ""High"", ""predictive_claim"": ""no""}"
37946182,2023,2023 Nov,Predicting multiple sclerosis severity with multimodal deep neural networks.,"Multiple Sclerosis (MS) is a chronic disease developed in the human brain and spinal cord, which can cause permanent damage or deterioration of the nerves. The severity of MS disease is monitored by the Expanded Disability Status Scale, composed of several functional sub-scores. Early and accurate classification of MS disease severity is critical for slowing down or preventing disease progression via applying early therapeutic intervention strategies. Recent advances in deep learning and the wide use of Electronic Health Records (EHR) create opportunities to apply data-driven and predictive modeling tools for this goal. Previous studies focusing on using single-modal machine learning and deep learning algorithms were limited in terms of prediction accuracy due to data insufficiency or model simplicity. In this paper, we proposed the idea of using patients' multimodal longitudinal and longitudinal EHR data to predict multiple sclerosis disease severity in the future. Our contribution has two main facets. First, we describe a pioneering effort to integrate structured EHR data, neuroimaging data and clinical notes to build a multi-modal deep learning framework to predict patient's MS severity. The proposed pipeline demonstrates up to 19% increase in terms of the area under the Area Under the Receiver Operating Characteristic curve (AUROC) compared to models using single-modal data. Second, the study also provides valuable insights regarding the amount useful signal embedded in each data modality with respect to MS disease prediction, which may improve data collection processes.",BMC medical informatics and decision making,BMC Med Inform Decis Mak,"Journal Article; Research Support, Non-U.S. Gov't; Research Support, U.S. Gov't, Non-P.H.S.; Research Support, N.I.H., Extramural",Zhang Kai,"Department of Health Data Science and Artificial Intelligence, McWilliams School of Biomedical Informatics, University of Texas Health Sciences Center at Houston, Houston, TX, USA.",10.1002/ana.24954,Q1,2023,Cautious Optimism,haiku,High,no,"{""stance"": ""Cautious Optimism"", ""confidence"": ""High"", ""predictive_claim"": ""no""}"
36920901,2023,2023 Jul,Geometric and dosimetric evaluation of deep learning based auto-segmentation for clinical target volume on breast cancer.,"BACKGROUND: Recently, target auto-segmentation techniques based on deep learning (DL) have shown promising results. However, inaccurate target delineation will directly affect the treatment planning dose distribution and the effect of subsequent radiotherapy work. Evaluation based on geometric metrics alone may not be sufficient for target delineation accuracy assessment. The purpose of this paper is to validate the performance of automatic segmentation with dosimetric metrics and try to construct new evaluation geometric metrics to comprehensively understand the dose-response relationship from the perspective of clinical application. MATERIALS AND METHODS: A DL-based target segmentation model was developed by using 186 manual delineation modified radical mastectomy breast cancer cases. The resulting DL model were used to generate alternative target contours in a new set of 48 patients. The Auto-plan was reoptimized to ensure the same optimized parameters as the reference Manual-plan. To assess the dosimetric impact of target auto-segmentation, not only common geometric metrics but also new spatial parameters with distance and relative volume (  R V ${R}_V$  ) to target were used. Correlations were performed using Spearman's correlation between segmentation evaluation metrics and dosimetric changes. RESULTS: Only strong (|R2 | > 0.6, p < 0.01) or moderate (|R2 | > 0.4, p < 0.01) Pearson correlation was established between the traditional geometric metric and three dosimetric evaluation indices to target (conformity index, homogeneity index, and mean dose). For organs at risk (OARs), inferior or no significant relationship was found between geometric parameters and dosimetric differences. Furthermore, we found that OARs dose distribution was affected by boundary error of target segmentation instead of distance and  R V ${R}_V$  to target. CONCLUSIONS: Current geometric metrics could reflect a certain degree of dose effect of target variation. To find target contour variations that do lead to OARs dosimetry changes, clinically oriented metrics that more accurately reflect how segmentation quality affects dosimetry should be constructed.",Journal of applied clinical medical physics,J Appl Clin Med Phys,Journal Article,Zhong Yang,"Department of Radiation Oncology, Fudan University Shanghai Cancer Center, Shanghai, China.",10.3171/jns.2000.93.supplement,Q2,2023,Neutral,haiku,High,no,"{""stance"": ""Neutral"", ""confidence"": ""High"", ""predictive_claim"": ""no""}"
37017291,2023,2023 Oct,Implications of large language models such as ChatGPT for dental medicine.,"OBJECTIVE: This article provides an overview of the implications of ChatGPT and other large language models (LLMs) for dental medicine. OVERVIEW: ChatGPT, a LLM trained on massive amounts of textual data, is adept at fulfilling various language-related tasks. Despite its impressive capabilities, ChatGPT has serious limitations, such as occasionally giving incorrect answers, producing nonsensical content, and presenting misinformation as fact. Dental practitioners, assistants, and hygienists are not likely to be significantly impacted by LLMs. However, LLMs could affect the work of administrative personnel and the provision of dental telemedicine. LLMs offer potential for clinical decision support, text summarization, efficient writing, and multilingual communication. As more people seek health information from LLMs, it is crucial to safeguard against inaccurate, outdated, and biased responses to health-related queries. LLMs pose challenges for patient data confidentiality and cybersecurity that must be tackled. In dental education, LLMs present fewer challenges than in other academic fields. LLMs can enhance academic writing fluency, but acceptable usage boundaries in science need to be established. CONCLUSIONS: While LLMs such as ChatGPT may have various useful applications in dental medicine, they come with risks of malicious use and serious limitations, including the potential for misinformation. CLINICAL SIGNIFICANCE: Along with the potential benefits of using LLMs as an additional tool in dental medicine, it is crucial to carefully consider the limitations and potential risks inherent in such artificial intelligence technologies.",Journal of esthetic and restorative dentistry : official publication of the American Academy of Esthetic Dentistry ... [et al.],J Esthet Restor Dent,"Journal Article; Review; Research Support, Non-U.S. Gov't",Eggmann Florin,"Department of Preventive and Restorative Sciences, Penn Dental Medicine, Robert Schattner Center, University of Pennsylvania, Philadelphia, Pennsylvania, USA.",10.1111/jerd.13046,Q1,2023,Caution,haiku,High,no,"{""stance"": ""Caution"", ""confidence"": ""High"", ""predictive_claim"": ""no""}"
36648346,2023,2023 Feb,Deep Learning Analysis of Chest Radiographs to Triage Patients with Acute Chest Pain Syndrome.,"Background Patients presenting to the emergency department (ED) with acute chest pain (ACP) syndrome undergo additional testing to exclude acute coronary syndrome (ACS), pulmonary embolism (PE), or aortic dissection (AD), often yielding negative results. Purpose To assess whether deep learning (DL) analysis of the initial chest radiograph may help triage patients with ACP syndrome more efficiently. Materials and Methods This retrospective study used electronic health records of patients with ACP syndrome at presentation who underwent a combination of chest radiography and additional cardiovascular or pulmonary imaging or stress tests at two hospitals (Massachusetts General Hospital [MGH], Brigham and Women's Hospital [BWH]) between January 2005 and December 2015. A DL model was trained on 23 005 patients from MGH to predict a 30-day composite end point of ACS, PE, AD, and all-cause mortality based on chest radiographs. Area under the receiver operating characteristic curve (AUC) was used to compare performance between models (model 1: age + sex; model 2: model 1 + conventional troponin or d-dimer positivity; model 3: model 2 + DL predictions) in internal and external test sets from MGH and BWH, respectively. Results At MGH, 5750 patients (mean age, 59 years ± 17 [SD]; 3329 men, 2421 women) were evaluated. Model 3, which included DL predictions, significantly improved discrimination of those with the composite outcome compared with models 2 and 1 (AUC, 0.85 [95% CI: 0.84, 0.86] vs 0.76 [95% CI: 0.74, 0.77] vs 0.62 [95% CI: 0.60 0.64], respectively; P < .001 for all). When using a sensitivity threshold of 99%, 14% (813 of 5750) of patients could be deferred from cardiovascular or pulmonary testing for differential diagnosis of ACP syndrome using model 3 compared with 2% (98 of 5750) of patients using model 2 (P < .001). Model 3 maintained its diagnostic performance in different age, sex, race, and ethnicity groups. In external validation at BWH (22 764 patients; mean age, 57 years ± 17; 11 470 women), trends were similar and improved after fine tuning. Conclusion Deep learning analysis of chest radiographs may facilitate more efficient triage of patients with acute chest pain syndrome in the emergency department. © RSNA, 2023 Supplemental material is available for this article. See also the editorial by Goo in this issue.",Radiology,Radiology,Journal Article,Kolossváry Márton,"From the Cardiovascular Imaging Research Center (M.K., V.K.R., M.T.L.) and Department of Emergency Medicine (J.T.N.), Massachusetts General Hospital, Harvard Medical School, 165 Cambridge St, Suite 400, Boston, MA 02114; Gottsegen National Cardiovascular Center, Budapest, Hungary (M.K.); Physiological Controls Research Center, University Research and Innovation Center, Óbuda University, Budapest, Hungary (M.K.); and Cleerly Health, Denver, Colo (U.H.).",10.1148/radiol.221926,Q1,2023,Cautious Optimism,haiku,High,no,"{""stance"": ""Cautious Optimism"", ""confidence"": ""High"", ""predictive_claim"": ""no""}"
37531702,2023,2023 Oct,"Developing a machine learning model for detecting depression, anxiety, and apathy in older adults with mild cognitive impairment using speech and facial expressions: A cross-sectional observational study.","BACKGROUND: Depression, anxiety, and apathy are highly prevalent in older people with preclinical dementia and mild cognitive impairment. These symptoms have also proven valuable in predicting the progression from mild cognitive impairment to dementia, enabling a timely diagnosis and treatment. However, objective and reliable indicators to detect and distinguish depression, anxiety, and apathy are relatively scarce. OBJECTIVE: This study aimed to develop a machine learning model to detect and distinguish depression, anxiety, and apathy based on speech and facial expressions. DESIGN: An observational, cross-sectional study design. SETTING(S): The memory outpatient department of a tertiary hospital. PARTICIPANTS: 319 older adults diagnosed with mild cognitive impairment. METHODS: Depression, anxiety, and apathy were evaluated by the Public Health Questionnaire, General Anxiety Disorder, and Apathy Evaluation Scale, respectively. Speech and facial expressions of older adults with mild cognitive impairment were digitally captured using audio and video recording software. Open-source data analysis toolkits were utilized to extract speech, facial, and text features. The multiclass classification was used to develop classification models, and shapely additive explanations were used to explain the contribution of each feature within the model. RESULTS: The random forest method was used to develop a multiclass emotion classification model, which performed well in classifying emotions with a weighted-average F1 score of 96.6 %. The model also demonstrated high accuracy, precision, and recall, with 87.4 %, 86.6 %, and 87.6 %, respectively. CONCLUSIONS: The machine learning model developed in this study demonstrated strong classification performance in detecting and differentiating depression, anxiety, and apathy. This innovative approach combines text, audio, and video to provide objective methods for precise classification and remote monitoring of these symptoms in nursing practice. REGISTRATION: This study was registered at the Chinese Clinical Trial Registry (registration number: ChiCTR1900023892; registration date: June 19th, 2019).",International journal of nursing studies,Int J Nurs Stud,Observational Study; Journal Article,Zhou Ying,"School of Nursing, Shanghai Jiao Tong University, Shanghai, China. Electronic address: zhouying@shsmu.edu.cn.",10.1016/j.ijnurstu.2023.104562,Q1,2023,Cautious Optimism,haiku,High,no,"{""stance"": ""Cautious Optimism"", ""confidence"": ""High"", ""predictive_claim"": ""no""}"
38416959,2023,2023 Feb,Artificial Intelligence for Breast US.,"US is a widely available, commonly used, and indispensable imaging modality for breast evaluation. It is often the primary imaging modality for the detection and diagnosis of breast cancer in low-resource settings. In addition, it is frequently employed as a supplemental screening tool via either whole breast handheld US or automated breast US among women with dense breasts. In recent years, a variety of artificial intelligence systems have been developed to assist radiologists with the detection and diagnosis of breast lesions on US. This article reviews the background and evidence supporting the use of artificial intelligence tools for breast US, describes implementation strategies and impact on clinical workflow, and discusses potential emerging roles and future directions.",Journal of breast imaging,J Breast Imaging,"Review; Journal Article; Research Support, Non-U.S. Gov't",Villa-Camacho Juan C,"Massachusetts General Hospital, Department of Radiology, Boston, MA, USA.",10.1093/jbi/wbac077,Q2,2023,Cautious Optimism,sonnet,Medium,yes,"{""stance"": ""Cautious Optimism"", ""confidence"": ""Medium"", ""predictive_claim"": ""yes""}"
37174035,2023,2023 Apr,hist2RNA: An Efficient Deep Learning Architecture to Predict Gene Expression from Breast Cancer Histopathology Images.,"Gene expression can be used to subtype breast cancer with improved prediction of risk of recurrence and treatment responsiveness over that obtained using routine immunohistochemistry (IHC). However, in the clinic, molecular profiling is primarily used for ER+ breast cancer, which is costly, tissue destructive, requires specialised platforms, and takes several weeks to obtain a result. Deep learning algorithms can effectively extract morphological patterns in digital histopathology images to predict molecular phenotypes quickly and cost-effectively. We propose a new, computationally efficient approach called hist2RNA inspired by bulk RNA sequencing techniques to predict the expression of 138 genes (incorporated from 6 commercially available molecular profiling tests), including luminal PAM50 subtype, from hematoxylin and eosin (H&E)-stained whole slide images (WSIs). The training phase involves the aggregation of extracted features for each patient from a pretrained model to predict gene expression at the patient level using annotated H&E images from The Cancer Genome Atlas (TCGA, n = 335). We demonstrate successful gene prediction on a held-out test set (n = 160, corr = 0.82 across patients, corr = 0.29 across genes) and perform exploratory analysis on an external tissue microarray (TMA) dataset (n = 498) with known IHC and survival information. Our model is able to predict gene expression and luminal PAM50 subtype (Luminal A versus Luminal B) on the TMA dataset with prognostic significance for overall survival in univariate analysis (c-index = 0.56, hazard ratio = 2.16 (95% CI 1.12-3.06), p < 5 × 10-3), and independent significance in multivariate analysis incorporating standard clinicopathological variables (c-index = 0.65, hazard ratio = 1.87 (95% CI 1.30-2.68), p < 5 × 10-3). The proposed strategy achieves superior performance while requiring less training time, resulting in less energy consumption and computational cost compared to patch-based models. Additionally, hist2RNA predicts gene expression that has potential to determine luminal molecular subtypes which correlates with overall survival, without the need for expensive molecular testing.",Cancers,Cancers (Basel),Journal Article,Mondol Raktim Kumar,"School of Computer Science and Engineering, UNSW Sydney, Kensington, NSW 2052, Australia.",10.3389/fmed.2018.00248,Q1,2023,Cautious Optimism,haiku,High,no,"{""stance"": ""Cautious Optimism"", ""confidence"": ""High"", ""predictive_claim"": ""no""}"
37884824,2023,2023 Dec,Sarcopenia classification model for musculoskeletal patients using smart insole and artificial intelligence gait analysis.,"BACKGROUND: The relationship between physical function, musculoskeletal disorders and sarcopenia is intricate. Current physical function tests, such as the gait speed test and the chair stand test, have limitations in eliminating subjective influences. To overcome this, smart devices utilizing inertial measurement unit sensors and artificial intelligence (AI)-based methods are being developed. METHODS: We employed cutting-edge technologies, including the smart insole device and pose estimation based on AI, along with three classification models: random forest (RF), support vector machine and artificial neural network, to classify control and sarcopenia groups. Patient data of 83 individuals were divided into train and test sets, with approximately 67% allocated for training. Classification models were implemented using RStudio, considering individual and combined variables obtained through pose estimation and smart insole measurements. RESULTS: Performance evaluation of the classification models utilized accuracy, precision, recall and F1-score indicators. Using only pose estimation variables, accuracy ranged from 0.92 to 0.96, with F1-scores of 0.94-0.97. Key variables identified by the RF model were 'Hip_dif', 'Ankle_dif' and 'Hipankle_dif'. Combining variables from both methods increased accuracy to 0.80-1.00, with F1-scores of 0.73-1.00. CONCLUSIONS: In our study, a classification model that integrates smart insole and pose estimation technology was assessed. The RF model showed impressive results, particularly in the case of the Hip and Ankle variables. The growth of advanced measurement technologies suggests a promising avenue for identifying and utilizing additional digital biomarkers in the management of various disorders. The convergence of AI technologies with diagnostics and treatment approaches a promising future for enhanced interventions in conditions like sarcopenia.","Journal of cachexia, sarcopenia and muscle",J Cachexia Sarcopenia Muscle,"Journal Article; Research Support, Non-U.S. Gov't",Kim Shinjune,"Department of Biomedical Research Institute, Inha University Hospital, Incheon, South Korea.",10.48550/arXiv.2006.10204,Q1,2023,Cautious Optimism,haiku,High,yes,"{""stance"": ""Cautious Optimism"", ""confidence"": ""High"", ""predictive_claim"": ""yes""}"
37564702,2023,2023 Aug,Improved interpretation of 18F-florzolotau PET in progressive supranuclear palsy using a normalization-free deep-learning classifier.,"While 18F-florzolotau tau PET is an emerging biomarker for progressive supranuclear palsy (PSP), its interpretation has been hindered by a lack of consensus on visual reading and potential biases in conventional semi-quantitative analysis. As clinical manifestations and regions of elevated 18F-florzolotau binding are highly overlapping in PSP and the Parkinsonian type of multiple system atrophy (MSA-P), developing a reliable discriminative classifier for 18F-florzolotau PET is urgently needed. Herein, we developed a normalization-free deep-learning (NFDL) model for 18F-florzolotau PET, which achieved significantly higher accuracy for both PSP and MSA-P compared to semi-quantitative classifiers. Regions driving the NFDL classifier's decision were consistent with disease-specific topographies. NFDL-guided radiomic features correlated with clinical severity of PSP. This suggests that the NFDL model has the potential for early and accurate differentiation of atypical parkinsonism and that it can be applied in various scenarios due to not requiring subjective interpretation, MR-dependent, and reference-based preprocessing.",iScience,iScience,Journal Article,Lu Jiaying,"Department of Nuclear Medicine & PET Center & National Center for Neurological Disorders & National Clinical Research Center for Aging and Medicine, Huashan Hospital, Fudan University, Shanghai 200235, China.",10.1016/j.dib.2017.04.013,Q1,2023,Cautious Optimism,haiku,High,yes,"{""stance"": ""Cautious Optimism"", ""confidence"": ""High"", ""predictive_claim"": ""yes""}"
35881595,2023,2023 Feb,ECGNet: An Efficient Network for Detecting Premature Ventricular Complexes Based on ECG Images.,"BACKGROUND: Preoperative prediction of the origin site of premature ventricular complexes (PVCs) is critical for the success of operations. However, current methods are not efficient or accurate enough. In addition, among the proposed strategies, there are few good prediction methods for electrocardiogram (ECG) images combined with deep learning aspects. METHODS: We propose ECGNet, a new neural network for the classification of 12-lead ECG images. In ECGNet, 609 ECG images from 310 patients who had undergone successful surgery in the Division of Cardiology, the First Affiliated Hospital of Soochow University, are utilized to construct the dataset. We adopt dense blocks, special convolution kernels and divergent paths to improve the performance of ECGNet. In addition, a new loss function is designed to address the sample imbalance situation, whose cause is the uneven distribution of cases themselves, which often occurs in the medical field. We also conduct extensive experiments in terms of network prediction accuracy to compare ECGNet with other networks, such as ResNet and DarkNet. RESULTS: Our ECGNet achieves extremely high prediction accuracy (91.74%) and efficiency with very small datasets. Our newly proposed loss function can solve the problem of sample imbalance during the training process. CONCLUSION: The proposed ECGNet can quickly and accurately realize the multiclassification of PVCs after training with little data. Our network has the potential to be helpful to doctors with a preoperative diagnosis of PVCs. We will continue to collect similar cases and perfect our network structure to further improve the accuracy of our network's prediction.",IEEE transactions on bio-medical engineering,IEEE Trans Biomed Eng,"Journal Article; Research Support, Non-U.S. Gov't",Zhang Zeyang,,10.1109/TBME.2022.3193906,Q1,2023,Neutral,haiku,High,no,"{""stance"": ""Neutral"", ""confidence"": ""High"", ""predictive_claim"": ""no""}"
37097541,2023,2023 Oct,Experimental validation of computer-vision methods for the successful detection of endodontic treatment obturation and progression from noisy radiographs.,"PURPOSE: (1) To evaluate the effects of denoising and data balancing on deep learning to detect endodontic treatment outcomes from radiographs. (2) To develop and train a deep-learning model and classifier to predict obturation quality from radiomics. METHODS: The study conformed to the STARD 2015 and MI-CLAIMS 2021 guidelines. 250 deidentified dental radiographs were collected and augmented to produce 2226 images. The dataset was classified according to endodontic treatment outcomes following a set of customized criteria. The dataset was denoised and balanced, and processed with YOLOv5s, YOLOv5x, and YOLOv7 models of real-time deep-learning computer vision. Diagnostic test parameters such as sensitivity (Sn), specificity (Sp), accuracy (Ac), precision, recall, mean average precision (mAP), and confidence were evaluated. RESULTS: Overall accuracy for all the deep-learning models was above 85%. Imbalanced datasets with noise removal led to YOLOv5x's prediction accuracy to drop to 72%, while balancing and noise removal led to all three models performing at over 95% accuracy. mAP saw an improvement from 52 to 92% following balancing and denoising. CONCLUSION: The current study of computer vision applied to radiomic datasets successfully classified endodontic treatment obturation and mishaps according to a custom progressive classification system and serves as a foundation to larger research on the subject matter.",Oral radiology,Oral Radiol,"Journal Article; Research Support, Non-U.S. Gov't",Hasan Habib Al,"Department of Electrical and Computer Engineering, North South University, Dhaka, Bangladesh.",10.1016/0030-4220(84)90192-0,Q2,2023,Neutral,haiku,High,no,"{""stance"": ""Neutral"", ""confidence"": ""High"", ""predictive_claim"": ""no""}"
37440175,2023,2023 Dec,An Acoustical and Lexical Machine-Learning Pipeline to Identify Connectional Silences.,"Context: Developing scalable methods for conversation analytics is essential for health care communication science and quality improvement. Purpose: To assess the feasibility of automating the identification of a conversational feature, Connectional Silence, which is associated with important patient outcomes. Methods: Using audio recordings from the Palliative Care Communication Research Initiative cohort study, we develop and test an automated measurement pipeline comprising three machine-learning (ML) tools-a random forest algorithm and a custom convolutional neural network that operate in parallel on audio recordings, and subsequently a natural language processing algorithm that uses brief excerpts of automated speech-to-text transcripts. Results: Our ML pipeline identified Connectional Silence with an overall sensitivity of 84% and specificity of 92%. For Emotional and Invitational subtypes, we observed sensitivities of 68% and 67%, and specificities of 95% and 97%, respectively. Conclusion: These findings support the capacity for coordinated and complementary ML methods to fully automate the identification of Connectional Silence in natural hospital-based clinical conversations.",Journal of palliative medicine,J Palliat Med,"Journal Article; Research Support, Non-U.S. Gov't; Research Support, U.S. Gov't, Non-P.H.S.",Matt Jeremy E,"Graduate Program in Complex Systems and Data Science, College of Engineering and Mathematical Sciences, University of Vermont, Burlington, Vermont, USA.",10.1089/jpm.2023.0087,Q1,2023,Neutral,haiku,High,no,"{""stance"": ""Neutral"", ""confidence"": ""High"", ""predictive_claim"": ""no""}"
37598916,2023,2023 Oct,Building a nonclinical pathology laboratory of the future for pharmaceutical research excellence.,"We describe a roadmap for a fully digital artificial intelligence (AI)-augmented nonclinical pathology laboratory across three continents. Underpinning the design are Good Laboratory Practice (GLP)-validated laboratory information management systems (LIMS), whole slide-scanners (WSS), image management systems (IMS), and a digital microscope intended for use by the nonclinical pathologist. Digital diagnostics are supported by tools that include AI-based virtual staining and deep learning-based decision support. Implemented during the COVID-19 pandemic, the initial digitized workflow largely mitigated disruption of pivotal nonclinical studies required to support pharmaceutical clinical testing. We believe that this digital transformation of our nonclinical pathology laboratories will promote efficiency and innovation in the future and enhance the quality and speed of drug development decision making.",Drug discovery today,Drug Discov Today,Journal Article,Rudmann D G,"Charles River Laboratories, Digital Toxicologic Pathology, Discovery and Safety Assessment, Wilmington, DE, USA. Electronic address: daniel.rudmann@crl.com.",10.1016/j.drudis.2023.103747,Q2,2023,Cautious Optimism,haiku,High,no,"{""stance"": ""Cautious Optimism"", ""confidence"": ""High"", ""predictive_claim"": ""no""}"
37816993,2023,2023 Dec,Initial experience with the da Vinci SP robot-assisted surgical staging of endometrial cancer: a retrospective comparison with conventional laparotomy.,"To compare the perioperative outcomes of surgical staging performed using conventional laparotomy (LT) or the da Vinci SP robotic system (SP) in patients with endometrial cancer. We retrospectively analyzed 180 patients with stage I-III endometrial cancer who underwent surgical staging using LT (n = 126) or SP (n = 54) at the Yonsei Cancer Center between November 2018 and December 2022. Propensity score matching (PSM) was performed to mitigate potential confounding biases. Fifty-one pairs of patients were matched by PSM. SP required longer total operation time than LT (221 vs. 142 min in SP vs. LT, respectively, p < 0.001). However, estimated blood loss and postoperative hemoglobin change were lower in SP than in LT (30 vs. 100 mL, p < 0.001; 0.6 vs. 1.6 g/dL, p < 0.001 for SP vs. LT respectively). Furthermore, postoperative minor complications (13.7% in SP vs. 33.3% in LT, p = 0.02), perioperative transfusion rate (0% in SP vs. 11.8% in LT, p = 0.03), and postoperative hospital stay (2 days for SP vs. 8 days for LT, p < 0.001) were lower in SP than in LT. Although the patient-controlled analgesia administration rate was lower in SP (13.8% in SP vs. 100% in LT, p < 0.001), the median postoperative pain score at 6, 12, and 24 h after surgery was lower in SP than in LT (2 vs. 3, p = 0.002; 2 vs. 3, p = 0.005; 2 vs. 3, p = 0.001 for SP vs. LT, respectively). Although SP required longer total operation time, it demonstrated several advantages over LT in endometrial cancer staging.",Journal of robotic surgery,J Robot Surg,Journal Article,Seon Ki Eun,"Division of Gynecologic Oncology, Department of Obstetrics and Gynecology, Institute of Women's Life Medical Science, Yonsei University College of Medicine, 50 Yonsei-ro Seodaemun-gu, Seoul, 03722, Korea.",10.1016/j.tjog.2016.01.003,Q2,2023,Neutral,haiku,High,no,"{""stance"": ""Neutral"", ""confidence"": ""High"", ""predictive_claim"": ""no""}"
36833018,2023,2023 Feb,Automatic Detection and Measurement of Renal Cysts in Ultrasound Images: A Deep Learning Approach.,"Ultrasonography is widely used for diagnosis of diseases in internal organs because it is nonradioactive, noninvasive, real-time, and inexpensive. In ultrasonography, a set of measurement markers is placed at two points to measure organs and tumors, then the position and size of the target finding are measured on this basis. Among the measurement targets of abdominal ultrasonography, renal cysts occur in 20-50% of the population regardless of age. Therefore, the frequency of measurement of renal cysts in ultrasound images is high, and the effect of automating measurement would be high as well. The aim of this study was to develop a deep learning model that can automatically detect renal cysts in ultrasound images and predict the appropriate position of a pair of salient anatomical landmarks to measure their size. The deep learning model adopted fine-tuned YOLOv5 for detection of renal cysts and fine-tuned UNet++ for prediction of saliency maps, representing the position of salient landmarks. Ultrasound images were input to YOLOv5, and images cropped inside the bounding box and detected from the input image by YOLOv5 were input to UNet++. For comparison with human performance, three sonographers manually placed salient landmarks on 100 unseen items of the test data. These salient landmark positions annotated by a board-certified radiologist were used as the ground truth. We then evaluated and compared the accuracy of the sonographers and the deep learning model. Their performances were evaluated using precision-recall metrics and the measurement error. The evaluation results show that the precision and recall of our deep learning model for detection of renal cysts are comparable to standard radiologists; the positions of the salient landmarks were predicted with an accuracy close to that of the radiologists, and in a shorter time.","Healthcare (Basel, Switzerland)",Healthcare (Basel),Journal Article,Kanauchi Yurie,"Department of Biosciences and Informatics, Keio University, Yokohama 2238522, Japan.",10.1259/dmfr.20200185,Q2,2023,Cautious Optimism,haiku,High,no,"{""stance"": ""Cautious Optimism"", ""confidence"": ""High"", ""predictive_claim"": ""no""}"
36449060,2023,2023 Jun,Primary bone tumor detection and classification in full-field bone radiographs via YOLO deep learning model.,"OBJECTIVES: Automatic bone lesions detection and classifications present a critical challenge and are essential to support radiologists in making an accurate diagnosis of bone lesions. In this paper, we aimed to develop a novel deep learning model called You Only Look Once (YOLO) to handle detecting and classifying bone lesions on full-field radiographs with limited manual intervention. METHODS: In this retrospective study, we used 1085 bone tumor radiographs and 345 normal bone radiographs from two centers between January 2009 and December 2020 to train and test our YOLO deep learning (DL) model. The trained model detected bone lesions and then classified these radiographs into normal, benign, intermediate, or malignant types. The intersection over union (IoU) was used to assess the model's performance in the detection task. Confusion matrices and Cohen's kappa scores were used for evaluating classification performance. Two radiologists compared diagnostic performance with the trained model using the external validation set. RESULTS: In the detection task, the model achieved accuracies of 86.36% and 85.37% in the internal and external validation sets, respectively. In the DL model, radiologist 1 and radiologist 2 achieved Cohen's kappa scores of 0.8187, 0.7927, and 0.9077 for four-way classification in the external validation set, respectively. The YOLO DL model illustrated a significantly higher accuracy for intermediate bone tumor classification than radiologist 1 (95.73% vs 88.08%, p = 0.004). CONCLUSIONS: The developed YOLO DL model could be used to assist radiologists at all stages of bone lesion detection and classification in full-field bone radiographs. KEY POINTS: • YOLO DL model can automatically detect bone neoplasms from full-field radiographs in one shot and then simultaneously classify radiographs into normal, benign, intermediate, or malignant. • The dataset used in this retrospective study includes normal bone radiographs. • YOLO can detect even some challenging cases with small volumes.",European radiology,Eur Radiol,Journal Article,Li Jie,"Department of Radiology, The Affiliated Hospital of Qingdao University, 16 Jiangsu Road, Qingdao, 266003, Shandong, China.",10.3390/diagnostics9030072,Q1,2023,Cautious Optimism,haiku,High,no,"{""stance"": ""Cautious Optimism"", ""confidence"": ""High"", ""predictive_claim"": ""no""}"
37061014,2023,2023 May,Predicting relations between SOAP note sections: The value of incorporating a clinical information model.,"Physician progress notes are frequently organized into Subjective, Objective, Assessment, and Plan (SOAP) sections. The Assessment section synthesizes information recorded in the Subjective and Objective sections, and the Plan section documents tests and treatments to narrow the differential diagnosis and manage symptoms. Classifying the relationship between the Assessment and Plan sections has been suggested to provide valuable insight into clinical reasoning. In this work, we use a novel human-in-the-loop pipeline to classify the relationships between the Assessment and Plan sections of SOAP notes as a part of the n2c2 2022 Track 3 Challenge. In particular, we use a clinical information model constructed from both the entailment logic expected from the aforementioned Challenge and the problem-oriented medical record. This information model is used to label named entities as primary and secondary problems/symptoms, events and complications in all four SOAP sections. We iteratively train separate Named Entity Recognition models and use them to annotate entities in all notes/sections. We fine-tune a downstream RoBERTa-large model to classify the Assessment-Plan relationship. We evaluate multiple language model architectures, preprocessing parameters, and methods of knowledge integration, achieving a maximum macro-F1 score of 82.31%. Our initial model achieves top-2 performance during the challenge (macro-F1: 81.52%, competitors' macro-F1 range: 74.54%-82.12%). We improved our model by incorporating post-challenge annotations (S&O sections), outperforming the top model from the Challenge. We also used Shapley additive explanations to investigate the extent of language model clinical logic, under the lens of our clinical information model. We find that the model often uses shallow heuristics and nonspecific attention when making predictions, suggesting language model knowledge integration requires further research.",Journal of biomedical informatics,J Biomed Inform,"Journal Article; Research Support, N.I.H., Extramural; Research Support, Non-U.S. Gov't",Socrates Vimig,"Section for Biomedical Informatics and Data Science, Yale University School of Medicine, 300 George St, 06511, New Haven, USA; Department of Emergency Medicine, Yale University School of Medicine, 464 Congress Ave #260, New Haven, 06519, USA; Program of Computational Biology and Bioinformatics, Yale University, 300 George St, New Haven, 06511, USA. Electronic address: vimig.socrates@yale.edu.",10.18653/v1/2020.emnlp-demos.6,Q2,2023,Neutral,haiku,High,no,"{""stance"": ""Neutral"", ""confidence"": ""High"", ""predictive_claim"": ""no""}"
36854881,2023,2023 Mar,The potential impact of ChatGPT in clinical and translational medicine.,,Clinical and translational medicine,Clin Transl Med,Journal Article,Baumgartner Christian,"Graz University of Technology, Institute of Health Care Engineering with European Testing Center of Medical Devices, Graz, Austria.",10.1002/ctm2.1206,Q1,2023,Cautious Optimism,sonnet,Medium,yes,"{""stance"": ""Cautious Optimism"", ""confidence"": ""Medium"", ""predictive_claim"": ""yes""}"
37684064,2023,2023 Oct,Optimizing Informed Consent in Cancer Clinical Trials.,"The concept of informed consent has evolved considerably over the course of the 20th century, leading to its establishment as a foundational ethical principle for the conduct of biomedical research in the United States. Even though it is now a highly regulated part of cancer research, the process of obtaining informed consent is often impeded by systemic, clinician, and patient factors that require both small- and large-scale intervention. New challenges and considerations continue to emerge due to innovations in clinical trial design, increases in utilization of genomic sequencing, and advances in genomic editing and artificial intelligence. We present a review of the history, policy, pragmatic challenges, and evolving role of the central ethical tenet of informed consent in clinical trials.",Seminars in radiation oncology,Semin Radiat Oncol,Journal Article; Review,Perni Subha,"Division of Radiation Oncology, The University of Texas MD Anderson Cancer Center, Houston, TX.",10.1016/j.semradonc.2023.06.001,Q1,2023,Neutral,haiku,Medium,no,"{""stance"": ""Neutral"", ""confidence"": ""Medium"", ""predictive_claim"": ""no""}"
37009333,2023,2023 Mar,Annotation-free glioma grading from pathological images using ensemble deep learning.,"Glioma grading is critical for treatment selection, and the fine classification between glioma grades II and III is still a pathological challenge. Traditional systems based on a single deep learning (DL) model can only show relatively low accuracy in distinguishing glioma grades II and III. Introducing ensemble DL models by combining DL and ensemble learning techniques, we achieved annotation-free glioma grading (grade II or III) from pathological images. We established multiple tile-level DL models using residual network ResNet-18 architecture and then used DL models as component classifiers to develop ensemble DL models to achieve patient-level glioma grading. Whole-slide images of 507 subjects with low-grade glioma (LGG) from the Cancer Genome Atlas (TCGA) were included. The 30 DL models exhibited an average area under the curve (AUC) of 0.7991 in patient-level glioma grading. Single DL models showed large variation, and the median between-model cosine similarity was 0.9524, significantly smaller than the threshold of 1.0. The ensemble model based on logistic regression (LR) methods with a 14-component DL classifier (LR-14) demonstrated a mean patient-level accuracy and AUC of 0.8011 and 0.8945, respectively. Our proposed LR-14 ensemble DL model achieved state-of-the-art performance in glioma grade II and III classifications based on unannotated pathological images.",Heliyon,Heliyon,Journal Article,Su Feng,"Department of Neurobiology, School of Basic Medical Sciences, Beijing Key Laboratory of Neural Regeneration and Repair, Capital Medical University, Beijing 100069, China.",10.1038/s41598-020-64588-y,Q1,2023,Neutral,sonnet,High,no,"{""stance"": ""Neutral"", ""confidence"": ""High"", ""predictive_claim"": ""no""}"
37238251,2023,2023 May,Identification and Quantification of Jaundice by Trans-Conjunctiva Optical Imaging Using a Human Brain-like Algorithm: A Cross-Sectional Study.,"Jaundice is caused by excess circulating bilirubin, known as hyperbilirubinemia. This symptom is sometimes caused by a critical hepatobiliary disorder, and is generally identified as yellowish sclera when bilirubin levels increase more than 3 mg/dL. It is difficult to identify jaundice accurately, especially via telemedicine. This study aimed to identify and quantify jaundice by trans-conjunctiva optical imaging. Patients with jaundice (total bilirubin ≥3 mg/dL) and normal control subjects (total bilirubin <3 mg/dL) were prospectively enrolled from June 2021 to July 2022. We took bilateral conjunctiva imaging with a built-in camera on a smartphone (1st generation iPhone SE) under normal white light conditions without any restrictions. We processed the images using an Algorithm Based on Human Brain (ABHB) (Zeta Bridge Corporation, Tokyo, Japan) and converted them into a hue degree of Hue Saturation Lightness (HSL) color space. A total of 26 patients with jaundice (9.57 ± 7.11 mg/dL) and 25 control subjects (0.77 ± 0.35 mg/dL) were enrolled in this study. The causes of jaundice among the 18 male and 8 female subjects (median age 61 yrs.) included hepatobiliary cancer (n = 10), chronic hepatitis or cirrhosis (n = 6), pancreatic cancer (n = 4), acute liver failure (n = 2), cholelithiasis or cholangitis (n = 2), acute pancreatitis (n = 1), and Gilbert's syndrome (n = 1). The maximum hue degree (MHD) optimal cutoff to identify jaundice was 40.8 (sensitivity 81% and specificity 80%), and the AUROC was 0.842. The MHD was moderately correlated to total serum bilirubin (TSB) levels (rS = 0.528, p < 0.001). TSB level (≥5 mg/dL) can be estimated by the formula 21.1603 - 0.7371 × 56.3-MHD2. In conclusion, the ABHB-based MHD of conjunctiva imaging identified jaundice using an ordinary smartphone without any specific attachments and deep learning. This novel technology could be a helpful diagnostic tool in telemedicine or self-medication.","Diagnostics (Basel, Switzerland)",Diagnostics (Basel),Journal Article,Kihara Takuya,"Division of Gastroenterology and Nephrology, Department of Multidisciplinary Internal Medicine, Faculty of Medicine, Tottori University, Yonago 683-8504, Japan.",10.1186/s12880-021-00655-8,Q2,2023,Cautious Optimism,haiku,High,no,"{""stance"": ""Cautious Optimism"", ""confidence"": ""High"", ""predictive_claim"": ""no""}"
36372298,2023,2023 Jan,Deep learning-based predictions of clear and eosinophilic phenotypes in clear cell renal cell carcinoma.,"We have recently shown that histological phenotypes focusing on clear and eosinophilic cytoplasm in clear cell renal cell carcinoma (ccRCC) correlated with prognosis and the response to angiogenesis inhibition and checkpoint blockade. This study aims to objectively show the diagnostic utility of clear or eosinophilic phenotypes of ccRCC by developing an artificial intelligence (AI) model using the TCGA-ccRCC dataset and to demonstrate if the clear or eosinophilic predicted phenotypes correlate with pathological factors and gene signatures associated with angiogenesis and cancer immunity. Before the development of the AI model, histological evaluation using hematoxylin and eosin whole-slide images of the TCGA-ccRCC cohort (n = 435) was performed by a urologic pathologist. The AI model was developed as follows. First, the highest-grade area on each whole slide image was captured for image processing. Second, the selected regions were cropped into tiles. Third, the AI model was trained using transfer learning on a deep convolutional neural network, and clear or eosinophilic predictions were scaled as AI scores. Next, we verified the AI model using a validation cohort (n = 95). Finally, we evaluated the accuracy of the prognostic predictions of the AI model and revealed that the AI model detected clear and eosinophilic phenotypes with high accuracy. The AI model stratified the patients' outcomes, and the predicted eosinophilic phenotypes correlated with adverse clinicopathological characteristics and high immune-related gene signatures. In conclusion, the AI-based histologic subclassification accurately predicted clear or eosinophilic phenotypes of ccRCC, allowing for consistently reproducible stratification for prognostic and therapeutic stratification.",Human pathology,Hum Pathol,"Journal Article; Research Support, Non-U.S. Gov't",Ohe Chisato,"Department of Pathology, Kansai Medical University, 2-3-1 Shin-machi, Hirakata, Osaka 573-1191, Japan. Electronic address: ohec@hirakata.kmu.ac.jp.",10.1016/j.humpath.2022.11.004,Q1,2023,Cautious Optimism,haiku,High,no,"{""stance"": ""Cautious Optimism"", ""confidence"": ""High"", ""predictive_claim"": ""no""}"
36991869,2023,2023 Mar,Lite and Efficient Deep Learning Model for Bearing Fault Diagnosis Using the CWRU Dataset.,"Bearing defects are a common problem in rotating machines and equipment that can lead to unexpected downtime, costly repairs, and even safety hazards. Diagnosing bearing defects is crucial for preventative maintenance, and deep learning models have shown promising results in this field. On the other hand, the high complexity of these models can lead to high computational and data processing costs, making their practical implementation challenging. Recent studies have focused on optimizing these models by reducing their size and complexity, but these methods often compromise classification performance. This paper proposes a new approach that reduces the dimensionality of input data and optimizes the model structure simultaneously. A much lower input data dimension than that of existing deep learning models was achieved by downsampling the vibration sensor signals used for bearing defect diagnosis and constructing spectrograms. This paper introduces a lite convolutional neural network (CNN) model with fixed feature map dimensions that achieve high classification accuracy with low-dimensional input data. The vibration sensor signals used for bearing defect diagnosis were first downsampled to reduce the dimensionality of the input data. Next, spectrograms were constructed using the signals of the minimum interval. Experiments were conducted using the vibration sensor signals from the Case Western Reserve University (CWRU) dataset. The experimental results show that the proposed method could be highly efficient in terms of computation while maintaining outstanding classification performance. The results show that the proposed method outperformed a state-of-the-art model for bearing defect diagnosis under different conditions. This approach is not limited to the field of bearing failure diagnosis, but could be applied potentially to other fields that require the analysis of high-dimensional time series data.","Sensors (Basel, Switzerland)",Sensors (Basel),Journal Article,Yoo Yubin,"Department of Information & Communication Engineering, Graduate School, Dongguk University, Gyeongju 38066, Republic of Korea.",10.3390/app10207208,Q1,2023,Neutral,haiku,High,no,"{""stance"": ""Neutral"", ""confidence"": ""High"", ""predictive_claim"": ""no""}"
36266993,2023,2023 Apr,Clinical Applications of Machine Learning for Urolithiasis and Benign Prostatic Hyperplasia: A Systematic Review.,"Introduction: Previous systematic reviews related to machine learning (ML) in urology often overlooked the literature related to endourology. Therefore, we aim to conduct a more focused systematic review examining the use of ML algorithms for the management of benign prostatic hyperplasia (BPH) or urolithiasis. In addition, we are the first group to evaluate these articles using the Standardized Reporting of Machine Learning Applications in Urology (STREAM-URO) framework. Methods: Searches of MEDLINE, Embase, and the Cochrane CENTRAL databases were conducted from inception through July 12, 2021. Keywords included those related to ML, endourology, urolithiasis, and BPH. Two reviewers screened the citations that were eligible for title, abstract, and full-text screening, with conflicts resolved by a third reviewer. Two reviewers extracted information from the studies, with discrepancies resolved by a third reviewer. The data collected were then qualitatively synthesized by consensus. Two reviewers evaluated each article according to the STREAM-URO checklist with discrepancies resolved by a third reviewer. Results: After identifying 459 unique citations, 63 articles were retained for data extraction. Most articles consisted of tabular (n = 32) and computer vision (n = 23) tasks. The two most common problem types were classification (n = 40) and regression (n = 12). In general, most studies utilized neural networks as their ML algorithm (n = 36). Among the 63 studies retrieved, 58 were related to urolithiasis and 5 focused on BPH. The urolithiasis studies were designed for outcome prediction (n = 20), stone classification (n = 18), diagnostics (n = 17), and therapeutics (n = 3). The BPH studies were designed for outcome prediction (n = 2), diagnostics (n = 2), and therapeutics (n = 1). On average, the urolithiasis and BPH articles met 13.8 (standard deviation 2.6), and 13.4 (4.1) of the 26 STREAM-URO framework criteria, respectively. Conclusions: The majority of the retrieved studies effectively helped with outcome prediction, diagnostics, and therapeutics for both urolithiasis and BPH. While ML shows great promise in improving patient care, it is important to adhere to the recently developed STREAM-URO framework to ensure the development of high-quality ML studies.",Journal of endourology,J Endourol,Systematic Review; Journal Article,Bouhadana David,"Faculty of Medicine and Health Sciences, McGill University, Montreal, Canada.",10.1089/end.2022.0311,Q1,2023,Cautious Optimism,haiku,High,no,"{""stance"": ""Cautious Optimism"", ""confidence"": ""High"", ""predictive_claim"": ""no""}"
36819291,2023,2023 Feb,Improved image quality in transcatheter aortic valve implantation planning CT using deep learning-based image reconstruction.,"BACKGROUND: This study aims to evaluate the impact of a novel deep learning-based image reconstruction (DLIR) algorithm on the image quality in computed tomographic angiography (CTA) for pre-interventional planning of transcatheter aortic valve implantation (TAVI). METHODS: We analyzed 50 consecutive patients (median age 80 years, 25 men) who underwent TAVI planning CT on a 256-dectector-row CT. Images were reconstructed with adaptive statistical iterative reconstruction V (ASIR-V) and DLIR. Intravascular image noise, edge sharpness, signal-to-noise ratio (SNR) and contrast-to-noise ratio (CNR) were quantified for ascending aorta, descending aorta, abdominal aorta and iliac arteries. Two readers (one radiologist and one interventional cardiologist) scored task-specific subjective image quality on a five-point scale. RESULTS: DLIR significantly reduced median image noise by 29-57% at all anatomical locations (all P<0.001). Accordingly, median SNR improved by 44-133% (all P<0.001) and median CNR improved by 44-125% (all P<0.001). DLIR significantly improved subjective image quality for all four pre-specified TAVI-specific tasks (measuring the annulus, assessing valve morphology and calcifications, the coronary ostia, and the suitability of the aorto-iliac access route) for both the radiologist and the interventional cardiologist (P≤0.001). Measurements of the aortic annulus circumference, area and diameter did not differ between ASIR-V and DLIR reconstructions (all P>0.05). CONCLUSIONS: DLIR significantly improves objective and subjective image quality in TAVI planning CT compared to a state-of-the-art iterative reconstruction without affecting measurements of the aortic annulus. This may provide an opportunity for further reductions in contrast medium volume in this population.",Quantitative imaging in medicine and surgery,Quant Imaging Med Surg,Journal Article,Heinrich Andra,"Institute of Diagnostic and Interventional Radiology, Pediatric Radiology and Neuroradiology, University Medical Centre Rostock, Rostock, Germany.",10.1007/s00330-015-4080-x,Q2,2023,Neutral,haiku,High,no,"{""stance"": ""Neutral"", ""confidence"": ""High"", ""predictive_claim"": ""no""}"
37574762,2023,2023 Nov,Machine learning models for orthokeratology lens fitting and axial length prediction.,"PURPOSE: In order to improve the efficiency of orthokeratology (OK) lens fitting and predict the axial length after 1 year of OK lens wear, machine learning models were proposed. METHODS: Clinical data from 1302 myopic subjects were collected retrospectively, and two machine learning models were implemented. Demographic and corneal topographic data were collected as input variables. The output variables were the parameters of the OK lens and the axial length after 1 year. Eighty percent of input variables was used as the training set and the remaining 20% was used as the validation set. The first alignment curve (AC1) of the OK lenses, deduced using machine learning models and formula calculation, were compared. Multiple regression models (support vector machine, Gaussian process, decision tree and random forest) were used to predict the axial length after 1 year. In addition, we classified data based on lens brand, and carried out more detailed parameter fitting and analysis for spherical and toric OK lenses. RESULTS: The OK lens fitting model showed higher (R2  = 0.93) and lower errors (mean absolute error [MAE] = 0.19, mean square error [MSE] = 0.09) when predicting AC1, compared with the formula calculation (R2  = 0.66, MAE = 0.44, MSE = 0.25). The machine learning model still had high R2 values ranging from 0.91 to 0.96 when considering the brand and design of the OK lenses. Further, the R2 value for the axial length prediction model was 0.94, which indicated that the machine learning model had high accuracy and good robustness. CONCLUSION: The OK lens fitting model and the axial length prediction model played an important role in guiding OK lens fitting, with high accuracy and robustness in prediction performance.",Ophthalmic & physiological optics : the journal of the British College of Ophthalmic Opticians (Optometrists),Ophthalmic Physiol Opt,Journal Article,Xu Shuai,"Key Laboratory of Weak-Light Nonlinear Photonics, Ministry of Education, School of Physics and TEDA Applied Physics, Nankai University, Tianjin, China.",10.1111/opo.13212,Q1,2023,Neutral,sonnet,High,no,"{""stance"": ""Neutral"", ""confidence"": ""High"", ""predictive_claim"": ""no""}"
37739440,2023,2023 Sep,Machine learning-based integration develops a metabolism-derived consensus model for improving immunotherapy in pancreatic cancer.,"BACKGROUND: Pancreatic cancer (PAC) is one of the most malignant cancer types and immunotherapy has emerged as a promising treatment option. PAC cells undergo metabolic reprogramming, which is thought to modulate the tumor microenvironment (TME) and affect immunotherapy outcomes. However, the metabolic landscape of PAC and its association with the TME remains largely unexplored. METHODS: We characterized the metabolic landscape of PAC based on 112 metabolic pathways and constructed a novel metabolism-related signature (MBS) using data from 1,188 patients with PAC. We evaluated the predictive performance of MBS for immunotherapy outcomes in 11 immunotherapy cohorts from both bulk-RNA and single-cell perspectives. We validated our results using immunohistochemistry, western blotting, colony-formation assays, and an in-house cohort. RESULTS: MBS was found to be negatively associated with antitumor immunity, while positively correlated with cancer stemness, intratumoral heterogeneity, and immune resistant pathways. Notably, MBS outperformed other acknowledged signatures for predicting immunotherapy response in multiple immunotherapy cohorts. Additionally, MBS was a powerful and robust biomarker for predicting prognosis compared with 66 published signatures. Further, we identified dasatinib and epothilone B as potential therapeutic options for MBS-high patients, which were validated through experiments. CONCLUSIONS: Our study provides insights into the mechanisms of immunotherapy resistance in PAC and introduces MBS as a robust metabolism-based indicator for predicting response to immunotherapy and prognosis in patients with PAC. These findings have significant implications for the development of personalized treatment strategies in patients with PAC and highlight the importance of considering metabolic pathways and immune infiltration in TME regulation.",Journal for immunotherapy of cancer,J Immunother Cancer,"Journal Article; Research Support, Non-U.S. Gov't",Guo Yongdong,"Department of Oncology, Tangdu Hospital, Air Force Medical University, Xi'an, Shaanxi, China.",10.1016/j.ejca.2022.03.038,Q1,2023,Neutral,haiku,High,no,"{""stance"": ""Neutral"", ""confidence"": ""High"", ""predictive_claim"": ""no""}"
37219805,2023,2023 Nov,Automatic segmentation of orbital wall from CT images via a thin wall region supervision-based multi-scale feature search network.,"PURPOSE: Orbital wall segmentation is critical for orbital measurement and reconstruction. However, the orbital floor and medial wall are made up of thin walls (TW) with low gradient values, making it difficult to segment the blurred areas of the CT images. Clinically, doctors have to manually repair the missing parts of TW, which is time-consuming and laborious. METHODS: To address these issues, this paper proposes an automatic orbital wall segmentation method based on TW region supervision using a multi-scale feature search network. First of all, in the encoding branch, the densely connected atrous spatial pyramid pooling based on the residual connection is adopted to achieve a multi-scale feature search. Then, for feature enhancement, multi-scale up-sampling and residual connection are applied to perform skip connection of features in multi-scale convolution. Finally, we explore a strategy for improving the loss function based on the TW region supervision, which effectively increases the TW region segmentation accuracy. RESULTS: The test results show that the proposed network performs well in terms of automatic segmentation. For the whole orbital wall region, the Dice coefficient (Dice) of segmentation accuracy reaches 96.086 ± 1.049%, the Intersection over Union (IOU) reaches 92.486 ± 1.924%, and the 95% Hausdorff distance (HD) reaches 0.509 ± 0.166 mm. For the TW region, the Dice reaches 91.470 ± 1.739%, the IOU reaches 84.327 ± 2.938%, and the 95% HD reaches 0.481 ± 0.082 mm. Compared with other segmentation networks, the proposed network improves the segmentation accuracy while filling the missing parts in the TW region. CONCLUSION: In the proposed network, the average segmentation time of each orbital wall is only 4.05 s, obviously improving the segmentation efficiency of doctors. In the future, it may have a practical significance in clinical applications such as preoperative planning for orbital reconstruction, orbital modeling, orbital implant design, and so on.",International journal of computer assisted radiology and surgery,Int J Comput Assist Radiol Surg,Journal Article,Xu Jiangchang,"Institute of Biomedical Manufacturing and Life Quality Engineering, State Key Laboratory of Mechanical System and Vibration, Room 925, School of Mechanical Engineering, Shanghai Jiao Tong University, Dongchuan Road 800, Minhang District, Shanghai, 200240, China.",10.1016/j.media.2019.01.012,Q1,2023,Neutral,haiku,High,no,"{""stance"": ""Neutral"", ""confidence"": ""High"", ""predictive_claim"": ""no""}"
37495849,2023,2023 Oct,Diagnostic accuracy of artificial intelligence-aided capsule endoscopy (TOP100) in overt small bowel bleeding.,"BACKGROUND: Capsule endoscopy (CE) is the first-choice exploration in case of overt small bowel bleeding (SBB). An early CE is known to increase diagnostic yield, but long reading times may delay therapeutics. The study evaluates the diagnostic performance of the artificial intelligence tool TOP100 in patients with overt SBB undergoing early CE with Pillcam SB3. METHODS: Patients who underwent early CE (up to 14 days from the bleeding episode) for suspected overt SBB were included. One experienced endoscopist prospectively performed standard reading (SR) and a second blind experienced endoscopist performed a TOP100-based reading (TR). The primary endpoint was TR diagnostic accuracy for lesions with high bleeding potential (P2). RESULTS: A total of 111 patients were analyzed. The most common clinical presentation was melena (64%). CE showed angiodysplasias in 40.5% of patients (45/111). In per-patient analysis, TR showed a sensitivity of 90.48% (95% CI 82.09-95.80), specificity of 100% (95% CI 87.23-100) with a PPV of 100% (95% CI 94.01-100), NPV of 77.14% (95% CI 63.58-86.71) and diagnostic accuracy of 92.79 (86.29-96.84). At multivariate analysis, adequate intestinal cleansing was the only independent predictor of concordance between TR and SR (OR 2.909, p = 0.019). The median reading time for SR and TR was 23 min (18.0-26.8) and 1.9 min (range 1.7-2.1), respectively (p < 0.001). CONCLUSIONS: TOP100 provides a fast-reading mode for early CE in case of overt small bowel bleeding. It identifies most patients with active bleeding and angiodysplasias, aiding in the prioritization of therapeutic procedures. However, its accuracy in detecting ulcers, varices and P1 lesions seems insufficient.",Surgical endoscopy,Surg Endosc,"Journal Article; Research Support, Non-U.S. Gov't",Giordano Antonio,"Endoscopy Unit, Gastroenterology Department, ICMDM, Hospital Clínic de Barcelona, Barcelona, Spain.",10.1007/s10620-012-2074-y,Q1,2023,Cautious Optimism,haiku,High,no,"{""stance"": ""Cautious Optimism"", ""confidence"": ""High"", ""predictive_claim"": ""no""}"
37451472,2023,2023 Nov,Automated Segmentation of Sacral Chordoma and Surrounding Muscles Using Deep Learning Ensemble.,"PURPOSE: The manual segmentation of organ structures in radiation oncology treatment planning is a time-consuming and highly skilled task, particularly when treating rare tumors like sacral chordomas. This study evaluates the performance of automated deep learning (DL) models in accurately segmenting the gross tumor volume (GTV) and surrounding muscle structures of sacral chordomas. METHODS AND MATERIALS: An expert radiation oncologist contoured 5 muscle structures (gluteus maximus, gluteus medius, gluteus minimus, paraspinal, piriformis) and sacral chordoma GTV on computed tomography images from 48 patients. We trained 6 DL auto-segmentation models based on 3-dimensional U-Net and residual 3-dimensional U-Net architectures. We then implemented an average and an optimally weighted average ensemble to improve prediction performance. We evaluated algorithms with the average and standard deviation of the volumetric Dice similarity coefficient, surface Dice similarity coefficient with 2- and 3-mm thresholds, and average symmetric surface distance. One independent expert radiation oncologist assessed the clinical viability of the DL contours and determined the necessary amount of editing before they could be used in clinical practice. RESULTS: Quantitatively, the ensembles performed the best across all structures. The optimal ensemble (volumetric Dice similarity coefficient, average symmetric surface distance) was (85.5 ± 6.4, 2.6 ± 0.8; GTV), (94.4 ± 1.5, 1.0 ± 0.4; gluteus maximus), (92.6 ± 0.9, 0.9 ± 0.1; gluteus medius), (85.0 ± 2.7, 1.1 ± 0.3; gluteus minimus), (92.1 ± 1.5, 0.8 ± 0.2; paraspinal), and (78.3 ± 5.7, 1.5 ± 0.6; piriformis). The qualitative evaluation suggested that the best model could reduce the total muscle and tumor delineation time to a 19-minute average. CONCLUSIONS: Our methodology produces expert-level muscle and sacral chordoma tumor segmentation using DL and ensemble modeling. It can substantially augment the streamlining and accuracy of treatment planning and represents a critical step toward automated delineation of the clinical target volume in sarcoma and other disease sites.","International journal of radiation oncology, biology, physics",Int J Radiat Oncol Biol Phys,"Journal Article; Research Support, N.I.H., Extramural",Boussioux Leonard,"Operations Research Center, Massachusetts Institute of Technology, Cambridge, Massachusetts; Sloan School of Management, Massachusetts Institute of Technology, Cambridge, Massachusetts; University of Washington, Michael G. Foster School of Business, Department of Information Systems and Operations Management, Seattle, Washington. Electronic address: leobix@mit.edu.",10.1093/biomet/93.3.491,Q1,2023,Cautious Optimism,haiku,High,no,"{""stance"": ""Cautious Optimism"", ""confidence"": ""High"", ""predictive_claim"": ""no""}"
37218073,2023,2023 Jun,Society for birth defects research and prevention's multidisciplinary research needs workshop 2022: A call to action.,"The Society for Birth Defects Research and Prevention (BDRP) strives to understand and protect against potential hazards to developing embryos, fetuses, children, and adults by bringing together scientific knowledge from diverse fields. The theme of 62nd Annual Meeting of BDRP, ""From Bench to Bedside and Back Again"", represented the cutting-edge research areas of high relevance to public health and significance in the fields of birth defects research and surveillance. The multidisciplinary Research Needs Workshop (RNW) convened at the Annual Meeting continues to identify pressing knowledge gaps and encourage interdisciplinary research initiatives. The multidisciplinary RNW was first introduced at the 2018 annual meeting to provide an opportunity for annual meeting attendees to participate in breakout discussions on emerging topics in birth defects research and to foster collaboration between basic researchers, clinicians, epidemiologists, drug developers, industry partners, funding agencies, and regulators to discuss state-of-the-art methods and innovative projects. Initially, a list of workshop topics was compiled by the RNW planning committee and circulated among the members of BDRP to obtain the most popular topics for the Workshop discussions. Based on the pre-meeting survey results, the top three discussion topics selected were, A) Inclusion of pregnant and lactating women in clinical trials. When, why, and how? B) Building multidisciplinary teams across disciplines: What cross-training is needed? And C) Challenges in applications of Artificial Intelligence (AI) and machine learning for risk factor analysis in birth defects research. This report summarizes the key highlights of the RNW workshop and specific topic discussions.",Birth defects research,Birth Defects Res,Editorial,Basu Madhumita,"Center for Cardiovascular Research and Heart Center, Abigail Wexner Research Institute at Nationwide Children's Hospital, Columbus, Ohio, USA.",10.1111/bcp.14914,Q2,2023,Neutral,haiku,High,no,"{""stance"": ""Neutral"", ""confidence"": ""High"", ""predictive_claim"": ""no""}"
36592431,2023,2023 May,"From research cohorts to the patient - a role for ""omics"" in diagnostics and laboratory medicine?","Human pathologies are complex and might benefit from a more holistic diagnostic approach than currently practiced. Omics is a concept in biological research that aims to comprehensively characterize and quantify large numbers of biological molecules in complex samples, e.g., proteins (proteomics), low molecular weight molecules (metabolomics), glycans (glycomics) or amphiphilic molecules (lipidomics). Over the past decades, respective unbiased discovery approaches have been intensively applied to investigate functional physiological and pathophysiological relationships in various research study cohorts. In the context of clinical diagnostics, omics approaches seem to have potential in two main areas: (i) biomarker discovery i.e. identification of individual marker analytes for subsequent translation into diagnostics (as classical target analyses with conventional laboratory techniques), and (ii) the readout of complex, higher-dimensional signatures of diagnostic samples, in particular by means of spectrometric techniques in combination with biomathematical approaches of pattern recognition and artificial intelligence for diagnostic classification. Resulting diagnostic methods could potentially represent a disruptive paradigm shift away from current one-dimensional (i.e., single analyte marker based) laboratory diagnostics. The underlying hypothesis of omics approaches for diagnostics is that complex, multigenic pathologies can be more accurately diagnosed via the readout of ""omics-type signatures"" than with the current one-dimensional single marker diagnostic procedures. While this is indeed promising, one must realize that the clinical translation of high-dimensional analytical procedures into routine diagnostics brings completely new challenges with respect to long-term reproducibility and analytical standardization, data management, and quality assurance. In this article, the conceivable opportunities and challenges of omics-based laboratory diagnostics are discussed.",Clinical chemistry and laboratory medicine,Clin Chem Lab Med,Journal Article,Vogeser Michael,"Institute of Laboratory Medicine, University Hospital, LMU Munich, Munich, Germany.",10.1373/clinchem.2018.292854,Q1,2023,Caution,haiku,High,no,"{""stance"": ""Caution"", ""confidence"": ""High"", ""predictive_claim"": ""no""}"
37055127,2023,2023 Apr,Application of machine learning algorithms in thermal images for an automatic classification of lumbar sympathetic blocks.,"PURPOSE: There are no previous studies developing machine learning algorithms in the classification of lumbar sympathetic blocks (LSBs) performance using infrared thermography data. The objective was to assess the performance of different machine learning algorithms to classify LSBs carried out in patients diagnosed with lower limbs Complex Regional Pain Syndrome as successful or failed based on the evaluation of thermal predictors. METHODS: 66 LSBs previously performed and classified by the medical team were evaluated in 24 patients. 11 regions of interest on each plantar foot were selected within the thermal images acquired in the clinical setting. From every region of interest, different thermal predictors were extracted and analysed in three different moments (minutes 4, 5, and 6) along with the baseline time (just after the injection of a local anaesthetic around the sympathetic ganglia). Among them, the thermal variation of the ipsilateral foot and the thermal asymmetry variation between feet at each minute assessed and the starting time for each region of interest, were fed into 4 different machine learning classifiers: an Artificial Neuronal Network, K-Nearest Neighbours, Random Forest, and a Support Vector Machine. RESULTS: All classifiers presented an accuracy and specificity higher than 70%, sensitivity higher than 67%, and AUC higher than 0.73, and the Artificial Neuronal Network classifier performed the best with a maximum accuracy of 88%, sensitivity of 100%, specificity of 84% and AUC of 0.92, using 3 predictors. CONCLUSION: These results suggest thermal data retrieved from plantar feet combined with a machine learning-based methodology can be an effective tool to automatically classify LSBs performance.",Journal of thermal biology,J Therm Biol,Journal Article,Cañada-Soriano Mar,"Applied Thermodynamics Department (DTRA), Universitat Politècnica de València, Valencia, Spain.",10.1016/j.jtherbio.2023.103523,Q1,2023,Cautious Optimism,haiku,High,no,"{""stance"": ""Cautious Optimism"", ""confidence"": ""High"", ""predictive_claim"": ""no""}"
37718835,2023,2023 Jan,CGP-Uformer: A low-dose CT image denoising Uformer based on channel graph perception.,"BACKGROUND: An effective method for achieving low-dose CT is to keep the number of projection angles constant while reducing radiation dose at each angle. However, this leads to high-intensity noise in the reconstructed image, adversely affecting subsequent image processing, analysis, and diagnosis. OBJECTIVE: This paper proposes a novel Channel Graph Perception based U-shaped Transformer (CGP-Uformer) network, aiming to achieve high-performance denoising of low-dose CT images. METHODS: The network consists of convolutional feed-forward Transformer (ConvF-Transformer) blocks, a channel graph perception block (CGPB), and spatial cross-attention (SC-Attention) blocks. The ConvF-Transformer blocks enhance the ability of feature representation and information transmission through the CNN-based feed-forward network. The CGPB introduces Graph Convolutional Network (GCN) for Channel-to-Channel feature extraction, promoting the propagation of information across distinct channels and enabling inter-channel information interchange. The SC-Attention blocks reduce the semantic difference in feature fusion between the encoder and decoder by computing spatial cross-attention. RESULTS: By applying CGP-Uformer to process the 2016 NIH AAPM-Mayo LDCT challenge dataset, experiments show that the peak signal-to-noise ratio value is 35.56 and the structural similarity value is 0.9221. CONCLUSIONS: Compared to the other four representative denoising networks currently, this new network demonstrates superior denoising performance and better preservation of image details.",Journal of X-ray science and technology,J Xray Sci Technol,"Journal Article; Research Support, Non-U.S. Gov't",Yan Huimin,"School of Computer and Information Technology, Shanxi University, Taiyuan, Shanxi, China.",10.3233/XST-230158,Q2,2023,Neutral,haiku,High,no,"{""stance"": ""Neutral"", ""confidence"": ""High"", ""predictive_claim"": ""no""}"
37456307,2023,2023 Jul,Automatic brain structure segmentation for 18F-fluorodeoxyglucose positron emission tomography/magnetic resonance images via deep learning.,"BACKGROUND: Brain structure segmentation is of great value in diagnosing brain disorders, allowing radiologists to quickly acquire regions of interest and assist in subsequent analyses, diagnoses and treatment. Current brain structure segmentation methods are usually applied to magnetic resonance (MR) images, which provide higher soft tissue contrast and better spatial resolution. However, fewer segmentation methods are conducted on a positron emission tomography/magnetic resonance imaging (PET/MRI) system that combines functional and structural information to improve analysis accuracy. METHODS: In this paper, we explore a dual-modality image segmentation model to segment brain 18F-fluorodeoxyglucose (18F-FDG) PET/MR images based on the U-Net architecture. This model takes registered PET and MR images as parallel inputs, and four evaluation metrics (Dice score, Jaccard coefficient, precision and sensitivity) are used to evaluate segmentation performance. Moreover, we also compared the proposed approach with other single-modality segmentation strategies, including PET-only segmentation and MRI-only segmentation. RESULTS: The experiments were conducted on the clinical head data of 120 patients, and the results show that the proposed algorithm accurately delineates brain volumes of interest (VOIs), achieving superior performance with 84.24%±1.44% Dice score, 74.36%±2.40% Jaccard, 84.33%±1.56% precision and 84.73%±1.56% sensitivity. Furthermore, compared with directly using the FreeSurfer toolkit, the proposed method reduced the segmentation time, which only needs 20 seconds to segment the whole brain for each patient. CONCLUSIONS: We present a deep learning-based method for the joint segmentation of anatomical and functional PET/MR images. Compared with other single-modality methods, our method greatly improved the accuracy of brain structure delineation, which shows great potential for brain analysis.",Quantitative imaging in medicine and surgery,Quant Imaging Med Surg,Journal Article,Huang Zhenxing,"Lauterbur Research Center for Biomedical Imaging, Shenzhen Institute of Advanced Technology, Chinese Academy of Sciences, Shenzhen, China.",10.1016/S0896-6273(02)00569-X,Q2,2023,Neutral,haiku,High,no,"{""stance"": ""Neutral"", ""confidence"": ""High"", ""predictive_claim"": ""no""}"
37235579,2023,2023 May,"AI-Assisted chemical probe discovery for the understudied Calcium-Calmodulin Dependent Kinase, PNCK.","PNCK, or CAMK1b, is an understudied kinase of the calcium-calmodulin dependent kinase family which recently has been identified as a marker of cancer progression and survival in several large-scale multi-omics studies. The biology of PNCK and its relation to oncogenesis has also begun to be elucidated, with data suggesting various roles in DNA damage response, cell cycle control, apoptosis and HIF-1-alpha related pathways. To further explore PNCK as a clinical target, potent small-molecule molecular probes must be developed. Currently, there are no targeted small molecule inhibitors in pre-clinical or clinical studies for the CAMK family. Additionally, there exists no experimentally derived crystal structure for PNCK. We herein report a three-pronged chemical probe discovery campaign which utilized homology modeling, machine learning, virtual screening and molecular dynamics to identify small molecules with low-micromolar potency against PNCK activity from commercially available compound libraries. We report the discovery of a hit-series for the first targeted effort towards discovering PNCK inhibitors that will serve as the starting point for future medicinal chemistry efforts for hit-to-lead optimization of potent chemical probes.",PLoS computational biology,PLoS Comput Biol,"Journal Article; Research Support, N.I.H., Extramural",Essegian Derek J,"Department of Molecular and Cellular Pharmacology, University of Miami Miller School of Medicine, Miami, Florida, United States of America.",10.1021/acs.jmedchem.9b01803,Q1,2023,Neutral,haiku,High,no,"{""stance"": ""Neutral"", ""confidence"": ""High"", ""predictive_claim"": ""no""}"
37644155,2023,2023 Nov,Uptake of robot-assisted colon cancer surgery in the Netherlands.,"BACKGROUND: The robot-assisted approach is now often used for rectal cancer surgery, but its use in colon cancer surgery is less well defined. This study aims to compare the outcomes of robotic-assisted colon cancer surgery to conventional laparoscopy in the Netherlands. METHODS: Data on all patients who underwent surgery for colon cancer from 2018 to 2020 were collected from the Dutch Colorectal Audit. All complications, readmissions, and deaths within 90 days after surgery were recorded along with conversion rate, margin and harvested nodes. Groups were stratified according to the robot-assisted and laparoscopic approach. RESULTS: In total, 18,886 patients were included in the analyses. The operative approach was open in 15.2%, laparoscopic in 78.9% and robot-assisted in 5.9%. The proportion of robot-assisted surgery increased from 4.7% in 2018 to 6.9% in 2020. There were no notable differences in outcomes between the robot-assisted and laparoscopic approach for Elective cT1-3M0 right, left, and sigmoid colectomy. Only conversion rate was consistently lower in the robotic group. (4.6% versus 8.8%, 4.6% versus 11.6%, and 1.6 versus 5.9%, respectively). CONCLUSIONS: This nationwide study on surgery for colon cancer shows there is a gradual but slow adoption of robotic surgery for colon cancer up to 6.9% in 2020. When comparing the outcomes of right, left, and sigmoid colectomy, clinical outcomes were similar between the robotic and laparoscopic approach. However, conversion rate is consistently lower in the robotic procedures.",Surgical endoscopy,Surg Endosc,Journal Article,Sterk Marlou F M,"Department of Surgery, Amphia Hospital, Breda, The Netherlands.",10.1097/SLA.0000000000003196,Q1,2023,Neutral,haiku,High,no,"{""stance"": ""Neutral"", ""confidence"": ""High"", ""predictive_claim"": ""no""}"
37847532,2023,2023 Oct,Influenza Epidemic Trend Surveillance and Prediction Based on Search Engine Data: Deep Learning Model Study.,"BACKGROUND: Influenza outbreaks pose a significant threat to global public health. Traditional surveillance systems and simple algorithms often struggle to predict influenza outbreaks in an accurate and timely manner. Big data and modern technology have offered new modalities for disease surveillance and prediction. Influenza-like illness can serve as a valuable surveillance tool for emerging respiratory infectious diseases like influenza and COVID-19, especially when reported case data may not fully reflect the actual epidemic curve. OBJECTIVE: This study aimed to develop a predictive model for influenza outbreaks by combining Baidu search query data with traditional virological surveillance data. The goal was to improve early detection and preparedness for influenza outbreaks in both northern and southern China, providing evidence for supplementing modern intelligence epidemic surveillance methods. METHODS: We collected virological data from the National Influenza Surveillance Network and Baidu search query data from January 2011 to July 2018, totaling 3,691,865 and 1,563,361 respective samples. Relevant search terms related to influenza were identified and analyzed for their correlation with influenza-positive rates using Pearson correlation analysis. A distributed lag nonlinear model was used to assess the lag correlation of the search terms with influenza activity. Subsequently, a predictive model based on the gated recurrent unit and multiple attention mechanisms was developed to forecast the influenza-positive trend. RESULTS: This study revealed a high correlation between specific Baidu search terms and influenza-positive rates in both northern and southern China, except for 1 term. The search terms were categorized into 4 groups: essential facts on influenza, influenza symptoms, influenza treatment and medicine, and influenza prevention, all of which showed correlation with the influenza-positive rate. The influenza prevention and influenza symptom groups had a lag correlation of 1.4-3.2 and 5.0-8.0 days, respectively. The Baidu search terms could help predict the influenza-positive rate 14-22 days in advance in southern China but interfered with influenza surveillance in northern China. CONCLUSIONS: Complementing traditional disease surveillance systems with information from web-based data sources can aid in detecting warning signs of influenza outbreaks earlier. However, supplementation of modern surveillance with search engine information should be approached cautiously. This approach provides valuable insights for digital epidemiology and has the potential for broader application in respiratory infectious disease surveillance. Further research should explore the optimization and customization of search terms for different regions and languages to improve the accuracy of influenza prediction models.",Journal of medical Internet research,J Med Internet Res,"Journal Article; Research Support, Non-U.S. Gov't",Yang Liuyang,"Department of Management Science and Information System, Faculty of Management and Economics, Kunming University of Science and Technology, Kunming, China.",10.1016/j.ebiom.2019.08.024,Q1,2023,Cautious Optimism,haiku,High,no,"{""stance"": ""Cautious Optimism"", ""confidence"": ""High"", ""predictive_claim"": ""no""}"
37864129,2023,2023 Dec,Surgical skill level classification model development using EEG and eye-gaze data and machine learning algorithms.,"The aim of this study was to develop machine learning classification models using electroencephalogram (EEG) and eye-gaze features to predict the level of surgical expertise in robot-assisted surgery (RAS). EEG and eye-gaze data were recorded from 11 participants who performed cystectomy, hysterectomy, and nephrectomy using the da Vinci robot. Skill level was evaluated by an expert RAS surgeon using the modified Global Evaluative Assessment of Robotic Skills (GEARS) tool, and data from three subtasks were extracted to classify skill levels using three classification models-multinomial logistic regression (MLR), random forest (RF), and gradient boosting (GB). The GB algorithm was used with a combination of EEG and eye-gaze data to classify skill levels, and differences between the models were tested using two-sample t tests. The GB model using EEG features showed the best performance for blunt dissection (83% accuracy), retraction (85% accuracy), and burn dissection (81% accuracy). The combination of EEG and eye-gaze features using the GB algorithm improved the accuracy of skill level classification to 88% for blunt dissection, 93% for retraction, and 86% for burn dissection. The implementation of objective skill classification models in clinical settings may enhance the RAS surgical training process by providing objective feedback about performance to surgeons and their teachers.",Journal of robotic surgery,J Robot Surg,Journal Article,Shafiei Somayeh B,"Intelligent Cancer Care Laboratory, Department of Urology, Roswell Park Comprehensive Cancer Center, Buffalo, NY, 14263, USA. Somayeh.BesharatShafiei@RoswellPark.org.",10.1038/s41746-022-00566-0,Q2,2023,Cautious Optimism,sonnet,Medium,yes,"{""stance"": ""Cautious Optimism"", ""confidence"": ""Medium"", ""predictive_claim"": ""yes""}"
36738739,2023,2023 Feb,Integration of artificial intelligence in lung cancer: Rise of the machine.,"The goal of oncology is to provide the longest possible survival outcomes with the therapeutics that are currently available without sacrificing patients' quality of life. In lung cancer, several data points over a patient's diagnostic and treatment course are relevant to optimizing outcomes in the form of precision medicine, and artificial intelligence (AI) provides the opportunity to use available data from molecular information to radiomics, in combination with patient and tumor characteristics, to help clinicians provide individualized care. In doing so, AI can help create models to identify cancer early in diagnosis and deliver tailored therapy on the basis of available information, both at the time of diagnosis and in real time as they are undergoing treatment. The purpose of this review is to summarize the current literature in AI specific to lung cancer and how it applies to the multidisciplinary team taking care of these complex patients.",Cell reports. Medicine,Cell Rep Med,"Journal Article; Review; Research Support, N.I.H., Extramural; Research Support, Non-U.S. Gov't",Ladbury Colton,"Department of Radiation Oncology, City of Hope National Medical Center, 1500 E Duarte Road, Duarte, CA 91010, USA.",10.1101/2021.07.27.21261075,Q1,2023,Cautious Optimism,haiku,High,no,"{""stance"": ""Cautious Optimism"", ""confidence"": ""High"", ""predictive_claim"": ""no""}"
37286139,2023,2023 Sep,"Urologists and Lesbian, Gay, Bisexual, Transgender, or Queer Patients: A Survey-based Study of the Practice Patterns, Attitudes, and Knowledge Base of Urologists Toward Their Lesbian, Gay, Bisexual, Transgender, or Queer Patients.","OBJECTIVE: To assess urologists' attitudes toward treating lesbian, gay, bisexual, transgender, or queer (LGBT) patients and counseling practices during diagnosis and treatment of prostate cancer. METHODS: A 35-question survey was sent to program directors of U.S. urology residency programs. RESULTS: 154 responses met the inclusion criteria. Respondents were primarily male, heterosexual, in academia, representing a range of ages and geography. 54.2% of respondents don't assume patients are heterosexual. While 88% of providers feel comfortable discussing sexual health with LGBTQ patients, 42.9% disagree that knowing sexual orientation is necessary to providing optimal care. 57.8% of respondents don't provide intake forms to indicate sexual orientation and 60.4% don't inquire about sexual orientation during history-taking. A majority (32.7%) reported 1-5 hours of LGBTQ health training. 74.3% believe more training is needed. 74.5% agreed to being listed as an LGBTQ-Friendly Provider currently, 65.8% felt they needed additional training. 63.6% agreed the prostate is a source of sexual pleasure. 55.9% believed it important to assess sexual satisfaction in patients who engage in receptive anal intercourse after prostate cancer treatment. Responses were mixed regarding the timing of resuming receptive anal intercourse after treatment and whether patients are counseled to refrain from anal stimulation before PSA testing. Answers to knowledge questions regarding anal cancer and communication were primarily correct; answers to questions regarding anejaculation and differences in health concerns were mixed. CONCLUSION: Ongoing education is necessary on specific differences between heterosexual and lesbian, gay, bisexual, transgender, or queer (LGBTQ) patient concerns and how to apply this knowledge in order to address the needs of a rapidly aging LGBTQ population.",Urology,Urology,Journal Article,Xu Alex J,"NYU Langone Health, Department of Urology, NY. Electronic address: alex.xu@nyulangone.org.",10.1016/j.urology.2023.05.019,Q2,2023,Neutral,haiku,High,no,"{""stance"": ""Neutral"", ""confidence"": ""High"", ""predictive_claim"": ""no""}"
37712132,2023,2023 Nov,Deep learning applied to the histopathological diagnosis of ameloblastomas and ameloblastic carcinomas.,"BACKGROUND: Odontogenic tumors (OT) are composed of heterogeneous lesions, which can be benign or malignant, with different behavior and histology. Within this classification, ameloblastoma and ameloblastic carcinoma (AC) represent a diagnostic challenge in daily histopathological practice due to their similar characteristics and the limitations that incisional biopsies represent. From these premises, we wanted to test the usefulness of models based on artificial intelligence (AI) in the field of oral and maxillofacial pathology for differential diagnosis. The main advantages of integrating Machine Learning (ML) with microscopic and radiographic imaging is the ability to significantly reduce intra-and inter observer variability and improve diagnostic objectivity and reproducibility. METHODS: Thirty Digitized slides were collected from different diagnostic centers of oral pathology in Brazil. After performing manual annotation in the region of interest, the images were segmented and fragmented into small patches. In the supervised learning methodology for image classification, three models (ResNet50, DenseNet, and VGG16) were focus of investigation to provide the probability of an image being classified as class0 (i.e., ameloblastoma) or class1 (i.e., Ameloblastic carcinoma). RESULTS: The training and validation metrics did not show convergence, characterizing overfitting. However, the test results were satisfactory, with an average for ResNet50 of 0.75, 0.71, 0.84, 0.65, and 0.77 for accuracy, precision, sensitivity, specificity, and F1-score, respectively. CONCLUSIONS: The models demonstrated a strong potential of learning, but lack of generalization ability. The models learn fast, reaching a training accuracy of 98%. The evaluation process showed instability in validation; however, acceptable performance in the testing process, which may be due to the small data set. This first investigation opens an opportunity for expanding collaboration to incorporate more complementary data; as well as, developing and evaluating new alternative models.",Journal of oral pathology & medicine : official publication of the International Association of Oral Pathologists and the American Academy of Oral Pathology,J Oral Pathol Med,Journal Article,Giraldo-Roldan Daniela,"Department of Oral Diagnosis, Piracicaba Dental School, State University of Campinas, Piracicaba, Brazil.",10.1111/jop.13481,Q1,2023,Cautious Optimism,haiku,High,no,"{""stance"": ""Cautious Optimism"", ""confidence"": ""High"", ""predictive_claim"": ""no""}"
37140481,2023,2023 Oct,Patient selection for proton therapy using Normal Tissue Complication Probability with deep learning dose prediction for oropharyngeal cancer.,"BACKGROUND: In cancer care, determining the most beneficial treatment technique is a key decision affecting the patient's survival and quality of life. Patient selection for proton therapy (PT) over conventional radiotherapy (XT) currently entails comparing manually generated treatment plans, which requires time and expertise. PURPOSE: We developed an automatic and fast tool, AI-PROTIPP (Artificial Intelligence Predictive Radiation Oncology Treatment Indication to Photons/Protons), that assesses quantitatively the benefits of each therapeutic option. Our method uses deep learning (DL) models to directly predict the dose distributions for a given patient for both XT and PT. By using models that estimate the Normal Tissue Complication Probability (NTCP), namely the likelihood of side effects to occur for a specific patient, AI-PROTIPP can propose a treatment selection quickly and automatically. METHODS: A database of 60 patients presenting oropharyngeal cancer, obtained from the Cliniques Universitaires Saint Luc in Belgium, was used in this study. For every patient, a PT plan and an XT plan were generated. The dose distributions were used to train the two dose DL prediction models (one for each modality). The model is based on U-Net architecture, a type of convolutional neural network currently considered as the state of the art for dose prediction models. A NTCP protocol used in the Dutch model-based approach, including grades II and III xerostomia and grades II and III dysphagia, was later applied in order to perform automatic treatment selection for each patient. The networks were trained using a nested cross-validation approach with 11-folds. We set aside three patients in an outer set and each fold consists of 47 patients in training, five in validation and five for testing. This method allowed us to assess our method on 55 patients (five patients per test times the number of folds). RESULTS: The treatment selection based on the DL-predicted doses reached an accuracy of 87.4% for the threshold parameters set by the Health Council of the Netherlands. The selected treatment is directly linked with these threshold parameters as they express the minimal gain brought by the PT treatment for a patient to be indicated to PT. To validate the performance of AI-PROTIPP in other conditions, we modulated these thresholds, and the accuracy was above 81% for all the considered cases. The difference in average cumulative NTCP per patient of predicted and clinical dose distributions is very similar (less than 1% difference). CONCLUSIONS: AI-PROTIPP shows that using DL dose prediction in combination with NTCP models to select PT for patients is feasible and can help to save time by avoiding the generation of treatment plans only used for the comparison. Moreover, DL models are transferable, allowing, in the future, experience to be shared with centers that would not have PT planning expertise.",Medical physics,Med Phys,Journal Article,Huet-Dastarac Margerie,"Molecular Imaging, Radiotherapy and Oncology (MIRO), IREC, UCLouvain, Brussels, Belgium.",10.1002/mp.16431,Q1,2023,Cautious Optimism,haiku,High,no,"{""stance"": ""Cautious Optimism"", ""confidence"": ""High"", ""predictive_claim"": ""no""}"
37683114,2023,2023 Oct,Predictive Framework Development for User-Friendly On-Site Glucose Detection.,"This study explores a smartphone-based spot detection framework for glucose in a rapid, simple, and affordable paper-based analytical device (PAD), which employs machine-learning algorithms to estimate various glucose concentrations. Herein, two different detection mixtures were chosen with chitosan (C) and without chitosan (WC) for the color change analysis. Being a biopolymer, chitosan improves the analytical performance of PADs when used with a chromogenic agent. Moreover, the influence of the illumination conditions and camera optics on the professed color of glucose strips was observed by choosing various illumination conditions and different smartphones. Hence, this study focuses on developing a framework for smartphone-based simple and user-friendly spot-based glucose detection (with a concentration range of 10-40 mM) at any illumination conditions and in any direction of illumination. Additionally, the combination of color spaces and machine-learning algorithms was applied for the signal enhancement. It was observed that the machine learning classifiers, cubic support vector machine (SVM) and narrow neutral network show higher accuracy for the WC samples, which are 92.7 and 92.3%, respectively. The samples with chitosan show higher accuracy for the linear discriminant and quadratic SVM classifiers, which are 94.1 and 93.9%, respectively. Simultaneously, cubic SVM shows ∼93% accuracy for both cases. In order to assess the performance of the devices, a blind test was also conducted. This study demonstrates the potential of the developed system for initial disease screening at the user end. By incorporating machine learning techniques, the platform can provide reliable and accurate results, thus paving the way for estimating the accuracy of the results for improved initial healthcare screening and diagnosis of any disease.",ACS applied bio materials,ACS Appl Bio Mater,Journal Article,Kishnani Vinay,"Department of Mechanical Engineering, Indian Institute of Technology, Jodhpur 342030, Rajasthan, India.",10.1021/acsabm.3c00532,Q1,2023,Cautious Optimism,sonnet,Medium,yes,"{""stance"": ""Cautious Optimism"", ""confidence"": ""Medium"", ""predictive_claim"": ""yes""}"
36862751,2023,2023 Jan,Adversarial confound regression and uncertainty measurements to classify heterogeneous clinical MRI in Mass General Brigham.,"In this work, we introduce a novel deep learning architecture, MUCRAN (Multi-Confound Regression Adversarial Network), to train a deep learning model on clinical brain MRI while regressing demographic and technical confounding factors. We trained MUCRAN using 17,076 clinical T1 Axial brain MRIs collected from Massachusetts General Hospital before 2019 and demonstrated that MUCRAN could successfully regress major confounding factors in the vast clinical dataset. We also applied a method for quantifying uncertainty across an ensemble of these models to automatically exclude out-of-distribution data in AD detection. By combining MUCRAN and the uncertainty quantification method, we showed consistent and significant increases in the AD detection accuracy for newly collected MGH data (post-2019; 84.6% with MUCRAN vs. 72.5% without MUCRAN) and for data from other hospitals (90.3% from Brigham and Women's Hospital and 81.0% from other hospitals). MUCRAN offers a generalizable approach for deep-learning-based disease detection in heterogenous clinical data.",PloS one,PLoS One,"Journal Article; Research Support, Non-U.S. Gov't; Research Support, N.I.H., Extramural",Leming Matthew,"Center for Systems Biology, Massachusetts General Hospital, Boston, MA, United States of America.",10.1007/978-3-030-67670-4,Q1,2023,Cautious Optimism,haiku,High,no,"{""stance"": ""Cautious Optimism"", ""confidence"": ""High"", ""predictive_claim"": ""no""}"
36372537,2023,2023 Feb,Robotic Mediastinal Surgery.,"The robotic platform can be viewed as an advanced thoracoscopic instrument and can be utilized for any pathology amenable to thoracoscopic surgery. This ultimately comes down to surgeon comfort, but many have demonstrated the robotic approach to be useful in benign and malignant mediastinal disease in all compartments with at least equivalent-if not superior-outcomes compared to sternotomy for many metrics. There are various robotic approaches to the same compartments (such as with thymectomy), and no one robotic approach has proven superior to another. Here we describe our robotic approach to common mediastinal pathology.",Thoracic surgery clinics,Thorac Surg Clin,Journal Article; Review,Seastedt Kenneth P,"Department of Surgery, Beth Israel Deaconess Medical Center, Harvard Medical School, 330 Brookline Avenue, Boston, MA 02215, USA. Electronic address: kseasted@bidmc.harvard.edu.",10.1016/j.thorsurg.2022.08.007,Q2,2023,Neutral,haiku,High,no,"{""stance"": ""Neutral"", ""confidence"": ""High"", ""predictive_claim"": ""no""}"
38127972,2024,2024 Feb,Standardizing and improving dose predictions for head and neck cancers using complete sets of OAR contours.,"BACKGROUND: Radiotherapy dose predictions have been trained with data from previously treated patients of similar sites and prescriptions. However, clinical datasets are often inconsistent and do not contain the same number of organ at risk (OAR) structures. The effects of missing contour data in deep learning-based dose prediction models have not been studied. PURPOSE: The purpose of this study was to investigate the impacts of incomplete contour sets in the context of deep learning-based radiotherapy dose prediction models trained with clinical datasets and to introduce a novel data substitution method that utilizes automated contours for undefined structures. METHODS: We trained Standard U-Nets and Cascade U-Nets to predict the volumetric dose distributions of patients with head and neck cancers (HNC) using three input variations to evaluate the effects of missing contours, as well as a novel data substitution method. Each architecture was trained with the original contour (OC) inputs, which included missing information, hybrid contour (HC) inputs, where automated OAR contours generated in software were substituted for missing contour data, and automated contour (AC) inputs containing only automated OAR contours. 120 HNC treatments were used for model training, 30 were used for validation and tuning, and 44 were used for evaluation and testing. Model performance and accuracy were evaluated with global whole body dose agreement, PTV coverage accuracy, and OAR dose agreement. The differences in these values between dataset variations were used to determine the effects of missing data and automated contour substitutions. RESULTS: Automated contours used as substitutions for missing data were found to improve dose prediction accuracy in the Standard U-Net and Cascade U-Net, with a statistically significant difference in some global metrics and/or OAR metrics. For both models, PTV coverage between input variations was unaffected by the substitution technique. Automated contours in HC and AC datasets improved mean dose accuracy for some OAR contours, including the mandible and brainstem, with a greater improvement seen with HC datasets. Global dose metrics, including mean absolute error, mean error, and percent error were different for the Standard U-Net but not for the Cascade U-Net. CONCLUSION: Automated contours used as a substitution for contour data improved prediction accuracy for some but not all dose prediction metrics. Compared to the Standard U-Net models, the Cascade U-Net achieved greater precision.",Medical physics,Med Phys,Journal Article,Buatti Jacob S,"Department of Radiation Oncology, School of Medicine, University of Texas Health Science Center at San Antonio, San Antonio, Texas, USA.",10.1002/mp.16898,Q1,2024,Neutral,haiku,High,no,"{""stance"": ""Neutral"", ""confidence"": ""High"", ""predictive_claim"": ""no""}"
37683107,2024,2024 Mar,Simultaneous object detection and segmentation for patient-specific markerless lung tumor tracking in simulated radiographs with deep learning.,"BACKGROUND: Real-time tumor tracking is one motion management method to address motion-induced uncertainty. To date, fiducial markers are often required to reliably track lung tumors with X-ray imaging, which carries risks of complications and leads to prolonged treatment time. A markerless tracking approach is thus desirable. Deep learning-based approaches have shown promise for markerless tracking, but systematic evaluation and procedures to investigate applicability in individual cases are missing. Moreover, few efforts have been made to provide bounding box prediction and mask segmentation simultaneously, which could allow either rigid or deformable multi-leaf collimator tracking. PURPOSE: The purpose of this study was to implement a deep learning-based markerless lung tumor tracking model exploiting patient-specific training which outputs both a bounding box and a mask segmentation simultaneously. We also aimed to compare the two kinds of predictions and to implement a specific procedure to understand the feasibility of markerless tracking on individual cases. METHODS: We first trained a Retina U-Net baseline model on digitally reconstructed radiographs (DRRs) generated from a public dataset containing 875 CT scans and corresponding lung nodule annotations. Afterwards, we used an independent cohort of 97 lung patients to develop a patient-specific refinement procedure. In order to determine the optimal hyperparameters for automatic patient-specific training, we selected 13 patients for validation where the baseline model predicted a bounding box on planning CT (PCT)-DRR with intersection over union (IoU) with the ground-truth higher than 0.7. The final test set contained the remaining 84 patients with varying PCT-DRR IoU. For each testing patient, the baseline model was refined on the PCT-DRR to generate a patient-specific model, which was then tested on a separate 10-phase 4DCT-DRR to mimic the intrafraction motion during treatment. A template matching algorithm served as benchmark model. The testing results were evaluated by four metrics: the center of mass (COM) error and the Dice similarity coefficient (DSC) for segmentation masks, and the center of box (COB) error and the DSC for bounding box detections. Performance was compared to the benchmark model including statistical testing for significance. RESULTS: A PCT-DRR IoU value of 0.2 was shown to be the threshold dividing inconsistent (68%) and consistent (100%) success (defined as mean bounding box DSC > 0.6) of PS models on 4DCT-DRRs. Thirty-seven out of the eighty-four testing cases had a PCT-DRR IoU above 0.2. For these 37 cases, the mean COM error was 2.6 mm, the mean segmentation DSC was 0.78, the mean COB error was 2.7 mm, and the mean box DSC was 0.83. Including the validation cases, the model was applicable to 50 out of 97 patients when using the PCT-DRR IoU threshold of 0.2. The inference time per frame was 170 ms. The model outperformed the benchmark model on all metrics, and the comparison was significant (p < 0.001) over the 37 PCT-DRR IoU > 0.2 cases, but not over the undifferentiated 84 testing cases. CONCLUSIONS: The implemented patient-specific refinement approach based on a pre-trained baseline model was shown to be applicable to markerless tumor tracking in simulated radiographs for lung cases.",Medical physics,Med Phys,Journal Article,Huang Lili,"Department of Radiation Oncology, LMU University Hospital, LMU Munich, Munich, Germany.",10.1002/mp.16705,Q1,2024,Cautious Optimism,haiku,High,no,"{""stance"": ""Cautious Optimism"", ""confidence"": ""High"", ""predictive_claim"": ""no""}"
38109656,2024,2024 Apr,Considering the Secondary Use of Clinical and Educational Data to Facilitate the Development of Artificial Intelligence Models.,"Medical training programs and health care systems collect ever-increasing amounts of educational and clinical data. These data are collected with the primary purpose of supporting either trainee learning or patient care. Well-established principles guide the secondary use of these data for program evaluation and quality improvement initiatives. More recently, however, these clinical and educational data are also increasingly being used to train artificial intelligence (AI) models. The implications of this relatively unique secondary use of data have not been well explored. These models can support the development of sophisticated AI products that can be commercialized. While these products have the potential to support and improve the educational system, there are challenges related to validity, patient and learner consent, and biased or discriminatory outputs. The authors consider the implications of developing AI models and products using educational and clinical data from learners, discuss the uses of these products within medical education, and outline considerations that should guide the appropriate use of data for this purpose. These issues are further explored by examining how they have been navigated in an educational collaborative.",Academic medicine : journal of the Association of American Medical Colleges,Acad Med,Journal Article,Thoma Brent,,10.1097/ACM.0000000000005634,Q1,2024,Caution,haiku,High,no,"{""stance"": ""Caution"", ""confidence"": ""High"", ""predictive_claim"": ""no""}"
37946379,2024,2024 Jan,ChatGPT: Increasing accessibility for natural language processing in healthcare quality measurement.,,Infection control and hospital epidemiology,Infect Control Hosp Epidemiol,Journal Article,Wu Julie Tsu-Yu,"Department of Medicine, Palo Alto VA Healthcare System, Palo Alto, California.",10.1017/ice.2023.236,Q1,2024,Cautious Optimism,haiku,High,no,"{""stance"": ""Cautious Optimism"", ""confidence"": ""High"", ""predictive_claim"": ""no""}"
38264705,2024,2024 Jan,External validation of a deep learning algorithm for automated echocardiographic strain measurements.,"AIMS: Echocardiographic strain imaging reflects myocardial deformation and is a sensitive measure of cardiac function and wall-motion abnormalities. Deep learning (DL) algorithms could automate the interpretation of echocardiographic strain imaging. METHODS AND RESULTS: We developed and trained an automated DL-based algorithm for left ventricular (LV) strain measurements in an internal dataset. Global longitudinal strain (GLS) was validated externally in (i) a real-world Taiwanese cohort of participants with and without heart failure (HF), (ii) a core-lab measured dataset from the multinational prevalence of microvascular dysfunction-HF and preserved ejection fraction (PROMIS-HFpEF) study, and regional strain in (iii) the HMC-QU-MI study of patients with suspected myocardial infarction. Outcomes included measures of agreement [bias, mean absolute difference (MAD), root-mean-squared-error (RMSE), and Pearson's correlation (R)] and area under the curve (AUC) to identify HF and regional wall-motion abnormalities. The DL workflow successfully analysed 3741 (89%) studies in the Taiwanese cohort, 176 (96%) in PROMIS-HFpEF, and 158 (98%) in HMC-QU-MI. Automated GLS showed good agreement with manual measurements (mean ± SD): -18.9 ± 4.5% vs. -18.2 ± 4.4%, respectively, bias 0.68 ± 2.52%, MAD 2.0 ± 1.67, RMSE = 2.61, R = 0.84 in the Taiwanese cohort; and -15.4 ± 4.1% vs. -15.9 ± 3.6%, respectively, bias -0.65 ± 2.71%, MAD 2.19 ± 1.71, RMSE = 2.78, R = 0.76 in PROMIS-HFpEF. In the Taiwanese cohort, automated GLS accurately identified patients with HF (AUC = 0.89 for total HF and AUC = 0.98 for HF with reduced ejection fraction). In HMC-QU-MI, automated regional strain identified regional wall-motion abnormalities with an average AUC = 0.80. CONCLUSION: DL algorithms can interpret echocardiographic strain images with similar accuracy as conventional measurements. These results highlight the potential of DL algorithms to democratize the use of cardiac strain measurements and reduce time-spent and costs for echo labs globally.",European heart journal. Digital health,Eur Heart J Digit Health,Journal Article,Myhre Peder L,"Division of Medicine, Akershus University Hospital, Lørenskog, Norway.",10.1093/ehjdh/ztad072,Q1,2024,Cautious Optimism,haiku,High,yes,"{""stance"": ""Cautious Optimism"", ""confidence"": ""High"", ""predictive_claim"": ""yes""}"
38157580,2024,2024 Feb,Effluent quality prediction of the sewage treatment based on a hybrid neural network model: Comparison and application.,"The accurate prediction and assessment of effluent quality in wastewater treatment plants (WWTPs) are paramount for the efficacy of sewage treatment processes. Neural network models have exhibited promise in enhancing prediction accuracy by simulating and analyzing diverse influent parameters. In this study, a back propagation neural network hybrid model based on a tent chaotic map and sparrow search algorithm (Tent_BP_SSA) was developed to predict the effluent quality of sewage treatment processes. The prediction performance of the propose hybrid model was compared with traditional neural network models using five performance indicators (MAE, RMSE, SSE, MAPE and R2). Specifically, in comparison with the prior Tent_BP_SSA, Tent_BP_SSA2 demonstrated notable enhancements, with the R2 increasing from 0.9512 to 0.9672, while MAE, RMSE, SSE, and MAPE decreased by 9.62%, 18.84%, 24.80%, and 47.10%, respectively. These indicators collectively affirm that the utilization of higher-order input parameters ensures improved accuracy of the Tent_BP_SSA2 hybrid model in predicting effluent quality. Moreover, the Tent_BP_SSA2 model exhibited robust prediction ability (R2 of 0.9246) when applied to assess the effluent quality of an actual sewage treatment plant. The incorporation of integrated models comprising the sparrow search optimizing algorithm, tent chaotic mapping, and higher-order magnitude decomposition of input parameters has demonstrated the capacity to enhance the accuracy of effluent quality prediction. This study illuminates novel perspectives on the prediction of effluent quality and the assessment of effluent warnings in WWTPs.",Journal of environmental management,J Environ Manage,Journal Article,Wang Zeyu,"School of Environmental and Chemical Engineering, Jiangsu University of Science and Technology, Zhenjiang, 212100, China. Electronic address: wangzeyu0626@163.com.",10.1016/j.jenvman.2023.119900,Q1,2024,Neutral,haiku,High,no,"{""stance"": ""Neutral"", ""confidence"": ""High"", ""predictive_claim"": ""no""}"
37665772,2024,2024 Mar,Semi-automatic fine delineation scheme for pancreatic cancer.,"BACKGROUND: Pancreatic cancer fine delineation in medical images by physicians is a major challenge due to the vast volume of medical images and the variability of patients. PURPOSE: A semi-automatic fine delineation scheme was designed to assist doctors in accurately and quickly delineating the cancer target region to improve the delineation accuracy of pancreatic cancer in computed tomography (CT) images and effectively reduce the workload of doctors. METHODS: A target delineation scheme in image blocks was also designed to provide more information for the deep learning delineation model. The start and end slices of the image block were manually delineated by physicians, and the cancer in the middle slices were accurately segmented using a three-dimensional Res U-Net model. Specifically, the input of the network is the CT image of the image block and the delineation of the cancer in the start and end slices, while the output of the network is the cancer area in the middle slices of the image block. Meanwhile, the model performance of pancreatic cancer delineation and the workload of doctors in different image block sizes were studied. RESULTS: We used 37 3D CT volumes for training, 11 volumes for validating and 11 volumes for testing. The influence of different image block sizes on doctors' workload was compared quantitatively. Experimental results showed that the physician's workload was minimal when the image block size was 5, and all cancer could be accurately delineated. The Dice similarity coefficient was 0.894 ± 0.029, the 95% Hausdorff distance was 3.465 ± 0.710 mm, the normalized surface Dice was 0.969 ± 0.019. By completing the accurate delineation of all the CT images, the speed of the new method is 2.16 times faster than that of manual sketching. CONCLUSION: Our proposed 3D semi-automatic delineative method based on the idea of block prediction could accurately delineate CT images of pancreatic cancer and effectively deal with the challenges of class imbalance, background distractions, and non-rigid geometrical features. This study had a significant advantage in reducing doctors' workload, and was expected to help doctors improve their work efficiency in clinical application.",Medical physics,Med Phys,Journal Article,Zhan Weizong,"School of Life & Environmental Science, Guilin University of Electronic Technology, Guilin, China.",10.1002/mp.16718,Q1,2024,Cautious Optimism,haiku,High,no,"{""stance"": ""Cautious Optimism"", ""confidence"": ""High"", ""predictive_claim"": ""no""}"
37908079,2024,2024 Jan,Surface-Enhanced Raman Spectroscopy-Based Detection of Micro-RNA Biomarkers for Biomedical Diagnosis Using a Comparative Study of Interpretable Machine Learning Algorithms.,"Surface-enhanced Raman spectroscopy (SERS) has wide diagnostic applications due to narrow spectral features that allow multiplex analysis. We have previously developed a multiplexed, SERS-based nanosensor for micro-RNA (miRNA) detection called the inverse molecular sentinel (iMS). Machine learning (ML) algorithms have been increasingly adopted for spectral analysis due to their ability to discover underlying patterns and relationships within large and complex data sets. However, the high dimensionality of SERS data poses a challenge for traditional ML techniques, which can be prone to overfitting and poor generalization. Non-negative matrix factorization (NMF) reduces the dimensionality of SERS data while preserving information content. In this paper, we compared the performance of ML methods including convolutional neural network (CNN), support vector regression, and extreme gradient boosting combined with and without NMF for spectral unmixing of four-way multiplexed SERS spectra from iMS assays used for miRNA detection. CNN achieved high accuracy in spectral unmixing. Incorporating NMF before CNN drastically decreased memory and training demands without sacrificing model performance on SERS spectral unmixing. Additionally, models were interpreted using gradient class activation maps and partial dependency plots to understand predictions. These models were used to analyze clinical SERS data from single-plexed iMS in RNA extracted from 17 endoscopic tissue biopsies. CNN and CNN-NMF, trained on multiplexed data, performed most accurately with RMSElabel = 0.101 and 9.68 × 10-2, respectively. We demonstrated that CNN-based ML shows great promise in spectral unmixing of multiplexed SERS spectra, and the effect of dimensionality reduction on performance and training speed.",Applied spectroscopy,Appl Spectrosc,Journal Article,Li Joy Q,"Fitzpatrick Institute for Photonics, Durham, North Carolina, USA.",10.1021/ja3014055,Q2,2024,Neutral,haiku,High,no,"{""stance"": ""Neutral"", ""confidence"": ""High"", ""predictive_claim"": ""no""}"
37972709,2024,2024 Jan,Liquid biopsy: New opportunities for precision medicine in hepatocellular carcinoma care.,"Liquid biopsy, specifically the analysis of circulating tumor DNA (ctDNA), offers a non-invasive approach for hepatocellular carcinoma (HCC) diagnosis and management. However, its implementation in the clinical setting is difficult due to challenges such as low ctDNA yield and difficulty in understanding the mutation signals from background noise. This review highlights the crucial role of artificial intelligence (AI) in addressing these limitations and in improving discoveries in the field of liquid biopsy for HCC care. Combining AI with liquid biopsy data can offer a promising future for the discovery of novel biomarkers and an AI-powered clinical decision support system (CDSS) can turn liquid biopsy into an important tool for personalized management of HCC. Despite the current challenges, the integration of AI shows promise to significantly improve patient outcomes and revolutionize the field of oncology.",Annals of hepatology,Ann Hepatol,Journal Article; Review,Aquino Inah Marie C,"College of Medicine, University of the Philippines Manila, Ermita, Manila, Metro Manila 1000, Philippines; Liver Cancer Unit, Fondazione Italiana Fegato - ONLUS, Basovizza, Trieste 34149, Italy.",10.1016/j.aohep.2023.101176,Q1,2024,Cautious Optimism,haiku,High,yes,"{""stance"": ""Cautious Optimism"", ""confidence"": ""High"", ""predictive_claim"": ""yes""}"
39840016,2024,2024 Jan,Application of MRI image segmentation algorithm for brain tumors based on improved YOLO.,"OBJECTIVE: To assist in the rapid clinical identification of brain tumor types while achieving segmentation detection, this study investigates the feasibility of applying the deep learning YOLOv5s algorithm model to the segmentation of brain tumor magnetic resonance images and optimizes and upgrades it on this basis. METHODS: The research institute utilized two public datasets of meningioma and glioma magnetic resonance imaging from Kaggle. Dataset 1 contains a total of 3,223 images, and Dataset 2 contains 216 images. From Dataset 1, we randomly selected 3,000 images and used the Labelimg tool to annotate the cancerous regions within the images. These images were then divided into training and validation sets in a 7:3 ratio. The remaining 223 images, along with Dataset 2, were ultimately used as the internal test set and external test set, respectively, to evaluate the model's segmentation effect. A series of optimizations were made to the original YOLOv5 algorithm, introducing the Atrous Spatial Pyramid Pooling (ASPP), Convolutional Block Attention Module (CBAM), Coordinate Attention (CA) for structural improvement, resulting in several optimized versions, namely YOLOv5s-ASPP, YOLOv5s-CBAM, YOLOv5s-CA, YOLOv5s-ASPP-CBAM, and YOLOv5s-ASPP-CA. The training and validation sets were input into the original YOLOv5s model, five optimized models, and the YOLOv8s model for 100 rounds of iterative training. The best weight file of the model with the best evaluation index in the six trained models was used for the final test of the test set. RESULTS: After iterative training, the seven models can segment and recognize brain tumor magnetic resonance images. Their precision rates on the validation set are 92.5, 93.5, 91.2, 91.8, 89.6, 90.8, and 93.1%, respectively. The corresponding recall rates are 84, 85.3, 85.4, 84.7, 87.3, 85.4, and 91.9%. The best weight file of the model with the best evaluation index among the six trained models was tested on the test set, and the improved model significantly enhanced the image segmentation ability compared to the original model. CONCLUSION: Compared with the original YOLOv5s model, among the five improved models, the improved YOLOv5s-ASPP model significantly enhanced the segmentation ability of brain tumor magnetic resonance images, which is helpful in assisting clinical diagnosis and treatment planning.",Frontiers in neuroscience,Front Neurosci,Journal Article,Yang Tao,"The First Clinical Medical College, The Affiliated People's Hospital of Fujian University of Traditional Chinese Medicine, Fuzhou, Fujian, China.",10.1109/TNSRE.2023.3323432,Q2,2024,Neutral,haiku,High,no,"{""stance"": ""Neutral"", ""confidence"": ""High"", ""predictive_claim"": ""no""}"
37864312,2024,2024 Mar,Machine Learning Models for Predicting Sudden Sensorineural Hearing Loss Outcome: A Systematic Review.,"BACKGROUND: Machine Learning models have been applied in various healthcare fields, including Audiology, to predict disease outcomes. The prognosis of sudden sensorineural hearing loss is difficult to predict due to the variable course of the disease. Hence, researchers have attempted to utilize ML models to predict the outcome of patients with sudden sensorineural hearing loss. The objectives of this study were to review the performance of these machine learning models and assess their applicability in real-world settings. METHODS: A systematic search was conducted in PubMed, Web of Science and Scopus. Only studies that built machine learning prediction models were included, and studies that used algorithms such as logistic regression only for the purpose of adjusting for confounding variables were excluded. The risk of bias was assessed using the Prediction model Risk of Bias Assessment Tool (PROBAST). RESULTS: After screening, a total of 7 papers were eligible for synthesis. In total, these studies built 48 ML models. The most common utilized algorithms were Logistic Regression, Support Vector Machine (SVM) and boosting. The area under the curve of the receiver operating characteristic curve ranged between 0.59 and 0.915. All of the included studies had a high risk of bias; hence there are concerns regarding their applicability. CONCLUSION: Although these models showed great performance and promising results, future studies are still needed before these models can be applied in a real-world setting. Future studies should employ multiple cohorts, different feature selection methods, and external validation to further validate the models' applicability.","The Annals of otology, rhinology, and laryngology",Ann Otol Rhinol Laryngol,Systematic Review; Journal Article,Aghakhani Amirhossein,"Department of Epidemiology and Biostatistics, School of Public Health, Tehran University of Medical Sciences, Tehran, Iran.",10.1177/00034894231206902,Q2,2024,Caution,haiku,High,no,"{""stance"": ""Caution"", ""confidence"": ""High"", ""predictive_claim"": ""no""}"
38156994,2024,2024 Nov,Artificial intelligence-based analysis of associations between learning curve and clinical outcomes in endoscopic and microsurgical lumbar decompression surgery.,"PURPOSE: A common spine surgery procedure involves decompression of the lumbar spine. The impact of the surgeon's learning curve on relevant clinical outcomes is currently not well examined in the literature. A variety of machine learning algorithms have been investigated in this study to determine how a surgeon's learning curve and other clinical parameters will influence prolonged lengths of stay (LOS), extended operating times (OT), and complications, as well as whether these clinical parameters can be reliably predicted. METHODS: A retrospective monocentric cohort study of patients with lumbar spinal stenosis treated with microsurgical (MSD) and full-endoscopic (FED) decompression was conducted. The study included 206 patients with lumbar spinal stenosis who underwent FED (63; 30.6%) and MSD (118; 57.3%). Prolonged LOS and OT were defined as those exceeding the 75th percentile of the cohort. Furthermore, complications were assessed as a dependent variable. Using unsupervised learning, clusters were identified in the data, which helped distinguish between the early learning curve (ELC) and the late learning curve (LLC). From 15 algorithms, the top five algorithms that best fit the data were selected for each prediction task. We calculated the accuracy of prediction (Acc) and the area under the curve (AUC). The most significant predictors were determined using a feature importance analysis. RESULTS: For the FED group, the median number of surgeries with case surgery type at the time of surgery was 72 in the ELC group and 274 in the LLC group. FED patients did not significantly differ in outcome variables (LOS, OT, complication rate) between the ELC and LLC group. The random forest model demonstrated the highest mean accuracy and AUC across all folds for each classification task. For OT, it achieved an accuracy of 76.08% and an AUC of 0.89. For LOS, the model reached an accuracy of 83.83% and an AUC of 0.91. Lastly, in predicting complications, the random forest model attained the highest accuracy of 89.90% and an AUC of 0.94. Feature importance analysis indicated that LOS, OT, and complications were more significantly affected by patient characteristics than the surgical technique (FED versus MSD) or the surgeon's learning curve. CONCLUSIONS: A median of 72 cases of FED surgeries led to comparable clinical outcomes in the early learning curve phase compared to experienced surgeons. These outcomes seem to be more significantly affected by patient characteristics than the learning curve or the surgical technique. Several study variables, including the learning curve, can be used to predict whether lumbar decompression surgery will result in an increased LOS, OT, or complications. To introduce the provided prediction tools into clinics, the algorithms need to be implemented into open-source software and externally validated through large-scale randomized controlled trials.","European spine journal : official publication of the European Spine Society, the European Spinal Deformity Society, and the European Section of the Cervical Spine Research Society",Eur Spine J,Journal Article,Saravi Babak,"Department of Orthopedics and Trauma Surgery, Medical Centre - Albert-Ludwigs-University of Freiburg, Faculty of Medicine, Albert-Ludwigs-University of Freiburg, Hugstetterstrasse 55, 79106, Freiburg, Germany. babak.saravi@jupiter.uni-freiburg.de.",10.3390/medicina58050606,Q1,2024,Neutral,haiku,High,no,"{""stance"": ""Neutral"", ""confidence"": ""High"", ""predictive_claim"": ""no""}"
39140014,2024,2024 Jan,Artificial intelligence at the pen's edge: Exploring the ethical quagmires in using artificial intelligence models like ChatGPT for assisted writing in biomedical research.,"Chat generative pretrained transformer (ChatGPT) is a conversational language model powered by artificial intelligence (AI). It is a sophisticated language model that employs deep learning methods to generate human-like text outputs to inputs in the natural language. This narrative review aims to shed light on ethical concerns about using AI models like ChatGPT in writing assistance in the health care and medical domains. Currently, all the AI models like ChatGPT are in the infancy stage; there is a risk of inaccuracy of the generated content, lack of contextual understanding, dynamic knowledge gaps, limited discernment, lack of responsibility and accountability, issues of privacy, data security, transparency, and bias, lack of nuance, and originality. Other issues such as authorship, unintentional plagiarism, falsified and fabricated content, and the threat of being red-flagged as AI-generated content highlight the need for regulatory compliance, transparency, and disclosure. If the legitimate issues are proactively considered and addressed, the potential applications of AI models as writing assistance could be rewarding.",Perspectives in clinical research,Perspect Clin Res,Journal Article; Review,Sharma Hunny,"Department of Community and Family Medicine, All India Institute of Medical Sciences, Raipur, Chhattisgarh, India.",10.4103/picr.picr_196_23,Q2,2024,Caution,haiku,High,no,"{""stance"": ""Caution"", ""confidence"": ""High"", ""predictive_claim"": ""no""}"
37962570,2024,2024 Feb,"Is artificial intelligence ready to replace specialist doctors entirely? ENT specialists vs ChatGPT: 1-0, ball at the center.","PURPOSE: The purpose of this study is to evaluate ChatGPT's responses to Ear, Nose and Throat (ENT) clinical cases and compare them with the responses of ENT specialists. METHODS: We have hypothesized 10 scenarios, based on ENT daily experience, with the same primary symptom. We have constructed 20 clinical cases, 2 for each scenario. We described them to 3 ENT specialists and ChatGPT. The difficulty of the clinical cases was assessed by the 5 ENT authors of this article. The responses of ChatGPT were evaluated by the 5 ENT authors of this article for correctness and consistency with the responses of the 3 ENT experts. To verify the stability of ChatGPT's responses, we conducted the searches, always from the same account, for 5 consecutive days. RESULTS: Among the 20 cases, 8 were rated as low complexity, 6 as moderate complexity and 6 as high complexity. The overall mean correctness and consistency score of ChatGPT responses was 3.80 (SD 1.02) and 2.89 (SD 1.24), respectively. We did not find a statistically significant difference in the average ChatGPT correctness and coherence score according to case complexity. The total intraclass correlation coefficient (ICC) for the stability of the correctness and consistency of ChatGPT was 0.763 (95% confidence interval [CI] 0.553-0.895) and 0.837 (95% CI 0.689-0.927), respectively. CONCLUSIONS: Our results revealed the potential usefulness of ChatGPT in ENT diagnosis. The instability in responses and the inability to recognise certain clinical elements are its main limitations.",European archives of oto-rhino-laryngology : official journal of the European Federation of Oto-Rhino-Laryngological Societies (EUFOS) : affiliated with the German Society for Oto-Rhino-Laryngology - Head and Neck Surgery,Eur Arch Otorhinolaryngol,Journal Article,Dallari Virginia,"Young Confederation of European ORL-HNS, Y-CEORL-HNS, Dublin, Ireland.",10.1007/s00405-023-08219-y,Q1,2024,Cautious Optimism,haiku,High,no,"{""stance"": ""Cautious Optimism"", ""confidence"": ""High"", ""predictive_claim"": ""no""}"
38114849,2024,2024 Jul,Deep learning for malignancy risk estimation of incidental sub-centimeter pulmonary nodules on CT images.,"OBJECTIVES: To establish deep learning models for malignancy risk estimation of sub-centimeter pulmonary nodules incidentally detected by chest CT and managed in clinical settings. MATERIALS AND METHODS: Four deep learning models were trained using CT images of sub-centimeter pulmonary nodules from West China Hospital, internally tested, and externally validated on three cohorts. The four models respectively learned 3D deep features from the baseline whole lung region, baseline image patch where the nodule located, baseline nodule box, and baseline plus follow-up nodule boxes. All regions of interest were automatically segmented except that the nodule boxes were additionally manually checked. The performance of models was compared with each other and that of three respiratory clinicians. RESULTS: There were 1822 nodules (981 malignant) in the training set, 806 (416 malignant) in the testing set, and 357 (253 malignant) totally in the external sets. The area under the curve (AUC) in the testing set was 0.754, 0.855, 0.928, and 0.942, respectively, for models derived from baseline whole lung, image patch, nodule box, and the baseline plus follow-up nodule boxes. When baseline models externally validated (follow-up images not available), the nodule-box model outperformed the other two with AUC being 0.808, 0.848, and 0.939 respectively in the three external datasets. The resident, junior, and senior clinicians achieved an accuracy of 67.0%, 82.5%, and 90.0%, respectively, in the testing set. The follow-up model performed comparably to the senior clinician. CONCLUSION: The deep learning algorithms solely mining nodule information can efficiently predict malignancy of incidental sub-centimeter pulmonary nodules. CLINICAL RELEVANCE STATEMENT: The established models may be valuable for supporting clinicians in routine clinical practice, potentially reducing the number of unnecessary examinations and also delays in diagnosis. KEY POINTS: • According to different regions of interest, four deep learning models were developed and compared to evaluate the malignancy of sub-centimeter pulmonary nodules by CT images. • The models derived from baseline nodule box or baseline plus follow-up nodule boxes demonstrated sufficient diagnostic accuracy (86.4% and 90.4% in the testing set), outperforming the respiratory resident (67.0%) and junior clinician (82.5%). • The proposed deep learning methods may aid clinicians in optimizing follow-up recommendations for sub-centimeter pulmonary nodules and may lead to fewer unnecessary diagnostic interventions.",European radiology,Eur Radiol,Journal Article,Zhang Rui,"Department of Pulmonary and Critical Care Medicine, West China Hospital, Sichuan University, Chengdu, China.",10.1016/S2589-7500(22)00024-3,Q1,2024,Cautious Optimism,haiku,High,no,"{""stance"": ""Cautious Optimism"", ""confidence"": ""High"", ""predictive_claim"": ""no""}"
37994489,2024,2024 Jan,Machine learning-derived identification of prognostic signature for improving prognosis and drug response in patients with ovarian cancer.,"Clinical assessments relying on pathology classification demonstrate limited effectiveness in predicting clinical outcomes and providing optimal treatment for patients with ovarian cancer (OV). Consequently, there is an urgent requirement for an ideal biomarker to facilitate precision medicine. To address this issue, we selected 15 multicentre cohorts, comprising 12 OV cohorts and 3 immunotherapy cohorts. Initially, we identified a set of robust prognostic risk genes using data from the 12 OV cohorts. Subsequently, we employed a consensus cluster analysis to identify distinct clusters based on the expression profiles of the risk genes. Finally, a machine learning-derived prognostic signature (MLDPS) was developed based on differentially expressed genes and univariate Cox regression genes between the clusters by using 10 machine-learning algorithms (101 combinations). Patients with high MLDPS had unfavourable survival rates and have good prediction performance in all cohorts and in-house cohorts. The MLDPS exhibited robust and dramatically superior capability than 21 published signatures. Of note, low MLDIS have a positive prognostic impact on patients treated with anti-PD-1 immunotherapy by driving changes in the level of infiltration of immune cells. Additionally, patients suffering from OV with low MLDIS were more sensitive to immunotherapy. Meanwhile, patients with low MLDIS might benefit from chemotherapy, and 19 compounds that may be potential agents for patients with low MLDIS were identified. MLDIS presents an appealing instrument for the identification of patients at high/low risk. This could enhance the precision treatment, ultimately guiding the clinical management of OV.",Journal of cellular and molecular medicine,J Cell Mol Med,Journal Article,Huan Qing,"Shandong Key Laboratory of Reproductive Medicine, Department of Obstetrics and Gynecology, Shandong Provincial Hospital Affiliated to Shandong First Medical University, Jinan, Shandong, China.",10.1016/j.semcancer.2021.08.005,Q2,2024,Cautious Optimism,haiku,High,no,"{""stance"": ""Cautious Optimism"", ""confidence"": ""High"", ""predictive_claim"": ""no""}"
38144945,2024,2024 Dec,Artificial intelligence in skeletal metastasis imaging.,"In the field of metastatic skeletal oncology imaging, the role of artificial intelligence (AI) is becoming more prominent. Bone metastasis typically indicates the terminal stage of various malignant neoplasms. Once identified, it necessitates a comprehensive revision of the initial treatment regime, and palliative care is often the only resort. Given the gravity of the condition, the diagnosis of bone metastasis should be approached with utmost caution. AI techniques are being evaluated for their efficacy in a range of tasks within medical imaging, including object detection, disease classification, region segmentation, and prognosis prediction in medical imaging. These methods offer a standardized solution to the frequently subjective challenge of image interpretation.This subjectivity is most desirable in bone metastasis imaging. This review describes the basic imaging modalities of bone metastasis imaging, along with the recent developments and current applications of AI in the respective imaging studies. These concrete examples emphasize the importance of using computer-aided systems in the clinical setting. The review culminates with an examination of the current limitations and prospects of AI in the realm of bone metastasis imaging. To establish the credibility of AI in this domain, further research efforts are required to enhance the reproducibility and attain robust level of empirical support.",Computational and structural biotechnology journal,Comput Struct Biotechnol J,Journal Article; Review,Dong Xiying,"Department of Orthopedic Surgery, State Key Laboratory of Complex Severe and Rare Diseases, Peking Union Medical College Hospital, Peking Union Medical College and Chinese Academy of Medical Sciences, Beijing 100730, China.",10.1038/538020a,Q1,2024,Cautious Optimism,haiku,High,no,"{""stance"": ""Cautious Optimism"", ""confidence"": ""High"", ""predictive_claim"": ""no""}"
38096945,2024,2024 Jan,Providing clinical context to the spatio-temporal analysis of 4D CT perfusion to predict acute ischemic stroke lesion outcomes.,"Acute ischemic stroke is a leading cause of mortality and morbidity worldwide. Timely identification of the extent of a stroke is crucial for effective treatment, whereas spatio-temporal (4D) Computed Tomography Perfusion (CTP) imaging is playing a critical role in this process. Recently, the first deep learning-based methods that leverage the full spatio-temporal nature of perfusion imaging for predicting stroke lesion outcomes have been proposed. However, clinical information is typically not integrated into the learning process, which may be helpful to improve the tissue outcome prediction given the known influence of various factors (i.e., physiological, demographic, and treatment factors) on lesion growth. Cross-attention, a multimodal fusion strategy, has been successfully used to combine information from multiple sources, but it has yet to be applied to stroke lesion outcome prediction. Therefore, this work aimed to develop and evaluate a novel multimodal and spatio-temporal deep learning model that utilizes cross-attention to combine information from 4D CTP and clinical metadata simultaneously to predict stroke lesion outcomes. The proposed model was evaluated using a dataset of 70 acute ischemic stroke patients, demonstrating significantly improved volume estimates (mean error = 19 ml) compared to a baseline unimodal approach (mean error = 35 ml, p< 0.05). The proposed model allows generating attention maps and counterfactual outcome scenarios to investigate the relevance of clinical variables in predicting stroke lesion outcomes at a patient level, helping to provide a better understanding of the model's decision-making process.",Journal of biomedical informatics,J Biomed Inform,"Journal Article; Research Support, Non-U.S. Gov't",Amador Kimberly,"Biomedical Engineering Graduate Program, University of Calgary, Calgary, Canada; Department of Radiology, University of Calgary, Calgary, Canada; Hotchkiss Brain Institute, University of Calgary, Calgary, Canada; Alberta Children's Hospital Research Institute, University of Calgary, Calgary, Canada. Electronic address: kimberlyalejandra.am@ucalgary.ca.",10.1016/j.jbi.2023.104567,Q1,2024,Neutral,haiku,High,no,"{""stance"": ""Neutral"", ""confidence"": ""High"", ""predictive_claim"": ""no""}"
38031276,2024,2024 Feb,Can ChatGPT Aid Clinicians in Educating Patients on the Surgical Management of Glaucoma?,"PRÉCIS: ChatGPT can help health care providers automate the quality assessment of online health information, but it does not produce easier-to-understand responses compared with existing online health information. PURPOSE: To compare the readability of ChatGPT-generated health information about glaucoma surgery to existing material online and to evaluate ChatGPT's ability to analyze the quality of information found online about glaucoma surgery. METHODS: ChatGPT was asked to create patient handouts on glaucoma surgery using 7 independent prompts, aiming to generate sixth grade level reading material. Existing patient-targeted online health information about glaucoma surgery was selected from the top 50 search results of 3 search engines, excluding advertisements, blog posts, information intended for health professionals, irrelevant content, and duplicate links. Four validated tools were used to assess readability, and the readability of the ChatGPT-generated material was compared with the readability of existing online information. The DISCERN instrument was used for the quality assessment of online materials. The DISCERN instrument was also programmed to use ChatGPT to evaluate its ability to analyze quality. R software and descriptive statistics were used for data analysis. RESULTS: Thirty-five webpages were included. There was no difference between the reading level of online webpages (12th grade) and the reading level of ChatGPT-generated responses (11th grade), despite the ChatGPT prompts asking for simple language and a sixth grade reading level. The quality of health content was ""fair,"" with only 5 resources receiving an ""excellent"" score. ChatGPT scored the quality of health resources with high precision ( r =0.725). CONCLUSIONS: Patient-targeted information on glaucoma surgery is beyond the reading level of the average patient, therefore at risk of not being understood, and is of subpar quality, per DISCERN tool scoring. ChatGPT did not generate documents at a lower reading level as prompted, but this tool can aid in automating the time-consuming and subjective process of quality assessment.",Journal of glaucoma,J Glaucoma,Journal Article,Kianian Reza,"Department of Ophthalmology, Stein Eye Institute, David Geffen School of Medicine, University of California Los Angeles.",10.1097/IJG.0000000000002338,Q1,2024,Cautious Optimism,haiku,High,no,"{""stance"": ""Cautious Optimism"", ""confidence"": ""High"", ""predictive_claim"": ""no""}"
37906980,2024,2024 Jan,Machine Learning Predicts Acute Kidney Injury in Hospitalized Patients with Sickle Cell Disease.,"INTRODUCTION: Acute kidney injury (AKI) is common among hospitalized patients with sickle cell disease (SCD) and contributes to increased morbidity and mortality. Early identification and management of AKI is essential to preventing poor outcomes. We aimed to predict AKI earlier in patients with SCD using a machine-learning model that utilized continuous minute-by-minute physiological data. METHODS: A total of6,278 adult SCD patient encounters were admitted to inpatient units across five regional hospitals in Memphis, TN, over 3 years, from July 2017 to December 2020. From these, 1,178 patients were selected after filtering for data availability. AKI was identified in 82 (7%) patient encounters, using the 2012 Kidney Disease Improving Global Outcomes (KDIGO) criteria. The remaining 1,096 encounters served as controls. Features derived from five physiological data streams, heart rate, respiratory rate, and blood pressure (systolic, diastolic, and mean), captured every minute from bedside monitors were used. An XGBoost classifier was used for classification. RESULTS: Our model accurately predicted AKI up to 12 h before onset with an area under the receiver operator curve (AUROC) of 0.91 (95% CI [0.89-0.93]) and up to 48 h before AKI with an AUROC of 0.82 (95% CI [0.80-0.83]). Patients with AKI were more likely to be female (64.6%) and have history of hypertension, pulmonary hypertension, chronic kidney disease, and pneumonia than the control group. CONCLUSION: XGBoost accurately predicted AKI as early as 12 h before onset in hospitalized SCD patients and may enable the development of innovative prevention strategies.",American journal of nephrology,Am J Nephrol,"Journal Article; Research Support, N.I.H., Extramural",Zahr Rima S,"Division of Pediatric Nephrology and Hypertension, University of Tennessee Health Science Center Memphis, Memphis, Tennessee, USA.",10.1159/000534864,Q1,2024,Cautious Optimism,haiku,High,no,"{""stance"": ""Cautious Optimism"", ""confidence"": ""High"", ""predictive_claim"": ""no""}"
37272059,2024,2024 Jun,Optimized feature fusion-based modified cascaded kernel extreme learning machine for heart disease prediction in E-healthcare.,"In recent years, medical technological innovators have focused on diverse clinical therapies to find innovative ways to overcome clinical challenges. But still, there emerge certain drawbacks like high computational cost, increased error, less training ability, the requirement of high storage space and degraded accuracy. To conquer these drawbacks, the proposed research article presents an innovative cascaded extreme learning machine for effective heart disease (HD) prediction. Missing data filtering and normalization methods are carried out for data pre-processing. From the pre-processed data, the features are extracted using the Framingham risk factor extraction module, whereas the extracted features are fused to generate a feature vector. The most significant features are selected using Rhino Satin Herd optimization algorithm. Using a linear weight assignment approach, the feature weighting process is undertaken by allocating higher weights to significant features and less weight to unwanted features. Finally, classification is performed through the Cascaded kernel soft plus extreme learning machine with a stacked autoencoder model. The performance is analyzed using PYTHON to evaluate the superiority of the proposed model. The proposed model obtained an overall accuracy of 90%, precision of 94%, recall of 91.3% and F1 measure of 92.6% in the Cleveland-Hungarian dataset, which is comparatively superior to the existing methods. An accuracy of 92.6% is attained for predicting HD in terms of the heart patient dataset. The proposed model attains better performance because of effective accuracy outcome, reduced overfitting issues, fewer error rates, better convergence and training ability.",Computer methods in biomechanics and biomedical engineering,Comput Methods Biomech Biomed Engin,Journal Article,Kumar Sumit,"COER University, Roorkee, Uttarakhand, 247667, India.",10.1080/10255842.2023.2218520,Q2,2024,Neutral,haiku,High,no,"{""stance"": ""Neutral"", ""confidence"": ""High"", ""predictive_claim"": ""no""}"
37455674,2024,2024 Jan,Multimodal fusion workflow for target delineation in cardiac radioablation of ventricular tachycardia.,"BACKGROUND: Cardiac radioablation (CR) is an innovative treatment to ablate cardiac arrythmia sources by radiation therapy. CR target delineation is a challenging task requiring the exploitation of highly different imaging modalities, including cardiac electro-anatomical mapping (EAM). PURPOSE: In this work, a data integration process is proposed to alleviate the tediousness of CR target delineation by generating a fused representation of the heart, including all the information of interest resulting from the analysis and registration of electro-anatomical data, PET scan and planning computed tomography (CT) scan. The proposed process was evaluated by cardiologists during delineation trials. METHODS: The data processing pipeline was composed of the following steps. The cardiac structures of interest were segmented from cardiac CT scans using a deep learning method. The EAM data was registered to the cardiac CT scan using a point cloud based registration method. The PET scan was registered using rigid image registration. The EAM and PET information, as well as the myocardium thickness, were projected on the surface of the 3D mesh of the left ventricle. The target was identified by delineating a path on this surface that was further projected to the thickness of the myocardium to create the target volume. This process was evaluated by comparison with a standard slice-by-slice delineation with mental EAM registration. Four cardiologists delineated targets for three patients using both methods. The variability of target volumes, and the ease of use of the proposed method, were evaluated. RESULTS: All cardiologists reported being more confident and efficient using the proposed method. The inter-clinician variability in delineated target volume was systematically lower with the proposed method (average dice score of 0.62 vs. 0.32 with a classical method). Delineation times were also improved. CONCLUSIONS: A data integration process was proposed and evaluated to fuse images of interest for CR target delineation. It effectively reduces the tediousness of CR target delineation, while improving inter-clinician agreement on target volumes. This study is still to be confirmed by including more clinicians and patient data to the experiments.",Medical physics,Med Phys,Journal Article,Rigal Louis,"Univ Rennes, CHU Rennes, CLCC Eugène Marquis, Inserm, LTSI - UMR 1099, Rennes, France.",10.1002/mp.16613,Q1,2024,Cautious Optimism,haiku,High,no,"{""stance"": ""Cautious Optimism"", ""confidence"": ""High"", ""predictive_claim"": ""no""}"
37914911,2024,2024 Feb,Artificial intelligence for automatic surgical phase recognition of laparoscopic gastrectomy in gastric cancer.,"PURPOSE: This study aimed to classify laparoscopic gastric cancer phases. We also aimed to develop a transformer-based artificial intelligence (AI) model for automatic surgical phase recognition and to evaluate the model's performance using laparoscopic gastric cancer surgical videos. METHODS: One hundred patients who underwent laparoscopic surgery for gastric cancer were included in this study. All surgical videos were labeled and classified into eight phases (P0. Preparation. P1. Separate the greater gastric curvature. P2. Separate the distal stomach. P3. Separate lesser gastric curvature. P4. Dissect the superior margin of the pancreas. P5. Separation of the proximal stomach. P6. Digestive tract reconstruction. P7. End of operation). This study proposed an AI phase recognition model consisting of a convolutional neural network-based visual feature extractor and temporal relational transformer. RESULTS: A visual and temporal relationship network was proposed to automatically perform accurate surgical phase prediction. The average time for all surgical videos in the video set was 9114 ± 2571 s. The longest phase was at P1 (3388 s). The final research accuracy, F1, recall, and precision were 90.128, 87.04, 87.04, and 87.32%, respectively. The phase with the highest recognition accuracy was P1, and that with the lowest accuracy was P2. CONCLUSION: An AI model based on neural and transformer networks was developed in this study. This model can identify the phases of laparoscopic surgery for gastric cancer accurately. AI can be used as an analytical tool for gastric cancer surgical videos.",International journal of computer assisted radiology and surgery,Int J Comput Assist Radiol Surg,Journal Article; Video-Audio Media,Zhai Yuhao,"Department of General Surgery, Beijing Friendship Hospital, Capital Medical University, 95 Yong'an Road, Xicheng District, Beijing, China.",10.1186/s12938-022-01001-x,Q2,2024,Neutral,haiku,High,no,"{""stance"": ""Neutral"", ""confidence"": ""High"", ""predictive_claim"": ""no""}"
38129952,2024,2024 Mar,Lessons From The Glaucoma Foundation Think Tank 2023: A Patient-Centric Approach to Glaucoma.,"PRÉCIS: The main takeaways also included that BIG DATA repositories and AI are important combinatory tools to foster novel strategies to prevent and stabilize glaucoma and, in the future, recover vision loss from the disease. PURPOSE: To summarize the main topics discussed during the 28th Annual Glaucoma Foundation Think Tank Meeting ""A Patient-Centric Approach to Glaucoma"" held in New York on June 9 and 10, 2023. METHODS: The highlights of the sessions on BIG DATA, genetics, modifiable lifestyle risk factors, female sex hormones, and neuroprotection in the field of primary open angle glaucoma (POAG) were summarized. RESULTS: The researchers discussed the importance of BIG DATA repositories available at national and international levels for POAG research, including the United Kingdom Biobank. Combining genotyped large cohorts worldwide, facilitated by artificial intelligence (AI) and machine-learning approaches, led to the milestone discovery of 312 genome-wide significant disease loci for POAG. While these loci could be combined into a polygenic risk score with clinical utility, Think Tank meeting participants also provided analytical epidemiological evidence that behavioral risk factors modify POAG polygenetic risk, citing specific examples related to caffeine and alcohol use. The impact of female sex hormones on POAG pathophysiology was discussed, as was neuroprotection and the potential use of AI to help mitigate specific challenges faced in clinical trials and speed approval of neuroprotective agents. CONCLUSIONS: The experts agreed on the importance of genetics in defining individual POAG risk and highlighted the additional crucial role of lifestyle, gender, blood pressure, and vascular risk factors. The main takeaways also included that BIG DATA repositories and AI are important combinatory tools to foster novel strategies to prevent and stabilize glaucoma and, in the future, recover vision loss from the disease.",Journal of glaucoma,J Glaucoma,"Journal Article; Research Support, Non-U.S. Gov't; Research Support, N.I.H., Extramural",Harris Alon,"Department of Ophthalmology, Icahn School of Medicine at Mount Sinai Hospital, New York, NY.",10.1073/pnas.1211074110,Q1,2024,Cautious Optimism,haiku,High,yes,"{""stance"": ""Cautious Optimism"", ""confidence"": ""High"", ""predictive_claim"": ""yes""}"
37982680,2024,2024 Mar,Machine learning-based nonlinear regression-adjusted real-time quality control modeling: a multi-center study.,"OBJECTIVES: Patient-based real-time quality control (PBRTQC), a laboratory tool for monitoring the performance of the testing process, has gained increasing attention in recent years. It has been questioned for its generalizability among analytes, instruments, laboratories, and hospitals in real-world settings. Our purpose was to build a machine learning, nonlinear regression-adjusted, patient-based real-time quality control (mNL-PBRTQC) with wide application. METHODS: Using computer simulation, artificial biases were added to patient population data of 10 measurands. An mNL-PBRTQC was created using eight hospital laboratory databases as a training set and validated by three other hospitals' independent patient datasets. Three different Patient-based models were compared on these datasets, the IFCC PBRTQC model, linear regression-adjusted real-time quality control (L-RARTQC), and the mNL-PBRTQC model. RESULTS: Our study showed that in the three independent test data sets, mNL-PBRTQC outperformed the IFCC PBRTQC and L-RARTQC for all measurands and all biases. Using platelets as an example, it was found that for 20 % bias, both positive and negative, the uncertainty of error detection for mNL-PBRTQC was smallest at the median and maximum values. CONCLUSIONS: mNL-PBRTQC is a robust machine learning framework, allowing accurate error detection, especially for analytes that demonstrate instability and for detecting small biases.",Clinical chemistry and laboratory medicine,Clin Chem Lab Med,"Multicenter Study; Journal Article; Research Support, Non-U.S. Gov't",Liang Yu-Fang,"Department of Laboratory Medicine, Beijing Chao-yang Hospital, Capital Medical University, Beijing, P.R. China.",10.1515/cclm-2019-0027,Q1,2024,Neutral,haiku,High,no,"{""stance"": ""Neutral"", ""confidence"": ""High"", ""predictive_claim"": ""no""}"
38154165,2024,2024 Mar,Innovative approach for predicting biogas production from large-scale anaerobic digester using long-short term memory (LSTM) coupled with genetic algorithm (GA).,"An artificial neural network (ANN) model called long-short term memory (LSTM), coupled with a genetic algorithm (GA) for feature selection, was used to predict biogas production of large-scale anaerobic digesters (ADs) of Tehran South Wastewater Treatment Plant (Iran), with a biogas production of approximately 30,000 Nm3/d. In order to employ the real conditions, the hydraulic retention time (HRT) of the ADs (21 days) was considered as the LSTM look-back window. To evaluate the model predictions, three different scenarios were defined. In the first scenario, the model predicted the produced biogas by using raw wastewater characteristics and reached the coefficient of determination of R2 = 0.84. The GA selected four out of eleven parameters of raw wastewater, including loads of BOD5, COD, TSS, and TN (kg/d), as the most informative data for the model. In the second scenario, the model predicted the produced biogas by employing the data of the thickened sludge streams entering the ADs and yielded a higher accuracy (R2 = 0.89). In this scenario, GA selected two out of six parameters of the sludge streams, including total flow rate (m3/d) and average solids content (w/w%). Finally, in the third scenario, by putting the parameters of the two previous scenarios together, the model's prediction accuracy increased slightly (R2 = 0.90). The results demonstrated that the GA-LSTM modeling technique could achieve reliable performance in predicting biogas production of large-scale ADs by including HRT in modeling procedure. It was also found that the raw wastewater characteristics severely affect AD behavior and can be successfully used as the input data of the AD models.","Waste management (New York, N.Y.)",Waste Manag,Journal Article,Salamattalab Mohammad Milad,"Department of Civil Engineering, Iran University of Science and Technology (IUST), Narmak, Tehran 16846-13114, Iran. Electronic address: m_salamattalab@alumni.iust.ac.ir.",10.1016/j.wasman.2023.12.046,Q1,2024,Neutral,haiku,High,no,"{""stance"": ""Neutral"", ""confidence"": ""High"", ""predictive_claim"": ""no""}"
38184356,2024,2024 Jan,Multiple mask and boundary scoring R-CNN with cGAN data augmentation for bladder tumor segmentation in WLC videos.,"Automatic diagnosis systems capable of handling multiple pathologies are essential in clinical practice. This study focuses on enhancing precise lesion localization, classification and delineation in transurethral resection of bladder tumor (TURBT) to reduce cancer recurrence. Despite deep learning models success, medical applications face challenges like small and limited datasets and poor image characterization, including the absence lack of color/texture modeling. To address these issues, three solutions are proposed: (1) an improved texture-constrained version of the pix2pixHD cGAN for data augmentation, addressing the tradeoff of generating high-quality images with enough stochasticity using the Fréchet Inception Distance (FID) measure. (2) Introducing the Multiple Mask and Boundary Scoring R-CNN (MM&BS R-CNN), a new mask sub-net scheme where multiple masks are generated from the different levels of the mask sub-net pipeline, improving segmentation accuracy by including a new scoring module to refine object boundaries. (3) A novel accelerated training strategy based on the SGD optimizer with the second momentum. Experimental results show significant mAP improvements: the data generation scheme improves by more than 12 %; MM&BS R-CNN proposed architecture is responsible for an improvement of about 1.25 %, and the training algorithm based on the second-order momentum increases mAP by 2-3 %. The simultaneous use of all three proposals improved the state-of-the-art mAP by 17.44 %.",Artificial intelligence in medicine,Artif Intell Med,"Journal Article; Research Support, Non-U.S. Gov't",Freitas Nuno R,"CMEMS-UMinho, University of Minho, 4800-058 Guimaraes, Portugal; LABBELS - Associate Laboratory, Guimaraes, Portugal. Electronic address: id8003@alunos.uminho.pt.",10.1016/j.artmed.2023.102723,Q1,2024,Neutral,haiku,High,no,"{""stance"": ""Neutral"", ""confidence"": ""High"", ""predictive_claim"": ""no""}"
37932602,2024,2024 Jan,The application of objective clinical human reliability analysis (OCHRA) in the assessment of basic robotic surgical skills.,"BACKGROUND: Using a validated, objective, and standardised assessment tool to assess progression and competency is essential for basic robotic surgical training programmes. Objective clinical human reliability analysis (OCHRA) is an error-based assessment tool that provides in-depth analysis of individual technical errors. We conducted a feasibility study to assess the concurrent validity and reliability of OCHRA when applied to basic, generic robotic technical skills assessment. METHODS: Selected basic robotic surgical skill tasks, in virtual reality (VR) and dry lab equivalent, were performed by novice robotic surgeons during an intensive 5-day robotic surgical skills course on da Vinci® X and Xi surgical systems. For each task, we described a hierarchical task analysis. Our developed robotic surgical-specific OCHRA methodology was applied to error events in recorded videos with a standardised definition. Statistical analysis to assess concurrent validity with existing tools and inter-rater reliability were performed. RESULTS: OCHRA methodology was applied to 272 basic robotic surgical skills tasks performed by 20 novice robotic surgeons. Performance scores improved from the start of the course to the end using all three assessment tools; Global Evaluative Assessment of Robotic Skills (GEARS) [VR: t(19) = - 9.33, p < 0.001] [dry lab: t(19) = - 10.17, p < 0.001], OCHRA [VR: t(19) = 6.33, p < 0.001] [dry lab: t(19) = 10.69, p < 0.001] and automated VR [VR: t(19) = - 8.26, p < 0.001]. Correlation analysis, for OCHRA compared to GEARS and automated VR scores, shows a significant and strong inverse correlation in every VR and dry lab task; OCHRA vs GEARS [VR: mean r = - 0.78, p < 0.001] [dry lab: mean r = - 0.82, p < 0.001] and OCHRA vs automated VR [VR: mean r = - 0.77, p < 0.001]. There is very strong and significant inter-rater reliability between two independent reviewers (r = 0.926, p < 0.001). CONCLUSION: OCHRA methodology provides a detailed error analysis tool in basic robotic surgical skills with high reliability and concurrent validity with existing tools. OCHRA requires further evaluation in more advanced robotic surgical procedures.",Surgical endoscopy,Surg Endosc,Journal Article,Gorard Jack,"Division of Surgery & Interventional Science, Royal Free Hospital Campus, University College London, London, UK.",10.1097/SLA.0000000000004584,Q1,2024,Neutral,haiku,High,no,"{""stance"": ""Neutral"", ""confidence"": ""High"", ""predictive_claim"": ""no""}"
36708281,2024,2024 Jul,Novel AI-Based Algorithm for the Automated Computation of Coronal Parameters in Adolescent Idiopathic Scoliosis Patients: A Validation Study on 100 Preoperative Full Spine X-Rays.,"STUDY DESIGN: Retrospective, mono-centric cohort research study. OBJECTIVES: The purpose of this study is to validate a novel artificial intelligence (AI)-based algorithm against human-generated ground truth for radiographic parameters of adolescent idiopathic scoliosis (AIS). METHODS: An AI-algorithm was developed that is capable of detecting anatomical structures of interest (clavicles, cervical, thoracic, lumbar spine and sacrum) and calculate essential radiographic parameters in AP spine X-rays fully automatically. The evaluated parameters included T1-tilt, clavicle angle (CA), coronal balance (CB), lumbar modifier, and Cobb angles in the proximal thoracic (C-PT), thoracic, and thoracolumbar regions. Measurements from 2 experienced physicians on 100 preoperative AP full spine X-rays of AIS patients were used as ground truth and to evaluate inter-rater and intra-rater reliability. The agreement between human raters and AI was compared by means of single measure Intra-class Correlation Coefficients (ICC; absolute agreement; >.75 rated as excellent), mean error and additional statistical metrics. RESULTS: The comparison between human raters resulted in excellent ICC values for intra- (range: .97-1) and inter-rater (.85-.99) reliability. The algorithm was able to determine all parameters in 100% of images with excellent ICC values (.78-.98). Consistently with the human raters, ICC values were typically smallest for C-PT (eg, rater 1A vs AI: .78, mean error: 4.7°) and largest for CB (.96, -.5 mm) as well as CA (.98, .2°). CONCLUSIONS: The AI-algorithm shows excellent reliability and agreement with human raters for coronal parameters in preoperative full spine images. The reliability and speed offered by the AI-algorithm could contribute to the efficient analysis of large datasets (eg, registry studies) and measurements in clinical practice.",Global spine journal,Global Spine J,Journal Article,Berlin Clara,"Spine Surgery and Scoliosis Center,Schön Klinik Neustadt, Germany.",10.3171/2022.5.Spine22109,Q1,2024,Cautious Optimism,haiku,High,no,"{""stance"": ""Cautious Optimism"", ""confidence"": ""High"", ""predictive_claim"": ""no""}"
37992226,2024,2024 Jan,Deep learning based automatic internal gross target volume delineation from 4D-CT of hepatocellular carcinoma patients.,"BACKGROUND: The location and morphology of the liver are significantly affected by respiratory motion. Therefore, delineating the gross target volume (GTV) based on 4D medical images is more accurate than regular 3D-CT with contrast. However, the 4D method is also more time-consuming and laborious. This study proposes a deep learning (DL) framework based on 4D-CT that can achieve automatic delineation of internal GTV. METHODS: The proposed network consists of two encoding paths, one for feature extraction of adjacent slices (spatial slices) in a specific 3D-CT sequence, and one for feature extraction of slices at the same location in three adjacent phase 3D-CT sequences (temporal slices), a feature fusion module based on an attention mechanism was proposed for fusing the temporal and spatial features. Twenty-six patients' 4D-CT, each consisting of 10 respiratory phases, were used as the dataset. The Hausdorff distance (HD95), Dice similarity coefficient (DSC), and volume difference (VD) between the manual and predicted tumor contour were computed to evaluate the model's segmentation accuracy. RESULTS: The predicted GTVs and IGTVs were compared quantitatively and visually with the ground truth. For the test dataset, the proposed method achieved a mean DSC of 0.869 ± 0.089 and an HD95 of 5.14 ± 3.34 mm for all GTVs, with under-segmented GTVs on some CT slices being compensated by GTVs on other slices, resulting in better agreement between the predicted IGTVs and the ground truth, with a mean DSC of 0.882 ± 0.085 and an HD95 of 4.88 ± 2.84 mm. The best GTV results were generally observed at the end-inspiration stage. CONCLUSIONS: Our proposed DL framework for tumor segmentation on 4D-CT datasets shows promise for fully automated delineation in the future. The promising results of this work provide impetus for its integration into the 4DCT treatment planning workflow to improve hepatocellular carcinoma radiotherapy.",Journal of applied clinical medical physics,J Appl Clin Med Phys,Journal Article,Yang Zhen,"Department of Oncology, National Clinical Research Center for Geriatric Disorders, Xiangya Hospital, Central South University, Changsha, China.",10.1109/TMI.2022.3175461,Q1,2024,Cautious Optimism,haiku,High,yes,"{""stance"": ""Cautious Optimism"", ""confidence"": ""High"", ""predictive_claim"": ""yes""}"
38159310,2024,2024 Feb,Effluent parameters prediction of a biological nutrient removal (BNR) process using different machine learning methods: A case study.,"This paper proposes a novel targeted blend of machine learning (ML) based approaches for controlling wastewater treatment plant (WWTP) operation by predicting distributions of key effluent parameters of a biological nutrient removal (BNR) process. Two years of data were collected from Plajyolu wastewater treatment plant in Kocaeli, Türkiye and the effluent parameters were predicted using six machine learning algorithms to compare their performances. Based on mean absolute percentage error (MAPE) metric only, support vector regression machine (SVRM) with linear kernel method showed a good agreement for COD and BOD5, with the MAPE values of about 9% and 0.9%, respectively. Random Forest (RF) and EXtreme Gradient Boosting (XGBoost) regression were found to be the best algorithms for TN and TP effluent parameters, with the MAPE values of about 34% and 27%, respectively. Further, when the results were evaluated together according to all the performance metrics, RF, SVRM (with both linear kernel and RBF kernel), and Hybrid Regression algorithms generally made more successful predictions than Light GBM and XGBoost algorithms for all the parameters. Through this case study we demonstrated selective application of ML algorithms can be used to predict different effluent parameters more effectively. Wider implementation of this approach can potentially reduce the resource demands for active monitoring the environmental performance of WWTPs.",Journal of environmental management,J Environ Manage,Journal Article,Manav-Demir Neslihan,"Yildiz Technical University, Environmental Engineering Department, Esenler, Istanbul, 34220, Turkey. Electronic address: nmanav@yildiz.edu.tr.",10.1016/j.jenvman.2023.119899,Q1,2024,Neutral,haiku,High,no,"{""stance"": ""Neutral"", ""confidence"": ""High"", ""predictive_claim"": ""no""}"
37316398,2024,2024 Feb,Randomized Controlled Feasibility Trial of Robot-assisted Versus Conventional Open Partial Nephrectomy: The ROBOCOP II Study.,"BACKGROUND: There is no evidence from randomized controlled trials (RCTs) comparing robot-assisted partial nephrectomy (RAPN) and open partial nephrectomy (OPN). OBJECTIVE: To assess the feasibility of trial recruitment and to compare surgical outcomes between RAPN and OPN. DESIGN, SETTING, AND PARTICIPANTS: ROBOCOP II was designed as single-center, open-label, feasibility RCT. Patients with suspected localized renal cell carcinoma referred for PN were randomized at a 1:1 ratio to either RAPN or OPN. OUTCOME MEASUREMENTS AND STATISTICAL ANALYSIS: The primary outcome was the feasibility of recruitment, assessed as the accrual rate. Secondary outcomes included perioperative and postoperative data. Data were analyzed descriptively in a modified intention-to-treat population consisting of randomized patients who underwent surgery. RESULTS AND LIMITATIONS: A total of 50 patients underwent RAPN or OPN (accrual rate 65%). In comparison to OPN, RAPN had lower blood loss (OPN 361 ml, standard deviation [SD] 238; RAPN 149 ml, SD 122; difference 212 ml, 95% confidence interval [CI] 105-320; p < 0.001), less need for opioids (OPN 46%; RAPN 16%; difference 30%, 95% CI 5-54; p = 0.024), and fewer complications according to the mean Comprehensive Complication Index (OPN 14, SD 16; RAPN 5, SD 15; difference 9, 95% CI 0-18; p = 0.008). OPN has a shorter operative time (OPN 112 min, SD 29; RAPN 130 min, SD 32; difference -18 min, 95% CI -35 to -1; p = 0.046) and warm ischemia time (OPN 8.7 min, SD 7.1; RAPN 15.4 min, SD 7.0; difference 6.7 min, 95% CI -10.7 to -2.7; p = 0.001). There were no differences between RAPN and OPN regarding postoperative kidney function. CONCLUSIONS: This first RCT comparing OPN and RAPN met the primary outcome of the feasibility of recruitment; however, the window for future RCTs is closing. Each approach has advantages over the other, and both remain safe and effective options. PATIENT SUMMARY: For patients with a kidney tumor, open surgery and robot-assisted keyhole surgery are both feasible and safe approaches for partial removal of the affected kidney. Each approach has known advantages. Long-term follow-up will explore differences in quality of life and cancer control outcomes.",European urology oncology,Eur Urol Oncol,Journal Article,Kowalewski Karl-Friedrich,"Department of Urology and Urological Surgery, University Medical Centre Mannheim, University of Heidelberg, Mannheim, Germany. Electronic address: karl-friedrich.kowalewski@umm.de.",10.1016/j.euo.2023.05.011,Q1,2024,Neutral,haiku,High,no,"{""stance"": ""Neutral"", ""confidence"": ""High"", ""predictive_claim"": ""no""}"
38303468,2024,2024 Jan,Entity relationship extraction from Chinese electronic medical records based on feature augmentation and cascade binary tagging framework.,"Extracting entity relations from unstructured Chinese electronic medical records is an important task in medical information extraction. However, Chinese electronic medical records mostly have document-level volumes, and existing models are either unable to handle long text sequences or exhibit poor performance. This paper proposes a neural network based on feature augmentation and cascade binary tagging framework. First, we utilize a pre-trained model to tokenize the original text and obtain word embedding vectors. Second, the word vectors are fed into the feature augmentation network and fused with the original features and position features. Finally, the cascade binary tagging decoder generates the results. In the current work, we built a Chinese document-level electronic medical record dataset named VSCMeD, which contains 595 real electronic medical records from vascular surgery patients. The experimental results show that the model achieves a precision of 87.82% and recall of 88.47%. It is also verified on another Chinese medical dataset CMeIE-V2 that the model achieves a precision of 54.51% and recall of 48.63%.",Mathematical biosciences and engineering : MBE,Math Biosci Eng,Journal Article,Lu Xiaoqing,"School of Computer Science and Technology, Zhejiang Sci-Tech University, Hangzhou, China.",10.3934/mbe.2024058,Q2,2024,Neutral,haiku,High,no,"{""stance"": ""Neutral"", ""confidence"": ""High"", ""predictive_claim"": ""no""}"
38362184,2024,2024 Feb,Can ChatGPT help patients answer their otolaryngology questions?,"BACKGROUND: Over the past year, the world has been captivated by the potential of artificial intelligence (AI). The appetite for AI in science, specifically healthcare is huge. It is imperative to understand the credibility of large language models in assisting the public in medical queries. OBJECTIVE: To evaluate the ability of ChatGPT to provide reasonably accurate answers to public queries within the domain of Otolaryngology. METHODS: Two board-certified otolaryngologists (HZ, RS) inputted 30 text-based patient queries into the ChatGPT-3.5 model. ChatGPT responses were rated by physicians on a scale (accurate, partially accurate, incorrect), while a similar 3-point scale involving confidence was given to layperson reviewers. Demographic data involving gender and education level was recorded for the public reviewers. Inter-rater agreement percentage was based on binomial distribution for calculating the 95% confidence intervals and performing significance tests. Statistical significance was defined as p < .05 for two-sided tests. RESULTS: In testing patient queries, both Otolaryngology physicians found that ChatGPT answered 98.3% of questions correctly, but only 79.8% (range 51.7%-100%) of patients were confident that the AI model was accurate in its responses (corrected agreement = 0.682; p < .001). Among the layperson responses, the corrected coefficient was of moderate agreement (0.571; p < .001). No correlation was noted among age, gender, or education level for the layperson responses. CONCLUSION: ChatGPT is highly accurate in responding to questions posed by the public with regards to Otolaryngology from a physician standpoint. Public reviewers were not fully confident in believing the AI model, with subjective concerns related to less trust in AI answers compared to physician explanation. Larger evaluations with a representative public sample and broader medical questions should immediately be conducted by appropriate organizations, governing bodies, and/or governmental agencies to instill public confidence in AI and ChatGPT as a medical resource. LEVEL OF EVIDENCE: 4.",Laryngoscope investigative otolaryngology,Laryngoscope Investig Otolaryngol,Journal Article,Zalzal Habib G,Division of Otolaryngology-Head and Neck Surgery Children's National Hospital Washington District of Columbia USA.,10.1002/lio2.1193,Q2,2024,Cautious Optimism,haiku,High,no,"{""stance"": ""Cautious Optimism"", ""confidence"": ""High"", ""predictive_claim"": ""no""}"
37875679,2024,2024 Jan,Cross-sectional area and fat infiltration of the lumbar spine muscles in patients with back disorders: a deep learning-based big data analysis.,"PURPOSE: Validated deep learning models represent a valuable option to perform large-scale research studies aiming to evaluate muscle quality and quantity of paravertebral lumbar muscles at the population level. This study aimed to assess lumbar spine muscle cross-sectional area (CSA) and fat infiltration (FI) in a large cohort of subjects with back disorders through a validated deep learning model. METHODS: T2 axial MRI images of 4434 patients (n = 2609 females, n = 1825 males; mean age: 56.7 ± 16.8) with back disorders, such as fracture, spine surgery or herniation, were retrospectively collected from a clinical database and automatically segmented. CSA, expressed as the ratio between total muscle area (TMA) and the vertebral body area (VBA), and FI, in percentages, of psoas major, quadratus lumborum, erector spinae, and multifidus were analyzed as primary outcomes. RESULTS: Male subjects had significantly higher CSA (6.8 ± 1.7 vs. 5.9 ± 1.5 TMA/VBA; p < 0.001) and lower FI (21.9 ± 8.3% vs. 15.0 ± 7.3%; p < 0.001) than females. Multifidus had more FI (27.2 ± 10.6%; p < 0.001) than erector spinae (22.2 ± 9.7%), quadratus lumborum (17.5 ± 7.0%) and psoas (13.7 ± 5.8%) whereas CSA was higher in erector spinae than other lumbar muscles. A high positive correlation between age and total FI was detected (rs = 0.73; p < 0.001) whereas a negligible negative correlation between total CSA and age was observed (rs =  - 0.24; p < 0.001). Subjects with fractures had lower CSA and higher FI compared to those with herniations, surgery and with no clear pathological conditions. CONCLUSION: CSA and FI values of paravertebral muscles vary a lot in accordance with subjects' sex, age and clinical conditions. Given also the large inter-muscle differences in CSA and FI, the choice of muscles needs to be considered with attention by spine surgeons or physiotherapists when investigating changes in lumbar muscle morphology in clinical practice.","European spine journal : official publication of the European Spine Society, the European Spinal Deformity Society, and the European Section of the Cervical Spine Research Society",Eur Spine J,Journal Article,Vitale Jacopo,"Schulthess Klinik, Lengghalde 2, 8008, Zurich, Switzerland. jacopo.vitale@kws.ch.",10.1007/s00586-022-07348-y,Q1,2024,Neutral,haiku,High,no,"{""stance"": ""Neutral"", ""confidence"": ""High"", ""predictive_claim"": ""no""}"
37989540,2024,2024 Mar-Apr 01,Evaluating ChatGPT on Orbital and Oculofacial Disorders: Accuracy and Readability Insights.,"PURPOSE: To assess the accuracy and readability of responses generated by the artificial intelligence model, ChatGPT (version 4.0), to questions related to 10 essential domains of orbital and oculofacial disease. METHODS: A set of 100 questions related to the diagnosis, treatment, and interpretation of orbital and oculofacial diseases was posed to ChatGPT 4.0. Responses were evaluated by a panel of 7 experts based on appropriateness and accuracy, with performance scores measured on a 7-item Likert scale. Inter-rater reliability was determined via the intraclass correlation coefficient. RESULTS: The artificial intelligence model demonstrated accurate and consistent performance across all 10 domains of orbital and oculofacial disease, with an average appropriateness score of 5.3/6.0 (""mostly appropriate"" to ""completely appropriate""). Domains of cavernous sinus fistula, retrobulbar hemorrhage, and blepharospasm had the highest domain scores (average scores of 5.5 to 5.6), while the proptosis domain had the lowest (average score of 5.0/6.0). The intraclass correlation coefficient was 0.64 (95% CI: 0.52 to 0.74), reflecting moderate inter-rater reliability. The responses exhibited a high reading-level complexity, representing the comprehension levels of a college or graduate education. CONCLUSIONS: This study demonstrates the potential of ChatGPT 4.0 to provide accurate information in the field of ophthalmology, specifically orbital and oculofacial disease. However, challenges remain in ensuring accurate and comprehensive responses across all disease domains. Future improvements should focus on refining the model's correctness and eventually expanding the scope to visual data interpretation. Our results highlight the vast potential for artificial intelligence in educational and clinical ophthalmology contexts.",Ophthalmic plastic and reconstructive surgery,Ophthalmic Plast Reconstr Surg,Journal Article,Balas Michael,Temerty Faculty of Medicine.,10.1038/s41433-023-02619-4.,Q2,2024,Cautious Optimism,haiku,High,no,"{""stance"": ""Cautious Optimism"", ""confidence"": ""High"", ""predictive_claim"": ""no""}"
37944759,2024,2024 Feb,NASS 2023 Presidential Address: Artificial Intelligence and its effect on the Art of Medicine and the Physician- Patient Relationship.,,The spine journal : official journal of the North American Spine Society,Spine J,Editorial,Finkenberg John,"Alvarado Orthopedic Medical Group, Inc., San Diego, CA, USA. Electronic address: jfinkenberg@aol.com.",10.1016/j.spinee.2023.11.001,Q1,2024,Caution,sonnet,Medium,yes,"{""stance"": ""Caution"", ""confidence"": ""Medium"", ""predictive_claim"": ""yes""}"
38149749,2024,2024 Mar,Detection of sessile serrated adenoma using artificial intelligence-enhanced endoscopy: an Asian perspective.,"BACKGROUND: As the serrated pathway has gained prominence as an alternative colorectal carcinogenesis pathway, sessile serrated adenomas or polyps (SSA/P) have been highlighted as lesions to rule out during colonoscopy. These lesions are however morphologically difficult to detect on endoscopy and can be mistaken for hyperplastic polyps due to similar endoscopic features. With the underlying nature of rapid progression and malignant transformation, interval cancer is a likely consequence of undetected or overlooked SSA/P. Real-time artificial intelligence (AI)-assisted colonoscopy via the computer-assisted detection system (CADe) is an increasingly useful tool in improving adenoma detection rate by providing a second eye during the procedure. In this article, we describe a guide through a video to illustrate the detection of SSA/P during AI-assisted colonoscopy. METHODS: Consultant-grade endoscopists utilized real-time AI-assisted colonoscopy device, as part of a larger prospective study, to detect suspicious lesions which were later histopathologically confirmed to be SSA/P. RESULTS: All lesions were picked up by the CADe where a real-time green box highlighted suspicious polyps to the clinician. Three SSA/P of varying morphology are described with reference to classical SSA/P features and with comparison to the features of the hyperplastic polyp found in our study. All three SSA/P observed are in keeping with the JNET Classification (Type 1). CONCLUSION: In conclusion, CADe is a most useful aid to clinicians during endoscopy in the detection of SSA/P but must be complemented with factors such as good endoscopy skill and bowel prep for effective detection, and biopsy coupled with subsequent accurate histological diagnosis.",ANZ journal of surgery,ANZ J Surg,Journal Article,Soo Joycelyn Mun-Peng,"Yong Loo Lin School of Medicine, National University of Singapore, Singapore, Singapore.",10.1111/ans.18785,Q2,2024,Cautious Optimism,haiku,High,no,"{""stance"": ""Cautious Optimism"", ""confidence"": ""High"", ""predictive_claim"": ""no""}"
38059732,2024,2024 Apr,The Pediatric Data Science and Analytics Subgroup of the Pediatric Acute Lung Injury and Sepsis Investigators Network: Use of Supervised Machine Learning Applications in Pediatric Critical Care Medicine Research.,"OBJECTIVE: Perform a scoping review of supervised machine learning in pediatric critical care to identify published applications, methodologies, and implementation frequency to inform best practices for the development, validation, and reporting of predictive models in pediatric critical care. DESIGN: Scoping review and expert opinion. SETTING: We queried CINAHL Plus with Full Text (EBSCO), Cochrane Library (Wiley), Embase (Elsevier), Ovid Medline, and PubMed for articles published between 2000 and 2022 related to machine learning concepts and pediatric critical illness. Articles were excluded if the majority of patients were adults or neonates, if unsupervised machine learning was the primary methodology, or if information related to the development, validation, and/or implementation of the model was not reported. Article selection and data extraction were performed using dual review in the Covidence tool, with discrepancies resolved by consensus. SUBJECTS: Articles reporting on the development, validation, or implementation of supervised machine learning models in the field of pediatric critical care medicine. INTERVENTIONS: None. MEASUREMENTS AND MAIN RESULTS: Of 5075 identified studies, 141 articles were included. Studies were primarily (57%) performed at a single site. The majority took place in the United States (70%). Most were retrospective observational cohort studies. More than three-quarters of the articles were published between 2018 and 2022. The most common algorithms included logistic regression and random forest. Predicted events were most commonly death, transfer to ICU, and sepsis. Only 14% of articles reported external validation, and only a single model was implemented at publication. Reporting of validation methods, performance assessments, and implementation varied widely. Follow-up with authors suggests that implementation remains uncommon after model publication. CONCLUSIONS: Publication of supervised machine learning models to address clinical challenges in pediatric critical care medicine has increased dramatically in the last 5 years. While these approaches have the potential to benefit children with critical illness, the literature demonstrates incomplete reporting, absence of external validation, and infrequent clinical implementation.",Pediatric critical care medicine : a journal of the Society of Critical Care Medicine and the World Federation of Pediatric Intensive and Critical Care Societies,Pediatr Crit Care Med,Review; Journal Article,Heneghan Julia A,"Division of Pediatric Critical Care, University of Minnesota Masonic Children's Hospital, Minneapolis, MN.",10.3389/fneur.2022.859068,Q1,2024,Caution,haiku,High,no,"{""stance"": ""Caution"", ""confidence"": ""High"", ""predictive_claim"": ""no""}"
38230262,2024,2024 Jan,W-Net: A boundary-aware cascade network for robust and accurate optic disc segmentation.,"Accurate optic disc (OD) segmentation has a great significance for computer-aided diagnosis of different types of eye diseases. Due to differences in image acquisition equipment and acquisition methods, the resolution, size, contrast, and clarity of images from different datasets show significant differences, resulting in poor generalization performance of deep learning networks. To solve this problem, this study proposes a multi-level segmentation network. The network includes data quality enhancement module (DQEM), coarse segmentation module (CSM), localization module (OLM), and fine segmentation stage module (FSM). In FSM, W-Net is proposed for the first time, and boundary loss is introduced in the loss function, which effectively improves the performance of OD segmentation. We generalized the model in the REFUGE test dataset, GAMMA dataset, Drishti-GS1 dataset, and IDRiD dataset, respectively. The results show that our method has the best OD segmentation performance in different datasets compared with state-of-the-art networks.",iScience,iScience,Journal Article,Tang Shuo,"School of Instrumentation and Optoelectronic Engineering, Beihang University, Beijing 100191, China.",10.48550/arXiv.2202.06511,Q1,2024,Neutral,haiku,High,no,"{""stance"": ""Neutral"", ""confidence"": ""High"", ""predictive_claim"": ""no""}"
37475544,2024,2024 Jan,A qualitative study of improving megavoltage computed tomography image quality and maintaining dose accuracy using cycleGAN-based image synthesis.,"BACKGROUND: Due to inconsistent positioning, tumor shrinking, and weight loss during fractionated treatment, the initial plan was no longer appropriate after a few fractional treatments, and the patient will require adaptive helical tomotherapy (HT) to overcome the issue. Patients are scanned with megavoltage computed tomography (MVCT) before each fractional treatment, which is utilized for patient setup and provides information for dose reconstruction. However, the low contrast and high noise of MVCT make it challenging to delineate treatment targets and organs at risk (OAR). PURPOSE: This study developed a deep-learning-based approach to generate high-quality synthetic kilovoltage computed tomography (skVCT) from MVCT and meet clinical dose requirements. METHODS: Data from 41 head and neck cancer patients were collected; 25 (2995 slices) were used for training, and 16 (1898 slices) for testing. A cycle generative adversarial network (cycleGAN) based on attention gate and residual blocks was used to generate MVCT-based skVCT. For the 16 patients, kVCT-based plans were transferred to skVCT images and electron density profile-corrected MVCT images to recalculate the dose. The quantitative indices and clinically relevant dosimetric metrics, including the mean absolute error (MAE), structural similarity index measure (SSIM), peak signal-to-noise ratio (PSNR), gamma passing rates, and dose-volume-histogram (DVH) parameters (Dmax , Dmean , Dmin ), were used to assess the skVCT images. RESULTS: The MAE, PSNR, and SSIM of MVCT were 109.6 ± 12.3 HU, 27.5 ± 1.1 dB, and 91.9% ± 1.7%, respectively, while those of skVCT were 60.6 ± 9.0 HU, 34.0 ± 1.9 dB, and 96.5% ± 1.1%. The image quality and contrast were enhanced, and the noise was reduced. The gamma passing rates improved from 98.31% ± 1.11% to 99.71% ± 0.20% (2 mm/2%) and 99.77% ± 0.18% to 99.98% ± 0.02% (3 mm/3%). No significant differences (p > 0.05) were observed in DVH parameters between kVCT and skVCT. CONCLUSION: With training on a small data set (2995 slices), the model successfully generated skVCT with improved image quality, and the dose calculation accuracy was similar to that of MVCT. MVCT-based skVCT can increase treatment accuracy and offer the possibility of implementing adaptive radiotherapy.",Medical physics,Med Phys,Journal Article,Lv Tie,"Beihang University, School of Physics, Beijing, China.",10.1002/mp.16633,Q1,2024,Cautious Optimism,haiku,High,no,"{""stance"": ""Cautious Optimism"", ""confidence"": ""High"", ""predictive_claim"": ""no""}"
38134726,2024,2024 Jan,Deep learning for report generation on chest X-ray images.,"Medical imaging, specifically chest X-ray image analysis, is a crucial component of early disease detection and screening in healthcare. Deep learning techniques, such as convolutional neural networks (CNNs), have emerged as powerful tools for computer-aided diagnosis (CAD) in chest X-ray image analysis. These techniques have shown promising results in automating tasks such as classification, detection, and segmentation of abnormalities in chest X-ray images, with the potential to surpass human radiologists. In this review, we provide an overview of the importance of chest X-ray image analysis, historical developments, impact of deep learning techniques, and availability of labeled databases. We specifically focus on advancements and challenges in radiology report generation using deep learning, highlighting potential future advancements in this area. The use of deep learning for report generation has the potential to reduce the burden on radiologists, improve patient care, and enhance the accuracy and efficiency of chest X-ray image analysis in medical imaging.",Computerized medical imaging and graphics : the official journal of the Computerized Medical Imaging Society,Comput Med Imaging Graph,"Journal Article; Review; Research Support, Non-U.S. Gov't",Ouis Mohammed Yasser,"Perception, Robotics and Intelligent Machines Lab(PRIME), Department of Computer Science, Université de Moncton, Moncton, NB E1C 3E9, Canada. Electronic address: emo7847@umoncton.ca.",10.1016/j.compmedimag.2023.102320,Q1,2024,Cautious Optimism,haiku,High,yes,"{""stance"": ""Cautious Optimism"", ""confidence"": ""High"", ""predictive_claim"": ""yes""}"
37907707,2024,2024 Mar,Baseline factors and surgical procedures affecting changes in lower urinary tract symptoms after robot-assisted radical prostatectomy: the impact of nerve-sparing.,"PURPOSE: To determine baseline factors and surgical procedures associated with clinically meaningful improvement or deterioration of lower urinary tract symptoms (LUTS) after robot-assisted radical prostatectomy (RARP). METHODS: We retrospectively reviewed our RARP database and analyzed the changes in the International Prostate Symptom Score (IPSS) at baseline and 1, 3, 6, and 12 months postoperatively. Multivariable ordinal logistic regression analysis was performed to determine variables that predicted clinically meaningful improvement (∆IPSS ≤ -5) or deterioration (∆IPSS ≥ 5) in LUTS after RARP. RESULTS: A total of 172 patients were eligible for analysis. Patients aged ≥ 70 reported a higher IPSS before and after RARP (all p < 0.05). Patients with a prostate volume of > 30 mL or body mass index of < 24 kg/m2 had worse preoperative LUTS; however, the difference disappeared after RARP. While patients with or without nerve-sparing (NS) had a similar preoperative LUTS burden, the NS group reported significantly lower IPSS than the non-NS group at all postoperative time points (p < 0.05). Twelve months after RARP, LUTS improved in 27% and worsened in 6% of patients in the NS group, compared with 20% and 24% of those in the non-NS group, respectively (p = 0.018). Preoperative IPSS (OR, 0.84; 95% CI, 0.79-0.89) and NS (OR, 0.39; 95% CI, 0.18-0.83) were independently associated with clinically meaningful changes of LUTS at 12 months after RARP. CONCLUSION: Other than baseline LUTS severity, NS was the only independent factor associated with clinically meaningful changes in LUTS after RARP.",International urology and nephrology,Int Urol Nephrol,Journal Article,Soda Takeshi,"Department of Urology, Medical Research Institute Kitano Hospital, 2-4-20 Ogimachi, Kita-Ku, Osaka, 530-8480, Japan. ts11885@gmail.com.",10.1016/j.aju.2017.07.003,Q2,2024,Neutral,haiku,High,no,"{""stance"": ""Neutral"", ""confidence"": ""High"", ""predictive_claim"": ""no""}"
37171139,2024,2024 Apr,From concept to practice: a scoping review of the application of AI to aphasia diagnosis and management.,"PURPOSE: Aphasia is an acquired communication disability resulting from impairments in language processing following brain injury, most commonly stroke. People with aphasia experience difficulties in all modalities of language that impact their quality of life. Therefore, researchers have investigated the use of Artificial Intelligence (AI) to deliver innovative solutions in Aphasia management and rehabilitation. MATERIALS AND METHODS: We conducted a scoping review of the use of AI in aphasia research and rehabilitation to explore the evolution of AI applications to aphasia, the progression of technologies and applications. Furthermore, we aimed to identify gaps in the use of AI in Aphasia to highlight the potential areas where AI might add value. We analysed 77 studies to determine the research objectives, the history of AI techniques in Aphasia and their progression over time. RESULTS: Most of the studies focus on automated assessment using AI, with recent studies focusing on AI for therapy and personalised assistive systems. Starting from prototypes and simulations, the use of AI has progressed to include supervised machine learning, unsupervised machine learning, natural language processing, fuzzy rules, and genetic programming. CONCLUSION: Considerable scope remains to align AI technology with aphasia rehabilitation to empower patient-centred, customised rehabilitation and enhanced self-management. Aphasia is an acquired communication disorder that impacts everyday functioning due to impairments in speech, auditory comprehension, reading, and writing.Given this communication burden, researchers have focused on utilising artificial intelligence (AI) methods for assessment, therapy and self-management.From a conceptualisation era in the early 1940s, the application of AI has evolved with significant developments in AI applications at different points in time.Despite these developments, there are ample opportunities to exploit the use of AI to deliver more advanced applications in self-management and personalising care.",Disability and rehabilitation,Disabil Rehabil,Journal Article; Scoping Review,Adikari Achini,"Centre for Data Analytics and Cognition, La Trobe University, Melbourne, Australia.",10.1080/09638288.2023.2199463,Q1,2024,Cautious Optimism,haiku,High,no,"{""stance"": ""Cautious Optimism"", ""confidence"": ""High"", ""predictive_claim"": ""no""}"
38063208,2024,2024 May,Generalizable synthetic MRI with physics-informed convolutional networks.,"BACKGROUND: Magnetic resonance imaging (MRI) provides state-of-the-art image quality for neuroimaging, consisting of multiple separately acquired contrasts. Synthetic MRI aims to accelerate examinations by synthesizing any desirable contrast from a single acquisition. PURPOSE: We developed a physics-informed deep learning-based method to synthesize multiple brain MRI contrasts from a single 5-min acquisition and investigate its ability to generalize to arbitrary contrasts. METHODS: A dataset of 55 subjects acquired with a clinical MRI protocol and a 5-min transient-state sequence was used. The model, based on a generative adversarial network, maps data acquired from the five-minute scan to ""effective"" quantitative parameter maps (q*-maps), feeding the generated PD, T1, and T2 maps into a signal model to synthesize four clinical contrasts (proton density-weighted, T1-weighted, T2-weighted, and T2-weighted fluid-attenuated inversion recovery), from which losses are computed. The synthetic contrasts are compared to an end-to-end deep learning-based method proposed by literature. The generalizability of the proposed method is investigated for five volunteers by synthesizing three contrasts unseen during training and comparing these to ground truth acquisitions via qualitative assessment and contrast-to-noise ratio (CNR) assessment. RESULTS: The physics-informed method matched the quality of the end-to-end method for the four standard contrasts, with structural similarity metrics above  0.75 ± 0.08 $0.75\pm 0.08$  ( ± $\pm$  std), peak signal-to-noise ratios above  22.4 ± 1.9 $22.4\pm 1.9$  , representing a portion of compact lesions comparable to standard MRI. Additionally, the physics-informed method enabled contrast adjustment, and similar signal contrast and comparable CNRs to the ground truth acquisitions for three sequences unseen during model training. CONCLUSIONS: The study demonstrated the feasibility of physics-informed, deep learning-based synthetic MRI to generate high-quality contrasts and generalize to contrasts beyond the training data. This technology has the potential to accelerate neuroimaging protocols.",Medical physics,Med Phys,Journal Article,Jacobs Luuk,"Department of Radiotherapy, UMC Utrecht, Utrecht, The Netherlands.",10.1002/mp.16884,Q1,2024,Cautious Optimism,haiku,High,yes,"{""stance"": ""Cautious Optimism"", ""confidence"": ""High"", ""predictive_claim"": ""yes""}"
37713022,2024,2024 Feb,Preliminary assessment of automated radiology report generation with generative pre-trained transformers: comparing results to radiologist-generated reports.,"PURPOSE: In this preliminary study, we aimed to evaluate the potential of the generative pre-trained transformer (GPT) series for generating radiology reports from concise imaging findings and compare its performance with radiologist-generated reports. METHODS: This retrospective study involved 28 patients who underwent computed tomography (CT) scans and had a diagnosed disease with typical imaging findings. Radiology reports were generated using GPT-2, GPT-3.5, and GPT-4 based on the patient's age, gender, disease site, and imaging findings. We calculated the top-1, top-5 accuracy, and mean average precision (MAP) of differential diagnoses for GPT-2, GPT-3.5, GPT-4, and radiologists. Two board-certified radiologists evaluated the grammar and readability, image findings, impression, differential diagnosis, and overall quality of all reports using a 4-point scale. RESULTS: Top-1 and Top-5 accuracies for the different diagnoses were highest for radiologists, followed by GPT-4, GPT-3.5, and GPT-2, in that order (Top-1: 1.00, 0.54, 0.54, and 0.21, respectively; Top-5: 1.00, 0.96, 0.89, and 0.54, respectively). There were no significant differences in qualitative scores about grammar and readability, image findings, and overall quality between radiologists and GPT-3.5 or GPT-4 (p > 0.05). However, qualitative scores of the GPT series in impression and differential diagnosis scores were significantly lower than those of radiologists (p < 0.05). CONCLUSIONS: Our preliminary study suggests that GPT-3.5 and GPT-4 have the possibility to generate radiology reports with high readability and reasonable image findings from very short keywords; however, concerns persist regarding the accuracy of impressions and differential diagnoses, thereby requiring verification by radiologists.",Japanese journal of radiology,Jpn J Radiol,Journal Article,Nakaura Takeshi,"Department of Diagnostic Radiology, Graduate School of Medical Sciences, Kumamoto University, 1-1-1 Honjo, Chuo-ku, Kumamoto-shi, Kumamoto, 860-8556, Japan. kff00712@nifty.com.",10.1145/3571730,Q2,2024,Caution,haiku,High,no,"{""stance"": ""Caution"", ""confidence"": ""High"", ""predictive_claim"": ""no""}"
38154727,2024,2024 Jun,The Evolving Role of Artificial Intelligence in Gastrointestinal Histopathology: An Update.,"Significant advances in artificial intelligence (AI) over the past decade potentially may lead to dramatic effects on clinical practice. Digitized histology represents an area ripe for AI implementation. We describe several current needs within the world of gastrointestinal histopathology, and outline, using currently studied models, how AI potentially can address them. We also highlight pitfalls as AI makes inroads into clinical practice.",Clinical gastroenterology and hepatology : the official clinical practice journal of the American Gastroenterological Association,Clin Gastroenterol Hepatol,Journal Article; Review,Codipilly D Chamil,"Barrett's Esophagus Unit, Division of Gastroenterology and Hepatology, Mayo Clinic Rochester, Rochester, Minnesota.",10.1016/j.cgh.2023.11.044,Q1,2024,Cautious Optimism,haiku,High,yes,"{""stance"": ""Cautious Optimism"", ""confidence"": ""High"", ""predictive_claim"": ""yes""}"
37309886,2024,2024 Jan,Prediction of osteoporosis using MRI and CT scans with unimodal and multimodal deep-learning models.,"PURPOSE: Osteoporosis is the systematic degeneration of the human skeleton, with consequences ranging from a reduced quality of life to mortality. Therefore, the prediction of osteoporosis reduces risks and supports patients in taking precautions. Deep-learning and specific models achieve highly accurate results using different imaging modalities. The primary purpose of this research was to develop unimodal and multimodal deep-learning-based diagnostic models to predict bone mineral loss of the lumbar vertebrae using magnetic resonance (MR) and computed tomography (CT) imaging. METHODS: Patients who received both lumbar dual-energy X-ray absorptiometry (DEXA) and MRI (n = 120) or CT (n = 100) examinations were included in this study. Unimodal and multimodal convolutional neural networks (CNNs) with dual blocks were proposed to predict osteoporosis using lumbar vertebrae MR and CT examinations in separate and combined datasets. Bone mineral density values obtained by DEXA were used as reference data. The proposed models were compared with a CNN model and six benchmark pre-trained deep-learning models. RESULTS: The proposed unimodal model obtained 96.54%, 98.84%, and 96.76% balanced accuracy for MRI, CT, and combined datasets, respectively, while the multimodal model achieved 98.90% balanced accuracy in 5-fold cross-validation experiments. Furthermore, the models obtained 95.68%-97.91% accuracy with a hold-out validation dataset. In addition, comparative experiments demonstrated that the proposed models yielded superior results by providing more effective feature extraction in dual blocks to predict osteoporosis. CONCLUSION: This study demonstrated that osteoporosis was accurately predicted by the proposed models using both MR and CT images, and a multimodal approach improved the prediction of osteoporosis. With further research involving prospective studies with a larger number of patients, there may be an opportunity to implement these technologies into clinical practice.","Diagnostic and interventional radiology (Ankara, Turkey)",Diagn Interv Radiol,Journal Article,Küçükçiloğlu Yasemin,"Near East University Faculty of Medicine, Department of Radiology, Nicosia, Cyprus",10.4274/dir.2023.232116,Q2,2024,Cautious Optimism,haiku,High,yes,"{""stance"": ""Cautious Optimism"", ""confidence"": ""High"", ""predictive_claim"": ""yes""}"
37984127,2024,2024 Jan,DeepSSM: A blueprint for image-to-shape deep learning models.,"Statistical shape modeling (SSM) characterizes anatomical variations in a population of shapes generated from medical images. Statistical analysis of shapes requires consistent shape representation across samples in shape cohort. Establishing this representation entails a processing pipeline that includes anatomy segmentation, image re-sampling, shape-based registration, and non-linear, iterative optimization. These shape representations are then used to extract low-dimensional shape descriptors that are anatomically relevant to facilitate subsequent statistical analyses in different applications. However, the current process of obtaining these shape descriptors from imaging data relies on human and computational resources, requiring domain expertise for segmenting anatomies of interest. Moreover, this same taxing pipeline needs to be repeated to infer shape descriptors for new image data using a pre-trained/existing shape model. Here, we propose DeepSSM, a deep learning-based framework for learning the functional mapping from images to low-dimensional shape descriptors and their associated shape representations, thereby inferring statistical representation of anatomy directly from 3D images. Once trained using an existing shape model, DeepSSM circumvents the heavy and manual pre-processing and segmentation required by classical models and significantly improves the computational time, making it a viable solution for fully end-to-end shape modeling applications. In addition, we introduce a model-based data-augmentation strategy to address data scarcity, a typical scenario in shape modeling applications. Finally, this paper presents and analyzes two different architectural variants of DeepSSM with different loss functions using three medical datasets and their downstream clinical application. Experiments showcase that DeepSSM performs comparably or better to the state-of-the-art SSM both quantitatively and on application-driven downstream tasks. Therefore, DeepSSM aims to provide a comprehensive blueprint for deep learning-based image-to-shape models.",Medical image analysis,Med Image Anal,Journal Article,Bhalodia Riddhish,"Scientific Computing and Imaging Institute, 72 Central Campus Dr, University of Utah, Salt Lake City, UT 84112, USA; School of Computing, 50 Central Campus Dr, University of Utah, Salt Lake City, UT 84112, USA. Electronic address: riddhishb@sci.utah.edu.",10.1109/ICARCV.2014.7064414,Q1,2024,Neutral,haiku,High,no,"{""stance"": ""Neutral"", ""confidence"": ""High"", ""predictive_claim"": ""no""}"
37643927,2024,2024 Jun,Deep Learning Radiomics Nomogram Based on Magnetic Resonance Imaging for Differentiating Type I/II Epithelial Ovarian Cancer.,"RATIONALE AND OBJECTIVES: To develop and validate a T2-weighted magnetic resonance imaging (MRI)-based deep learning radiomics nomogram (DLRN) to differentiate between type I and type II epithelial ovarian cancer (EOC). MATERIALS AND METHODS: This multicenter study incorporated 437 patients from ﬁve centers, divided into training (n = 271), internal validation (n = 68), and external validation (n = 98) sets. The deep learning (DL) model was constructed using the largest orthogonal slices of the tumor area. The extracted radiomics features were employed in building the radiomics model. The clinical model was developed based on clinical characteristics. A DLRN was built by integrating the DL signature, radiomics signature, and independent clinical predictors. Model performances were evaluated through receiver operating characteristic (ROC) analysis, Brier score, calibration curve, and decision curve analysis (DCA). The areas under the ROC curve (AUCs) were compared using the DeLong test. A two-tailed P < 0.05 was considered signiﬁcantly different. RESULTS: The DLRN exhibited satisfactory discrimination between type I and type II EOC with the AUC of 0.888 (95% confidence interval [CI] 0.810, 0.966) and 0.866 (95% CI 0.786, 0.946) in the internal and external validation sets, respectively. These AUCs significantly exceeded those of the clinical model (P = 0.013 and 0.043, in the internal and external validation sets, respectively). The DLRN demonstrated optimal classification accuracy and clinical application value, according to Brier scores, calibration curves, and DCA. CONCLUSION: A T2-weighted MRI-based DLRN showed promising potential in differentiating between type I and type II EOC, which could offer assistance in clinical decision-making.",Academic radiology,Acad Radiol,"Journal Article; Multicenter Study; Research Support, Non-U.S. Gov't",Wei Mingxiang,"Department of Radiology, The Affiliated Suzhou Hospital of Nanjing Medical University, Suzhou Municipal Hospital, Gusu School, Nanjing Medical University, Suzhou, Jiangsu, China (M.W., X.W., S.C.).",10.1016/j.acra.2023.08.002,Q1,2024,Neutral,haiku,High,no,"{""stance"": ""Neutral"", ""confidence"": ""High"", ""predictive_claim"": ""no""}"
