pmid,year,pub_date,title,abstract,journal,journal_abbr,pub_type,first_author,first_affiliation,doi,scopus_eid,cited_by,sjr_quartile,sjr_quartile
2-s2.0-85099829624,2021,2021 Dec,Legal challenges for artificial intelligence in Chile,,Revista Chilena De Derecho Y Tecnologia,,Article,Paz C.A.,,10.5354/0719-2584.2020.54489,2-s2.0-85099829624,17,Q2,Q2
2-s2.0-85099908970,2021,2021 Dec,Redesigning the ownership of artworks: Artificial and robotic intelligence,,Revista Chilena De Derecho Y Tecnologia,,Review,Chávez Valdivia A.K.,"Universidad La Salle, Arequipa, Arequipa, Peru",10.5354/0719-2584.2020.57674,2-s2.0-85099908970,7,Q2,Q2
2-s2.0-85118151573,2021,2021 Dec,"Evolving artificial intelligence and robotics in medicine, evolving European law. Comparative remarks based on the surgery litigation",,Maastricht Journal of European and Comparative Law,,Article,Guerra G.,"Università degli Studi di Verona, Verona, Italy",10.1177/1023263X211042470,2-s2.0-85118151573,8,Q2,Q2
2-s2.0-85099812241,2021,2021 Dec,Two-layered fuzzy logic-based model for predicting court decisions in construction contract disputes,,Artificial Intelligence and Law,,Article,Bagherian-Marandi N.,"Islamic Azad University, Science and Research Branch, Tehran, Iran",10.1007/s10506-021-09281-9,2-s2.0-85099812241,32,Q1,Q1
2-s2.0-85101205434,2021,2021 Dec,Has machine learning rendered simple rules obsolete?,,European Journal of Law and Economics,,Article,Fernández-Villaverde J.,"University of Pennsylvania, Philadelphia, United States",10.1007/s10657-021-09690-w,2-s2.0-85101205434,3,Q2,Q2
2-s2.0-85115111971,2021,2021 Dec,Privacy and artificial intelligence: challenges for protecting health information in a new era,,BMC Medical Ethics,,Article,Murdoch B.,"University of Alberta, Edmonton, Canada",10.1186/s12910-021-00687-3,2-s2.0-85115111971,744,Q1,Q1
2-s2.0-85083239338,2021,2021 Dec,Primer on an ethics of AI-based decision support systems in the clinic,,Journal of Medical Ethics,,Article,Braun M.,"Friedrich-Alexander-Universität Erlangen-Nürnberg, Erlangen, Germany",10.1136/medethics-2019-105860,2-s2.0-85083239338,185,Q1,Q1
2-s2.0-85113950015,2021,2021 Dec,Patients’ and professionals’ views related to ethical issues in precision medicine: a mixed research synthesis,,BMC Medical Ethics,,Review,Erdmann A.,"Christian-Albrechts-Universität zu Kiel, Kiel, Germany",10.1186/s12910-021-00682-8,2-s2.0-85113950015,69,Q1,Q1
2-s2.0-85113784959,2021,2021 Nov,Yea or nay to artificial intelligence? More questions than answers under Malaysian copyright law,,Journal of World Intellectual Property,,Article,Sik C.P.,"Universiti Malaya, Kuala Lumpur, Malaysia",10.1111/jwip.12196,2-s2.0-85113784959,0,Q1,Q1
2-s2.0-85117217886,2021,2021 Nov,When Art Meets Technology or Vice Versa: Key Challenges at the Crossroads of AI-Generated Artworks and Copyright Law,,IIC International Review of Intellectual Property and Competition Law,,Article,Škiljić A.,"Georgetown Law, Washington, D.C., United States",10.1007/s40319-021-01119-w,2-s2.0-85117217886,29,Q1,Q1
2-s2.0-85196718867,2021,2021 Oct,"The Gender Panopticon: AI, Gender, and Design Justice",,UCLA Law Review,,Review,Katyal S.K.,"University of California, Berkeley, Berkeley, United States",,2-s2.0-85196718867,30,Q2,Q2
2-s2.0-85115227165,2021,2021 Oct,Inevitable Influences: AI-Based Medical Devices at the Intersection of Medical Devices Regulation and the Proposal for AI Regulation,,European Journal of Health Law,,Article,Palmieri S.,"Universiteit Gent, Ghent, Belgium",10.1163/15718093-bja10053,2-s2.0-85115227165,21,Q2,Q2
2-s2.0-85116347970,2021,2021 Oct,Copyright and Artificial Creation: Does EU Copyright Law Protect AI-Assisted Output?,,IIC International Review of Intellectual Property and Competition Law,,Article,Hugenholtz P.B.,"Universiteit van Amsterdam, Amsterdam, Netherlands",10.1007/s40319-021-01115-0,2-s2.0-85116347970,90,Q1,Q1
2-s2.0-85103162486,2021,2021 Sep,A New Argument for No-Fault Compensation in Health Care: The Introduction of Artificial Intelligence Systems,,Health Care Analysis,,Article,Holm S.,"The University of Manchester, Manchester, United Kingdom",10.1007/s10728-021-00430-4,2-s2.0-85103162486,31,Q2,Q2
2-s2.0-85098963328,2021,2021 Sep,Unsupervised approaches for measuring textual similarity between legal court case reports,,Artificial Intelligence and Law,,Article,Mandal A.,"Indian Institute of Technology Kharagpur, Kharagpur, India",10.1007/s10506-020-09280-2,2-s2.0-85098963328,65,Q1,Q1
2-s2.0-85113276371,2021,2021 Sep,Electronic personhood for artificial intelligence in the workplace,,Computer Law and Security Review,,Article,Nowik P.,"Katolicki Uniwersytet Lubelski Jana Pawła II, Lublin, Poland",10.1016/j.clsr.2021.105584,2-s2.0-85113276371,14,Q1,Q1
2-s2.0-85109044166,2021,2021 Sep,The Expert Group's report on liability for artificial intelligence and other emerging digital technologies: A critical assessment,,European Journal of Risk Regulation,,Article,Bertolini A.,"Università di Pisa, Pisa, Italy",10.1017/err.2021.30,2-s2.0-85109044166,24,Q1,Q1
2-s2.0-85112789421,2021,2021 Sep,Legal evaluation of the attacks caused by artificial intelligence-based lethal weapon systems within the context of Rome statute,,Computer Law and Security Review,,Article,Sari O.,"Istanbul Kent University, Istanbul, Turkey",10.1016/j.clsr.2021.105564,2-s2.0-85112789421,14,Q1,Q1
2-s2.0-85112597169,2021,2021 Sep,"Artificial intelligence as a service: Legal responsibilities, liabilities, and policy challenges",,Computer Law and Security Review,,Article,Cobbe J.,"Department of Computer Science and Technology, Cambridge, United Kingdom",10.1016/j.clsr.2021.105573,2-s2.0-85112597169,41,Q1,Q1
2-s2.0-85092344553,2021,2021 Sep,On argument acceptability change towards legal interpretation dynamics,,Artificial Intelligence and Law,,Article,Moguillansky M.O.,"Universidad Nacional del Sur, Bahia Blanca, Argentina",10.1007/s10506-020-09277-x,2-s2.0-85092344553,1,Q1,Q1
2-s2.0-105019102492,2021,2021 Sep,Understanding copyright issues entailing deepfakes in India,,International Journal of Law and Information Technology,,Article,Nema P.,"National University of Study and Research in Law, Ranchi, India",10.1093/ijlit/eaab007,2-s2.0-105019102492,9,Q1,Q1
2-s2.0-85111695729,2021,2021 Sep,Copyright protection for AI-generated outputs: The experience from China,,Computer Law and Security Review,,Article,Wan Y.,"Renmin Law School, Beijing, China",10.1016/j.clsr.2021.105581,2-s2.0-85111695729,24,Q1,Q1
2-s2.0-85123823973,2021,2021 Sep,Deception and detection: The use of technology in assessing witness credibility,,Arbitration International,,Article,Bradshaw R.,"LALIVE, London, United Kingdom",10.1093/arbint/aiab007,2-s2.0-85123823973,5,Q2,Q2
2-s2.0-85091135375,2021,2021 Sep,Automatically running experiments on checking multi-party contracts,,Artificial Intelligence and Law,,Article,Bonifacio A.L.,"University of Londrina, Londrina, Brazil",10.1007/s10506-020-09276-y,2-s2.0-85091135375,6,Q1,Q1
2-s2.0-85097178368,2021,2021 Sep,Who is obliged when many are involved? Labelled transition system modelling of how obligation arises,,Artificial Intelligence and Law,,Article,Kulicki P.,"Imperial College London, London, United Kingdom",10.1007/s10506-020-09279-9,2-s2.0-85097178368,2,Q1,Q1
2-s2.0-85137673751,2021,2021 Aug,CIVIL JUSTICE IN THE DIGITAL AND ARTIFICIAL ERA: TOWARDS A NEW IDENTITY?,,Revista Chilena De Derecho,,Article,Ragone Á.P.,"Universidad Católica del Norte, Antofagasta, Chile",10.7764/R.482.9,2-s2.0-85137673751,6,Q1,Q1
2-s2.0-85108316631,2021,2021 Jul,Why fairness cannot be automated: Bridging the gap between EU non-discrimination law and AI,,Computer Law and Security Review,,Article,Wachter S.,"University of Surrey, Guildford, United Kingdom",10.1016/j.clsr.2021.105567,2-s2.0-85108316631,291,Q1,Q1
2-s2.0-85108112750,2021,2021 Jul,China's self-driving car legislation study,,Computer Law and Security Review,,Article,Ziyan C.,"Fudan University, Shanghai, China",10.1016/j.clsr.2021.105555,2-s2.0-85108112750,19,Q1,Q1
2-s2.0-85102654791,2021,2021 Jul,The dual function of explanations: Why it is useful to compute explanations,,Computer Law and Security Review,,Article,Tsakalakis N.,"King's College London, London, United Kingdom",10.1016/j.clsr.2020.105527,2-s2.0-85102654791,5,Q1,Q1
2-s2.0-85105875000,2021,2021 Jul,Decision-making by machines: Is the ‘Law of Everything’ enough?,,Computer Law and Security Review,,Article,Tamò-Larrieux A.,"University of St. Gallen, St Gallen, Switzerland",10.1016/j.clsr.2021.105541,2-s2.0-85105875000,13,Q1,Q1
2-s2.0-85087045514,2021,2021 Jun,Populating legal ontologies using semantic role labeling,,Artificial Intelligence and Law,,Article,Humphreys L.,"Università degli Studi di Torino, Turin, Italy",10.1007/s10506-020-09271-3,2-s2.0-85087045514,30,Q1,Q1
2-s2.0-85086868858,2021,2021 Jun,Scalable and explainable legal prediction,,Artificial Intelligence and Law,,Article,Branting L.K.,"MITRE Corporation, McLean, United States",10.1007/s10506-020-09273-1,2-s2.0-85086868858,86,Q1,Q1
2-s2.0-85181039106,2021,2021 May,Privacy Asymmetries: Access to Data in Criminal Defense Investigations,,UCLA Law Review,,Article,Wexler R.,"Berkeley Law, Berkeley, United States",,2-s2.0-85181039106,18,Q2,Q2
2-s2.0-85098464218,2021,2021 Apr,Education for the provision of technologically enhanced legal services,,Computer Law and Security Review,,Article,Janeček V.,"University of Oxford, Oxford, United Kingdom",10.1016/j.clsr.2020.105519,2-s2.0-85098464218,17,Q1,Q1
2-s2.0-85104366901,2021,2021 Apr,Artificial Intelligence and Family ODR,,Family Court Review,,Article,Gingras D.,"University of Toronto, Toronto, Canada",10.1111/fcre.12569,2-s2.0-85104366901,8,Q2,Q2
2-s2.0-85105206548,2021,2021 Apr,"The law in computation: What machine learning, artificial intelligence, and big data mean for law and society scholarship",,Law and Policy,,Article,DoCarmo T.,"Stanford University, Stanford, United States",10.1111/lapo.12164,2-s2.0-85105206548,14,Q1,Q1
2-s2.0-85092448320,2021,2021 Apr,Human-centric data protection laws and policies: A lesson from Japan,,Computer Law and Security Review,,Article,Miyashita H.,"Chuo University, Hachioji, Japan",10.1016/j.clsr.2020.105487,2-s2.0-85092448320,23,Q1,Q1
2-s2.0-85096371036,2021,2021 Apr,Grounding the case for a European approach to the regulation of automated driving: the technology-selection effect of liability rules,,European Journal of Law and Economics,,Article,Bertolini A.,"Sant'Anna Scuola Universitaria Superiore Pisa, Pisa, Italy",10.1007/s10657-020-09671-5,2-s2.0-85096371036,19,Q2,Q2
2-s2.0-85083361207,2021,2021 Mar,Law and software agents: Are they “Agents” by the way?,,Artificial Intelligence and Law,,Article,Dahiyat E.A.R.,"United Arab Emirates University, Al Ain, United Arab Emirates",10.1007/s10506-020-09265-1,2-s2.0-85083361207,23,Q1,Q1
2-s2.0-85099427549,2021,2021 Feb,Application and performance of artificial intelligence technology in forensic odontology – A systematic review,,Legal Medicine,,Review,Khanagar S.B.,"Jazan University, Jizan, Saudi Arabia",10.1016/j.legalmed.2020.101826,2-s2.0-85099427549,86,Q1,Q1
2-s2.0-85097173847,2021,2021 Jan,Artificial intelligence and legal liability: towards an international approach of proportional liability based on risk sharing,,Information and Communications Technology Law,,Article,Bashayreh M.,"Prince Mohammad Bin Fahd University, Al-Khobar, Saudi Arabia",10.1080/13600834.2020.1856025,2-s2.0-85097173847,22,Q2,Q2
2-s2.0-85118753684,2021,2021 Jan,Technology to decide the facts in judicial proceedings,,Revista Chilena De Derecho Y Tecnologia,,Article,Correa R.C.,"Universidad Alberto Hurtado, Santiago, Chile",10.5354/0719-2584.2021.56816,2-s2.0-85118753684,12,Q2,Q2
2-s2.0-85108536799,2021,2021 Jan,Automating Fairness? Artificial Intelligence in the Chinese Courts,,Columbia Journal of Transnational Law,,Article,Stern R.E.,"University of California, San Diego, La Jolla, United States",,2-s2.0-85108536799,45,Q2,Q2
2-s2.0-85117916755,2021,2021 Jan,"International Law, Artificial Intelligence and Vice Versa",,Casopis Pro Pravni Vedu A Praxi,,Review,Klučka J.,"Pavol Jozef Šafárik University in Košice, Kosice, Slovakia",10.5817/CPVP2021-3-4,2-s2.0-85117916755,4,Q2,Q2
2-s2.0-85114620012,2021,2021 Jan,Artificial intelligence as scientific evidence in the spanish criminal process,,Revista Brasileira De Direito Processual Penal,,Article,Estrada M.J.P.,"Universidad del Pais Vasco, Leioa, Spain",10.22197/RBDPP.V7I2.505,2-s2.0-85114620012,7,Q2,Q2
2-s2.0-85108551206,2021,2021 Jan,The algorithmic administrative decision and the human in the loop,,Biolaw Journal,,Article,Marchetti B.,"Università di Trento, Trento, Italy",10.15168/2284-4503-828,2-s2.0-85108551206,11,Q2,Q2
2-s2.0-85114935976,2021,2021 Jan,A legal framework for AI training data—from first principles to the Artificial Intelligence Act,,Law Innovation and Technology,,Article,Hacker P.,"Europa-Universität Viadrina Frankfurt (Oder), Frankfurt/Oder, Germany",10.1080/17579961.2021.1977219,2-s2.0-85114935976,58,Q1,Q1
2-s2.0-85117594819,2021,2021 Jan,Ai-based legal technology: a critical assessment of the current use of artificial intelligence in legal practice,,Masaryk University Journal of Law and Technology,,Article,Soukupová J.,"Charles University, Prague, Czech Republic",10.5817/MUJLT2021-2-6,2-s2.0-85117594819,10,Q2,Q2
2-s2.0-85099076193,2021,2021 Jan,Property ownership and the legal personhood of artificial intelligence,,Information and Communications Technology Law,,Article,Brown R.D.,"College of Law, Qatar University, Doha, Qatar",10.1080/13600834.2020.1861714,2-s2.0-85099076193,38,Q2,Q2
2-s2.0-85123113324,2021,2021 Jan,The right to human control: A legal response to artificial intelligence,,Revista Chilena De Derecho Y Tecnologia,,Article,Vásquez C.S.,"Universidad EAFIT, Medellin, Colombia",10.5354/0719-2584.2021.58745,2-s2.0-85123113324,13,Q2,Q2
2-s2.0-85122797081,2021,2021 Jan,"Artificial Intelligence (AI) at Schengen Borders: Automated Processing, Algorithmic Profiling and Facial Recognition in the Era of Techno-Solutionism",,European Journal of Migration and Law,,Article,Vavoula N.,"Queen Mary University of London, London, United Kingdom",10.1163/15718166-12340114,2-s2.0-85122797081,37,Q2,Q2
2-s2.0-85118918756,2021,2021 Jan,Legal mechanisms to regulate civil liability for actions of artificial intelligence in the Russian Federation and European union law,,Russian Law Journal,,Article,Kondrateva K.,"HSE University, Moscow, Russian Federation",10.17589/2309-8678-2021-9-3-60-82,2-s2.0-85118918756,0,Q2,Q2
2-s2.0-85108856553,2021,2021 Jan,La “scatola nera” della decisione giudiziaria: tra giudizio umano e giudizio algoritmico,,Biolaw Journal,,Article,Arduini S.,"Alma Mater Studiorum Università di Bologna, Bologna, Italy",10.15168/2284-4503-834,2-s2.0-85108856553,3,Q2,Q2
2-s2.0-85104790864,2021,2021 Jan,Regulation of artificial intelligence in brics and the European Union,,Brics Law Journal,,Article,Cyman D.,"Uniwersytet Gdański, Gdansk, Poland",10.21684/2412-2343-2021-8-1-86-115,2-s2.0-85104790864,18,Q2,Q2
2-s2.0-85127413943,2021,2021 Jan,"Smart automotive technology adherence to the law: (de)constructing road rules for autonomous system development, verification and safety",,International Journal of Law and Information Technology,,Article,Mclachlan S.,"University of Birmingham, Birmingham, United Kingdom",10.1093/ijlit/eaac002,2-s2.0-85127413943,5,Q1,Q1
2-s2.0-85101262743,2021,2021 Jan,"Deep learning artificial intelligence and the law of causation: application, challenges and solutions",,Information and Communications Technology Law,,Article,Lee Z.Y.,"Universiti Malaya, Kuala Lumpur, Malaysia",10.1080/13600834.2021.1890678,2-s2.0-85101262743,13,Q2,Q2
2-s2.0-85118702874,2021,2021 Jan,Discrimination in an automated society: Contributions from Latin America,,Revista Chilena De Derecho Y Tecnologia,,Article,Gutiérrez C.M.,"Abogada independiente, Chile",10.5354/0719-2584.2021.58793,2-s2.0-85118702874,9,Q2,Q2
2-s2.0-85116293973,2021,2021 Jan,Regulatory approaches to managing artificial intelligence systems in autonomous vehicles in Australia,,International Journal of Law and Information Technology,,Article,Thiele-Evans L.,"The University of Newcastle, Australia, Callaghan, Australia",10.1093/ijlit/eaab002,2-s2.0-85116293973,4,Q1,Q1
2-s2.0-85128591406,2021,2021 Jan,The New “Web-Stream” of Commerce: Amazon and the Necessity of Strict Products Liability for Online Marketplaces,,Vanderbilt Law Review,,Article,Dillaway M.E.,"Harvard College, Cambridge, United States",,2-s2.0-85128591406,2,Q2,Q2
2-s2.0-85108576906,2021,2021 Jan,"The Right to Understand, the Duty to Explain. Explainability and Constitutional Oriented Artificial Intelligence",,Biolaw Journal,,Article,Spiller E.,"Università degli Studi di Padova, Padua, Italy",10.15168/2284-4503-832,2-s2.0-85108576906,2,Q2,Q2
2-s2.0-85115801025,2021,2021 Jan,Algorithmic legal metrics,,Notre Dame Law Review,,Review,Burk D.L.,"University of California, Irvine, Irvine, United States",,2-s2.0-85115801025,16,Q2,Q2
2-s2.0-85103125917,2021,2021 Jan,"Embryos, Organoids and Robots: “legal subjects”?",,Biolaw Journal,,Article,Pizzetti F.G.,"Università degli Studi di Milano, Milan, Italy",,2-s2.0-85103125917,0,Q2,Q2
2-s2.0-85122804005,2021,2021 Jan,"Schengen and the Administration of Exclusion: Legal Remedies Caught in Between Entry Bans, Risk Assessment and Artificial Intelligence",,European Journal of Migration and Law,,Article,Brouwer E.,"Universiteit Utrecht, Utrecht, Netherlands",10.1163/15718166-12340115,2-s2.0-85122804005,12,Q2,Q2
2-s2.0-85132607157,2021,2021 Jan,Liability For Artificial Intelligence And EU Consumer Law,,Journal of Intellectual Property Information Technology and E Commerce Law,,Article,Ebers M.,"Tartu Ülikool, Tartu, Estonia",,2-s2.0-85132607157,21,Q2,Q2
2-s2.0-85102996340,2021,2021 Jan,From a ‘race to AI’ to a ‘race to AI regulation’: regulatory competition for artificial intelligence,,Law Innovation and Technology,,Article,Smuha N.A.,"KU Leuven, Leuven, Belgium",10.1080/17579961.2021.1898300,2-s2.0-85102996340,275,Q1,Q1
2-s2.0-85118151091,2021,2021 Jan,Study of employee behaviour based on artificial intelligence linguistic and speech analysis,,International Journal of Technology Management,,Article,Hu W.,"School of Business and Management, Changchun, China",10.1504/IJTM.2021.118318,2-s2.0-85118151091,4,Q2,Q2
2-s2.0-85096910166,2021,2021 Jan,Human digital thought clones: the Holy Grail of artificial intelligence for big data,,Information and Communications Technology Law,,Article,Truby J.,"College of Law, Qatar University, Doha, Qatar",10.1080/13600834.2020.1850174,2-s2.0-85096910166,33,Q2,Q2
2-s2.0-85110682298,2021,2021 Jan,Seeking compatibility in preventing crime with artificial intelligence and ensuring a fair trial,,Masaryk University Journal of Law and Technology,,Article,Blount K.,"University of Luxembourg, Esch-sur-Alzette, Luxembourg",10.5817/MUJLT2021-1-2,2-s2.0-85110682298,8,Q2,Q2
2-s2.0-85132602024,2021,2021 Jan,Creativity in crisis: are the creations of artificial intelligence worth protecting?,,Journal of Intellectual Property Information Technology and E Commerce Law,,Article,Papadopoulou A.,"Aristotle University of Thessaloniki, Thessaloniki, Greece",,2-s2.0-85132602024,12,Q2,Q2
2-s2.0-85108510062,2021,2021 Jan,Per Un’Intelligenza Artificiale Utile Al Giudizio Penale,,Biolaw Journal,,Article,Quattrocolo S.,"Università degli Studi del Piemonte Orientale “Amedeo Avogadro”, Vercelli, Italy",10.15168/2284-4503-829,2-s2.0-85108510062,0,Q2,Q2
2-s2.0-85118706797,2021,2021 Jan,Artificial intelligence and civil responsibility in the doctor-patient relationship: Some questions and proposals for improvement,,Revista Chilena De Derecho Y Tecnologia,,Article,Fernández F.R.,"Universitat Politècnica de València, Valencia, Spain",10.5354/0719-2584.2021.60931,2-s2.0-85118706797,8,Q2,Q2
2-s2.0-85217755163,2021,2021 Jan,AUTOMATED LEGAL GUIDANCE,,Cornell Law Review,,Article,Blank J.D.,"The University of North Carolina at Chapel Hill, Chapel Hill, United States",,2-s2.0-85217755163,15,Q2,Q2
2-s2.0-85104445148,2021,2021 Jan,The evidence admission criteria,,Revista Brasileira De Direito Processual Penal,,Article,Ubertis G.,"Università Cattolica del Sacro Cuore, Milan, Italy",10.22197/RBDPP.V7I1.517,2-s2.0-85104445148,1,Q2,Q2
2-s2.0-85108589035,2021,2021 Jan,Legal decision support systems in Cuba: some background and notes for future projects,,International Review of Law Computers and Technology,,Article,Rodríguez Rodríguez C.R.,"Kazan Federal University, Kazan, Russian Federation",10.1080/13600869.2021.1942401,2-s2.0-85108589035,2,Q2,Q2
2-s2.0-85106245812,2021,2021 Jan,"Cognitive bias, privacy rights, and digital evidence in international criminal proceedings: Demystifying the double-edged AI revolution",,International Criminal Law Review,,Review,Segate R.V.,"University of Macau, Taipa, Macao",10.1163/15718123-bja10048,2-s2.0-85106245812,21,Q2,Q2
2-s2.0-85108519786,2021,2021 Jan,AI-driven migration management procedures: fundamental rights issues and regulatory answers,,Biolaw Journal,,Article,Forti M.,"Sant'Anna Scuola Universitaria Superiore Pisa, Pisa, Italy",10.15168/2284-4503-833,2-s2.0-85108519786,6,Q2,Q2
2-s2.0-85101564363,2021,2021 Jan,The Emerging Hazard of AI-Related Health Care Discrimination,,Hastings Center Report,,Article,Hoffman S.,,10.1002/hast.1203,2-s2.0-85101564363,18,Q1,Q1
2-s2.0-85103091066,2021,2021 Jan,Artificial and Biological Neurons:Interdisciplinary Issues and Future Perspectives. White Paper,,Biolaw Journal,,Article,Bazzanella D.,"Alma Mater Studiorum Università di Bologna, Bologna, Italy",,2-s2.0-85103091066,1,Q2,Q2
2-s2.0-85103087138,2021,2021 Jan,Which training for interdisciplinary research?,,Biolaw Journal,,Article,Pascuzzi G.,"Università di Trento, Trento, Italy",,2-s2.0-85103087138,0,Q2,Q2
2-s2.0-85102845229,2021,2021 Jan,The intellectual property road to the knowledge economy: remarks on the readiness of the UAE Copyright Act to drive AI innovation,,Law Innovation and Technology,,Article,Al-Sharieh S.,"United Arab Emirates University, Al Ain, United Arab Emirates",10.1080/17579961.2021.1898312,2-s2.0-85102845229,13,Q1,Q1
2-s2.0-85124327167,2021,2021 Jan,YOUR VOICE GAVE YOU AWAY: THE PRIVACY RISKS OF VOICE-INFERRED INFORMATION,,Duke Law Journal,,Article,Ritter E.,"Duke University, Durham, United States",,2-s2.0-85124327167,3,Q2,Q2
2-s2.0-85120962286,2021,2021 Jan,The right to contest AI,,Columbia Law Review,,Article,Kaminski M.E.,"University of Colorado Boulder, Boulder, United States",,2-s2.0-85120962286,77,Q1,Q1
2-s2.0-85127429385,2021,2021 Jan,Towards a calibrated trust-based approach to the use of facial recognition technology,,International Journal of Law and Information Technology,,Article,Chan G.K.Y.,"Singapore Management University, Singapore City, Singapore",10.1093/ijlit/eaab011,2-s2.0-85127429385,8,Q1,Q1
2-s2.0-85103123402,2021,2021 Jan,Blockchain and Smart Contracts: A Look at the Future of Transfer Pricing Control,,Intertax,,Article,Cipollini C.,"Universität Heidelberg, Heidelberg, Germany",10.54648/taxi2021030,2-s2.0-85103123402,1,Q2,Q2
2-s2.0-85153774591,2022,2022 Dec,LET’S GET REAL: WEAK ARTIFICIAL INTELLIGENCE HAS FREE SPEECH RIGHTS,,Fordham Law Review,,Article,Garvey J.B.,"Fordham University, New York, United States",,2-s2.0-85153774591,3,Q2,Q2
2-s2.0-85137445502,2022,2022 Dec,Thirty years of Artificial Intelligence and Law: the first decade,,Artificial Intelligence and Law,,Review,Governatori G.,"Technische Universität München, Munich, Germany",10.1007/s10506-022-09329-4,2-s2.0-85137445502,31,Q1,Q1
2-s2.0-85105482858,2022,2022 Dec,Using Artificial Intelligence to Predict Decisions of the Turkish Constitutional Court,,Social Science Computer Review,,Article,Sert M.F.,"Sakarya Üniversitesi, Serdivan, Turkey",10.1177/08944393211010398,2-s2.0-85105482858,21,Q1,Q1
2-s2.0-85135763607,2022,2022 Dec,Thirty years of artificial intelligence and law: the third decade,,Artificial Intelligence and Law,,Article,Villata S.,"University of Pittsburgh, Pittsburgh, United States",10.1007/s10506-022-09327-6,2-s2.0-85135763607,53,Q1,Q1
2-s2.0-85135737487,2022,2022 Dec,Thirty years of Artificial Intelligence and Law: Editor’s Introduction,,Artificial Intelligence and Law,,Article,Bench-Capon T.,"University of Liverpool, Liverpool, United Kingdom",10.1007/s10506-022-09325-8,2-s2.0-85135737487,12,Q1,Q1
2-s2.0-85135560797,2022,2022 Dec,Thirty years of Artificial Intelligence and Law: the second decade,,Artificial Intelligence and Law,,Article,Sartor G.,"Consiglio Nazionale delle Ricerche, Rome, Italy",10.1007/s10506-022-09326-7,2-s2.0-85135560797,28,Q1,Q1
2-s2.0-85143776232,2022,2022 Dec,ARTIFICIAL INTELLIGENCE IN THE DETECTION OF BID RIGGING PRACTICES: THE ACCO’S LEADING ROLE,,Revista Catalana De Dret Public,,Article,Cardona N.J.,"Universitat de Barcelona, Barcelona, Spain",10.2436/rcdp.i65.2022.3876,2-s2.0-85143776232,3,Q2,Q2
2-s2.0-85135260094,2022,2022 Dec,An eye for an ‘I:’ a critical assessment of artificial intelligence tools in migration and asylum management,,Comparative Migration Studies,,Article,Nalbandian L.,"Toronto Metropolitan University, Toronto, Canada",10.1186/s40878-022-00305-0,2-s2.0-85135260094,50,Q1,Q1
2-s2.0-85146877845,2022,2022 Dec,Conceptualizing an AI-based Police Robot for Preventing Online Child Sexual Exploitation and Abuse: Part 2 - Legal Analysis of PrevBOT,,Nordic Journal of Studies in Policing,,Article,Sunde I.M.,"Norwegian Police University College, Oslo, Norway",10.18261/njsp.9.1.11,2-s2.0-85146877845,3,Q2,Q2
2-s2.0-85126522355,2022,2022 Dec,Liberating Expression: Contemporary European Challenges,,International Journal for the Semiotics of Law,,Article,Alkiviadou N.,"Senior Research Fellow, Justitia, Denmark",10.1007/s11196-022-09891-9,2-s2.0-85126522355,1,Q2,Q2
2-s2.0-85146843236,2022,2022 Nov,Towards eXplainable Artificial Intelligence (XAI) in Tax Law: The Need for a Minimum Legal Standard,,World Tax Journal,,Article,Kuźniacki B.,"Universiteit van Amsterdam, Amsterdam, Netherlands",10.59403/2yhh9pa,2-s2.0-85146843236,18,Q2,Q2
2-s2.0-85144053638,2022,2022 Nov,Designing lawful machine behaviour: Roboticists’ legal concerns,,Computer Law and Security Review,,Article,Van Rompaey L.,"Københavns Universitet, Copenhagen, Denmark",10.1016/j.clsr.2022.105711,2-s2.0-85144053638,1,Q1,Q1
2-s2.0-85136481913,2022,2022 Nov,Accounting for diversity in AI for medicine,,Computer Law and Security Review,,Article,Fosch-Villaronga E.,"Universiteit Leiden, Leiden, Netherlands",10.1016/j.clsr.2022.105735,2-s2.0-85136481913,45,Q1,Q1
2-s2.0-85124830853,2022,2022 Nov,Before and beyond trust: reliance in medical AI,,Journal of Medical Ethics,,Article,Kerasidou C.,"University of Oxford Medical Sciences Division, Oxford, United Kingdom",10.1136/medethics-2020-107095,2-s2.0-85124830853,67,Q1,Q1
2-s2.0-85140998311,2022,2022 Oct,"THE RELATIONSHIPS BETWEEN ARTIFICIAL INTELLIGENCE, REGULATION AND ETHICS, WITH SPECIAL ATENTION TO THE PUBLIC SECTOR",,Revista General De Derecho Administrativo,,Article,Solé J.P.,"Universitat de Barcelona, Barcelona, Spain",,2-s2.0-85140998311,2,Q2,Q2
2-s2.0-85141973661,2022,2022 Oct,CLARIFYING HUMAN RIGHTS STANDARDS THROUGH ARTIFICIAL INTELLIGENCE INITIATIVES,,International and Comparative Law Quarterly,,Article,Lane L.,"Rijksuniversiteit Groningen, Groningen, Netherlands",10.1017/S0020589322000380,2-s2.0-85141973661,18,Q1,Q1
2-s2.0-85151549501,2022,2022 Oct,The ethical dilemma of algorithmic decision in Public Administration,,A E C Revista De Direito Administrativo E Constitucional,,Article,Puschel A.F.S.,"Universidade de São Paulo, Sao Paulo, Brazil",10.21056/aec.v22i90,2-s2.0-85151549501,11,Q1,Q1
2-s2.0-85148460395,2022,2022 Oct,The use of big data and artificial intelligence in cyber patrols: the tyranny of algorithms and other dark areas,,Revista De Internet Derecho Y Politica,,Article,Ríos P.M.,"Universidad de Sevilla, Sevilla, Spain",10.7238/idp.v0i36.394511,2-s2.0-85148460395,3,Q2,Q2
2-s2.0-85146016670,2022,2022 Oct,Digital Transformation of Legal Services and Access to Justice: Challenges and Possibilities,,Baltic Journal of Law and Politics,,Article,Kiršienė J.,"Vytautas Magnus University, Kaunas, Lithuania",10.2478/bjlp-2022-0007,2-s2.0-85146016670,8,Q2,Q2
2-s2.0-85126090396,2022,2022 Oct,Governance of artificial intelligence: A risk and guideline-based integrative framework,,Government Information Quarterly,,Article,Wirtz B.W.,"Deutsche Universität für Verwaltungswissenschaften, Speyer, Germany",10.1016/j.giq.2022.101685,2-s2.0-85126090396,141,Q1,Q1
2-s2.0-85134734903,2022,2022 Oct,Regulating artificial intelligence: Proposal for a global solution,,Government Information Quarterly,,Article,Erdélyi O.J.,"University of Canterbury, Christchurch, New Zealand",10.1016/j.giq.2022.101748,2-s2.0-85134734903,41,Q1,Q1
2-s2.0-85137035944,2022,2022 Oct,A Comparative Analysis of the Definitions of Autonomous Weapons Systems,,Science and Engineering Ethics,,Article,Taddeo M.,"Oxford Social Sciences Division, Oxford, United Kingdom",10.1007/s11948-022-00392-3,2-s2.0-85137035944,64,Q1,Q1
2-s2.0-85139935669,2022,2022 Oct,LAWLESS SURVEILLANCE,,New York University Law Review,,Article,Friedman B.,"NYU Law, New York, United States",,2-s2.0-85139935669,11,Q1,Q1
2-s2.0-85110441813,2022,2022 Sep,Preserving the rule of law in the era of artificial intelligence (AI),,Artificial Intelligence and Law,,Article,Greenstein S.,"Stockholms universitet, Stockholm, Sweden",10.1007/s10506-021-09294-4,2-s2.0-85110441813,113,Q1,Q1
2-s2.0-85111645184,2022,2022 Sep,A sequence labeling model for catchphrase identification from legal case documents,,Artificial Intelligence and Law,,Article,Mandal A.,"Indian Institute of Technology Kharagpur, Kharagpur, India",10.1007/s10506-021-09296-2,2-s2.0-85111645184,11,Q1,Q1
2-s2.0-85111986762,2022,2022 Sep,PRILJ: an efficient two-step method based on embedding and clustering for the identification of regularities in legal case judgments,,Artificial Intelligence and Law,,Article,De Martino G.,"Università degli studi di Bari Aldo Moro, Bari, Italy",10.1007/s10506-021-09297-1,2-s2.0-85111986762,26,Q1,Q1
2-s2.0-85133454874,2022,2022 Sep,On mapping values in AI Governance,,Computer Law and Security Review,,Article,Gordon G.,"Universiteit van Amsterdam, Amsterdam, Netherlands",10.1016/j.clsr.2022.105712,2-s2.0-85133454874,17,Q1,Q1
2-s2.0-85133780234,2022,2022 Sep,Affinity-based algorithmic pricing: A dilemma for EU data protection law,,Computer Law and Security Review,,Article,Li Z.,"College of Social Sciences, Glasgow, United Kingdom",10.1016/j.clsr.2022.105705,2-s2.0-85133780234,14,Q1,Q1
2-s2.0-85136219994,2022,2022 Sep,Predicting Recidivism Risk Meets AI Act,,European Journal on Criminal Policy and Research,,Article,van Dijck G.,"Universiteit Maastricht, Maastricht, Netherlands",10.1007/s10610-022-09516-8,2-s2.0-85136219994,34,Q1,Q1
2-s2.0-85158033455,2022,2022 Sep,"Will Robots Automate Your Job Away? Full Employment, Basic Income and Economic Democracy",,Industrial Law Journal,,Article,Mcgaughey E.,"University of Cambridge, Cambridge, United Kingdom",10.1093/indlaw/dwab010,2-s2.0-85158033455,17,Q2,Q2
2-s2.0-85101777629,2022,2022 Aug,On the Juridical Relevance of the Phenomenological Notion of Person in Max Scheler and Edith Stein,,International Journal for the Semiotics of Law,,Article,Galofaro F.,"Università degli Studi di Torino, Turin, Italy",10.1007/s11196-021-09823-z,2-s2.0-85101777629,0,Q2,Q2
2-s2.0-85136645979,2022,2022 Aug,Intellectual property in quantum computing and market power: a theoretical discussion and empirical analysis,,Journal of Intellectual Property Law and Practice,,Article,Kop M.,"Stanford Law School, Stanford, United States",10.1093/jiplp/jpac060,2-s2.0-85136645979,20,Q2,Q2
2-s2.0-85134273332,2022,2022 Jul,Between Law and Creative Systems: Resizing Fashion Design through Artificial Intelligence,,Revista De Derecho Privado,,Article,Valdivia A.K.C.,"Universidad Católica de Santa María, Arequipa, Peru",10.18601/01234366.43.04,2-s2.0-85134273332,0,Q2,Q2
2-s2.0-85132765306,2022,2022 Jul,AI trading and the limits of EU law enforcement in deterring market manipulation,,Computer Law and Security Review,,Article,Azzutti A.,"Universität Hamburg, Hamburg, Germany",10.1016/j.clsr.2022.105690,2-s2.0-85132765306,29,Q1,Q1
2-s2.0-85126130430,2022,2022 Jul,A European Agency for Artificial Intelligence: Protecting fundamental rights and ethical values,,Computer Law and Security Review,,Article,Stahl B.C.,"De Montfort University, Leicester, United Kingdom",10.1016/j.clsr.2022.105661,2-s2.0-85126130430,62,Q1,Q1
2-s2.0-85126512887,2022,2022 Jul,Hidden depths: The effects of extrinsic data collection on consumer insurance contracts,,Computer Law and Security Review,,Article,Bednarz Z.,"The University of Sydney, Sydney, Australia",10.1016/j.clsr.2022.105667,2-s2.0-85126512887,17,Q1,Q1
2-s2.0-85128936278,2022,2022 Jun,The Human Rights Implications of the Use of AI in the Digital Welfare State: Lessons Learned from the Dutch SyRI Case,,Human Rights Law Review,,Article,Rachovitsa A.,"The University of Edinburgh, Edinburgh, United Kingdom",10.1093/hrlr/ngac010,2-s2.0-85128936278,46,Q2,Q2
2-s2.0-85124229132,2022,2022 Jun,"The winter, the summer and the summer dream of artificial intelligence in law: Presidential address to the 18th International Conference on Artificial Intelligence and Law",,Artificial Intelligence and Law,,Review,Francesconi E.,"Consiglio Nazionale delle Ricerche, Rome, Italy",10.1007/s10506-022-09309-8,2-s2.0-85124229132,26,Q1,Q1
2-s2.0-85134468684,2022,2022 Jun,Reasoned A(I)dministration: Explanation Requirements in EU Law and the Automation of Public Administration,,European Law Review,,Article,Fink M.,"Osterreichische Akademie Der Wissenschaften, Vienna, Austria",,2-s2.0-85134468684,23,Q2,Q2
2-s2.0-85131430447,2022,2022 Jun,Towards an Ecosystem for Consumer Protection in the Context of AI-based Credit Scoring,,European Business Law Review,,Article,Montagnani M.L.,"Università degli Studi di Milano, Milan, Italy",10.54648/eulr2022026,2-s2.0-85131430447,5,Q2,Q2
2-s2.0-85132268374,2022,2022 Jun,"Export Controls and Securitization of Economic Policy: Comparative Analysis of the Practice of the United States, the European Union, China, and Russia",,Journal of World Trade,,Article,Hrynkiv O.,"Tilburg University, Tilburg, Netherlands",10.54648/trad2022026,2-s2.0-85132268374,17,Q2,Q2
2-s2.0-85129315953,2022,2022 Jun,"The deceitful Connected and Autonomous Vehicle: Defining the concept, contextualising its dimensions and proposing mitigation policies",,Transport Policy,,Article,Nikitas A.,"University of Huddersfield, Huddersfield, United Kingdom",10.1016/j.tranpol.2022.04.011,2-s2.0-85129315953,30,Q1,Q1
2-s2.0-85131634728,2022,2022 May,Beware the Lure of Narratives: Hungry Judges Should Not Motivate the Use of Artificial Intelligence in Law,,German Law Journal,,Article,Chatziathanasiou K.,"University of Münster, Munster, Germany",10.1017/glj.2022.32,2-s2.0-85131634728,21,Q1,Q1
2-s2.0-85131898368,2022,2022 May,ALGORITHMIC DECISION AND PRINCIPLE OF EQUALITY,,Revista General De Derecho Administrativo,,Article,Zuddas P.,"Università degli Studi dell'Insubria, Varese, Italy",,2-s2.0-85131898368,0,Q2,Q2
2-s2.0-85133675907,2022,2022 May,Artificial intelligence in health care: data protection concerns in Malaysia,,International Data Privacy Law,,Article,Dhali M.,"International Islamic University Malaysia, Kuala Lumpur, Malaysia",10.1093/idpl/ipac005,2-s2.0-85133675907,9,Q1,Q1
2-s2.0-85131893197,2022,2022 May,"ETHICAL IMPLICATIONS OF THE APPLICATION OF TECHNOLOGY IN THE DIGITAL HEALTH SECTOR. SPECIAL REFERENCE TO THE PROTECTION OF PERSONAL DATA IN BIG DATA, ARTIFICIAL INTELLIGENCE, IoT AND BLOCKCHAIN",,Revista General De Derecho Administrativo,,Article,Campillo L.P.,"Universidad Carlos III de Madrid, Getafe, Spain",,2-s2.0-85131893197,0,Q2,Q2
2-s2.0-85124567808,2022,2022 Apr,Regulating AI. A label to complete the proposed Act on Artificial Intelligence,,Computer Law and Security Review,,Article,Stuurman K.,"Tilburg Institute for Law, Technology, and Society, Tilburg, Netherlands",10.1016/j.clsr.2022.105657,2-s2.0-85124567808,38,Q1,Q1
2-s2.0-85129660907,2022,2022 Apr,ASSUMING THE RISKS OF ARTIFICIAL INTELLIGENCE,,Boston University Law Review,,Article,STEIN A.L.,"University of Florida, Gainesville, United States",,2-s2.0-85129660907,7,Q1,Q1
2-s2.0-85130137470,2022,2022 Apr,Gender Bias and Artificial Intelligence: A Challenge within the Periphery of Human Rights,,Hasanuddin Law Review,,Article,Chauhan P.,"University of Petroleum and Energy Studies, Dehradun, India",10.20956/halrev.v8i1.3569,2-s2.0-85130137470,7,Q2,Q2
2-s2.0-85108514854,2022,2022 Mar,Autonomous Artificial Intelligence and Uncontemplated Hazards: Towards the Optimal Regulatory Framework,,European Journal of Risk Regulation,,Article,Kovac M.,"Univerza v Ljubljani Ekonomska Fakulteta, Ljubljana, Slovenia",10.1017/err.2021.28,2-s2.0-85108514854,11,Q1,Q1
2-s2.0-85126010503,2022,2022 Mar,Exploring remedies for defective artificial intelligence aids in clinical decision-making in post-Brexit England and Wales,,Medical Law International,,Article,Smith H.,"University of Bristol, Bristol, United Kingdom",10.1177/09685332221076124,2-s2.0-85126010503,7,Q2,Q2
2-s2.0-85106478625,2022,2022 Mar,A quantitative approach to ranking corporate law precedents in the Brazilian Superior Court of Justice,,Artificial Intelligence and Law,,Article,Nunes J.L.,"Pontifícia Universidade Católica do Rio de Janeiro, Rio de Janeiro, Brazil",10.1007/s10506-021-09290-8,2-s2.0-85106478625,7,Q1,Q1
2-s2.0-85131595692,2022,2022 Mar,The criminal justice system to the test of artificial intelligence,,Revista De Internet Derecho Y Politica,,Article,Caterini M.,"Università della Calabria, Rende, Italy",10.7238/IDP.V0I35.392754,2-s2.0-85131595692,4,Q2,Q2
2-s2.0-85129002980,2022,2022 Mar,Artificial Intelligence or the Ultimate Tool for Conservatism,,Danube,,Article,Marcinowski M.,"Uniwersytet Śląski w Katowicach, Katowice, Poland",10.2478/danb-2022-0001,2-s2.0-85129002980,2,Q2,Q2
2-s2.0-85105951550,2022,2022 Mar,"Symbiosis with artificial intelligence via the prism of law, robots, and society",,Artificial Intelligence and Law,,Article,Karnouskos S.,"Umeå Universitet, Umea, Sweden",10.1007/s10506-021-09289-1,2-s2.0-85105951550,33,Q1,Q1
2-s2.0-85105880017,2022,2022 Mar,Detecting and explaining unfairness in consumer contracts through memory networks,,Artificial Intelligence and Law,,Article,Ruggeri F.,"Alma Mater Studiorum Università di Bologna, Bologna, Italy",10.1007/s10506-021-09288-2,2-s2.0-85105880017,34,Q1,Q1
2-s2.0-85126570238,2022,2022 Feb,One small step for 'artificial intelligence' and a giant leap for the Australian patent system? the Federal Court decision in Thaler v Commissioner of Patents,,Journal of Intellectual Property Law and Practice,,Article,Liberman A.,,10.1093/jiplp/jpab181,2-s2.0-85126570238,2,Q2,Q2
2-s2.0-85112517219,2022,2022 Jan,Evolution of artificial intelligence and its impact on human rights: from sociolegal perspective,,International Journal of Law and Management,,Article,Chatterjee S.,"University of Bradford, Bradford, United Kingdom",10.1108/IJLMA-06-2021-0156,2-s2.0-85112517219,11,Q2,Q2
2-s2.0-85142708434,2022,2022 Jan,Default reasoning and the law: A dialogue,,Revus,,Article,Canale D.,"Università degli Studi di Genova, Genoa, Italy",10.4000/revus.8475,2-s2.0-85142708434,3,Q2,Q2
2-s2.0-85108152642,2022,2022 Jan,Artificial intelligence and human rights: a comprehensive study from Indian legal and policy perspective,,International Journal of Law and Management,,Article,Chatterjee S.,"The West Bengal National University of Juridical Sciences, Kolkata, Kolkata, India",10.1108/IJLMA-02-2021-0049,2-s2.0-85108152642,24,Q2,Q2
2-s2.0-85141247758,2022,2022 Jan,LEGAL FRAMEWORK OF ARTIFICIAL INTELLIGENCE AND THE INTELLIGENTIZATION OF JUSTICE IN CHINA,,Biolaw Journal,,Article,Cardillo I.,"Zhongnan University of Economics and Law, Wuhan, China",10.15168/2284-4503-2389,2-s2.0-85141247758,2,Q2,Q2
2-s2.0-85120873086,2022,2022 Jan,"Artificial intelligence and speedy trial in the judiciary: Myth, reality or need? A case study in the Brazilian Supreme Court (STF)",,Government Information Quarterly,,Article,de Sousa W.G.,"Universidade de Brasília, Brasília, Brazil",10.1016/j.giq.2021.101660,2-s2.0-85120873086,33,Q1,Q1
2-s2.0-85099391050,2022,2022 Jan,EU Personal Data Protection Standards and Regulatory Framework,,Journal of Applied Security Research,,Article,Stepenko V.,"Moscow State Institute of International Relations (MGIMO), Moscow, Russian Federation",10.1080/19361610.2020.1868928,2-s2.0-85099391050,20,Q2,Q2
2-s2.0-85128907188,2022,2022 Jan,Redesigning Copyright Protection in the Era of Artificial Intelligence,,Iowa Law Review,,Article,Sun H.,"The University of Hong Kong, Hong Kong, Hong Kong",,2-s2.0-85128907188,22,Q2,Q2
2-s2.0-85136803846,2022,2022 Jan,THE CONCEPT OF HUMAN RIGHTS IN THE DIGITAL ERA: CHANGES AND CONSEQUENCES FOR JUDICIAL PRACTICE,,Access to Justice in Eastern Europe,,Article,Razmetaeva Y.,"Yaroslav Mudryi National Law University, Kharkiv, Ukraine",10.33327/AJEE-18-5.3-a000327,2-s2.0-85136803846,22,Q2,Q2
2-s2.0-85131307764,2022,2022 Jan,THE LEGAL HORIZON OF ARTIFICIAL INTELLIGENCE,,Biolaw Journal,,Article,Frosini T.E.,"Università degli Studi Suor Orsola Benincasa, Naples, Italy",,2-s2.0-85131307764,5,Q2,Q2
2-s2.0-85128278367,2022,2022 Jan,Hired by a Robot: The Legal Implications of Artificial Intelligence Video Interviews and Advocating for Greater Protection of Job Applicants,,Iowa Law Review,,Article,Kammerer B.,"University of Iowa College of Law, Iowa City, United States",,2-s2.0-85128278367,10,Q2,Q2
2-s2.0-85118426373,2022,2022 Jan,The deployment of artificial intelligence in alternative dispute resolution: the AI augmented arbitrator,,Information and Communications Technology Law,,Article,Rajendra J.B.,"Taylor's University Malaysia, Subang Jaya, Malaysia",10.1080/13600834.2021.1998955,2-s2.0-85118426373,13,Q1,Q1
2-s2.0-85159701685,2022,2022 Jan,Artificial intelligence and civil liability-do we need a new regime?,,International Journal of Law and Information Technology,,Article,Soyer B.,"Swansea University, Swansea, United Kingdom",10.1093/ijlit/eaad001,2-s2.0-85159701685,19,Q1,Q1
2-s2.0-85130060665,2022,2022 Jan,Ex machina: preliminary critical assessment of the European Draft Act on artificial intelligence,,International Journal of Law and Information Technology,,Article,Raposo V.L.,"Universidade de Coimbra, Faculdade de Direito, Coimbra, Portugal",10.1093/ijlit/eaac007,2-s2.0-85130060665,46,Q1,Q1
2-s2.0-85123952236,2022,2022 Jan,CAN WE MAKE ALL LEGAL NORMS INTO LEGAL SYLLOGISMS AND WHY IS THAT IMPORTANT IN TIMES OF ARTIFICIAL INTELLIGENCE?,,Access to Justice in Eastern Europe,,Article,Goda S.L.,"Vilniaus Universitetas, Vilnius, Lithuania",10.33327/AJEE-18-5.1-a000095,2-s2.0-85123952236,4,Q2,Q2
2-s2.0-85131328071,2022,2022 Jan,THE USE OF ARTIFICIAL INTELLIGENCE IN THE COURTROOM BETWEEN NEW PROBLEMS AND OLD ISSUES,,Biolaw Journal,,Article,Pajno A.,"Sapienza Università di Roma, Rome, Italy",,2-s2.0-85131328071,4,Q2,Q2
2-s2.0-85192837150,2022,2022 Jan,The right to due process before the paradigm changes of AI,,Teoria Y Realidad Constitucional,,Article,FAGGIANI V.,"Universidad de Granada, Granada, Spain",10.5944/trc.50.2022.36382,2-s2.0-85192837150,2,Q2,Q2
2-s2.0-85158866416,2022,2022 Jan,The earth-space alliance in preventing and punishing mass murder crimes: documenting and prosecuting international crimes through aerial satellite evidence,,International Journal of Law and Information Technology,,Article,Qerimi Q.,"Universiteti i Prishtinës, Pristina, Serbia",10.1093/ijlit/eaac014,2-s2.0-85158866416,3,Q1,Q1
2-s2.0-85131312590,2022,2022 Jan,ARTIFICIAL INTELLIGENCE AND SELF-DETERMINATION IN MEDICAL FIELD,,Biolaw Journal,,Article,De Menech C.,"Università degli Studi di Pavia, Pavia, Italy",,2-s2.0-85131312590,6,Q2,Q2
2-s2.0-85131077840,2022,2022 Jan,Artificial intelligence in healthcare: Proposals for policy development in South Africa,,South African Journal of Bioethics and Law,,Review,Naidoo S.,"University of KwaZulu-Natal, Durban, South Africa",10.7196/SAJBL.2022.v15i1.797,2-s2.0-85131077840,29,Q2,Q2
2-s2.0-85125098864,2022,2022 Jan,EU REGULATION OF ARTIFICIAL INTELLIGENCE: CHALLENGES FOR PATIENTS' RIGHTS,,Common Market Law Review,,Article,Van Kolfschooten H.,"Universiteit van Amsterdam, Amsterdam, Netherlands",10.54648/cola2022005,2-s2.0-85125098864,28,Q1,Q1
2-s2.0-85159697215,2022,2022 Jan,Reconciling trust and control in the military use of artificial intelligence,,International Journal of Law and Information Technology,,Article,McFarland T.,"The University of Queensland, Brisbane, Australia",10.1093/ijlit/eaad008,2-s2.0-85159697215,5,Q1,Q1
2-s2.0-85164026454,2022,2022 Jan,REGULATORY APPROACHES TO ARTIFICIAL INTELLIGENCE (AI),,Revista Chilena De Derecho,,Article,Covarrubias J.Z.L.,"University of Essex, Colchester, United Kingdom",10.7764/R.493.2,2-s2.0-85164026454,16,Q1,Q1
2-s2.0-85139264828,2022,2022 Jan,Artificial Intelligence and the re-imagination of inventive step,,Journal of Intellectual Property Information Technology and E Commerce Law,,Article,Schellekens M.,"Tilburg Institute for Law, Technology, and Society, Tilburg, Netherlands",,2-s2.0-85139264828,5,Q1,Q1
2-s2.0-85119856916,2022,2022 Jan,Legal contestation of artificial intelligence-related decision-making in the United Kingdom: reflections for policy,,International Review of Law Computers and Technology,,Article,Drake A.,"King's College London, London, United Kingdom",10.1080/13600869.2021.1999075,2-s2.0-85119856916,12,Q1,Q1
2-s2.0-85130046309,2022,2022 Jan,Pretrial risk assessment instruments in the US criminal justice system - what lessons can be learned for the European Union,,International Journal of Law and Information Technology,,Article,Novokmet A.,"Sveučilište Josipa Jurja Strossmayera u Osijeku, Osijek, Croatia",10.1093/ijlit/eaac006,2-s2.0-85130046309,4,Q1,Q1
2-s2.0-85153360011,2022,2022 Jan,Accountable Algorithms: Adopting the Public Law Toolbox Outside the Realm of Public Law,,Current Legal Problems,,Article,Williams R.,"University of Oxford, Oxford, United Kingdom",10.1093/clp/cuac008,2-s2.0-85153360011,4,Q2,Q2
2-s2.0-85139251117,2022,2022 Jan,AI as an Inventor: Has the Federal Court of Australia Erred in DABUS?,,Journal of Intellectual Property Information Technology and E Commerce Law,,Article,Matulionyte R.,"Macquarie University, Sydney, Australia",,2-s2.0-85139251117,5,Q1,Q1
2-s2.0-85126235034,2022,2022 Jan,Rule-following robots? Transitional legal disruption through regulatee design and engineering,,Law Innovation and Technology,,Article,Liu H.Y.,"Københavns Universitet, Copenhagen, Denmark",10.1080/17579961.2022.2047518,2-s2.0-85126235034,1,Q2,Q2
2-s2.0-85131104521,2022,2022 Jan,THE PRICE OF AUTONOMY: LIABILITY STANDARDS FOR COMPLEMENTARY AND SUBSTITUTIVE MEDICAL ROBOTICS AND ARTIFICIAL INTELLIGENCE,,Ius Et Praxis,,Article,Pasquale F.A.,"Brooklyn Law School, New York, United States",10.4067/S0718-00122022000100003,2-s2.0-85131104521,3,Q2,Q2
2-s2.0-85131322299,2022,2022 Jan,"RULE OF LAW AND PUBLIC POWERS IN THE DIGITAL ERA. CYBERSOCIETY, CYBERCOMMUNITY, CYBER- STATE, CYBERSPACE: THIRTEEN THESIS",,Biolaw Journal,,Article,Violante L.,"Presidente della Fondazione Leonardo, Italy",,2-s2.0-85131322299,4,Q2,Q2
2-s2.0-85159665339,2022,2022 Jan,Much ado about artificial intelligence or: The automation of contract formation,,International Journal of Law and Information Technology,,Article,Mik E.,"Chinese University of Hong Kong, Hong Kong, Hong Kong",10.1093/ijlit/eaad004,2-s2.0-85159665339,8,Q1,Q1
2-s2.0-85135097213,2022,2022 Jan,THE USE OF ARTIFICIAL INTELLIGENCE BY ITALIAN PUBLIC ADMINISTRATIONS: DRESS REHEARSAL,,Biolaw Journal,,Article,Chiti E.,"Università di Trento, Trento, Italy",10.15168/2284-4503-2351,2-s2.0-85135097213,4,Q2,Q2
2-s2.0-85152558002,2022,2022 Jan,Digital IDs for advanced robotics systems as a regulatory infrastructure,,International Journal of Law and Information Technology,,Article,Aldossary A.S.S.,"King Faisal University, Al-Ahsa, Saudi Arabia",10.1093/ijlit/eaac022,2-s2.0-85152558002,0,Q1,Q1
2-s2.0-85145094508,2022,2022 Jan,Artificially intelligent boards and the future of Delaware corporate law,,Journal of Corporate Law Studies,,Article,Bruner C.M.,"University of Georgia, Athens, United States",10.1080/14735970.2022.2153965,2-s2.0-85145094508,6,Q2,Q2
2-s2.0-85139263725,2022,2022 Jan,Disappearing Authorship: Ethical Protection of AI-Generated News from the Perspective of Copyright and Other Laws,,Journal of Intellectual Property Information Technology and E Commerce Law,,Article,Krausová A.,"Charles University, Prague, Czech Republic",,2-s2.0-85139263725,9,Q1,Q1
2-s2.0-85159089359,2022,2022 Jan,Mind the compensation gap: towards a new European regime addressing civil liability in the age of AI,,International Journal of Law and Information Technology,,Article,Whittam S.,"Lancaster University, Lancaster, United Kingdom",10.1093/ijlit/eaac013,2-s2.0-85159089359,9,Q1,Q1
2-s2.0-85111691691,2022,2022 Jan,Approaching the human in the loop–legal perspectives on hybrid human/algorithmic decision-making in three contexts,,Information and Communications Technology Law,,Article,Enarsson T.,"Umeå Universitet, Umea, Sweden",10.1080/13600834.2021.1958860,2-s2.0-85111691691,79,Q1,Q1
2-s2.0-85129607625,2022,2022 Jan,Digital Finance and Beyond in the Third Decade of the 21st Century − Observations with a Focus on the EU Policy and Legal Perspective,,European Business Law Review,,Article,Deipenbrock G.,"Fachhochschule Münster - Abteilung Steinfurt, Steinfurt, Germany",10.54648/eulr2022014,2-s2.0-85129607625,6,Q2,Q2
2-s2.0-85125411799,2022,2022 Jan,Algorithmic explainability and legal reasoning,,Theory and Practice of Legislation,,Article,Ződi Z.,"Ludovika University of Public Service, Budapest, Hungary",10.1080/20508840.2022.2033945,2-s2.0-85125411799,17,Q2,Q2
2-s2.0-85087607113,2022,2022 Jan,Algorithmic state surveillance: Challenging the notion of agency in human rights,,Regulation and Governance,,Article,Kosta E.,"Tilburg Institute for Law, Technology, and Society, Tilburg, Netherlands",10.1111/rego.12331,2-s2.0-85087607113,35,Q1,Q1
2-s2.0-85131115858,2022,2022 Jan,Mental data protection and the GDPR,,Journal of Law and the Biosciences,,Article,Ienca M.,"École Polytechnique Fédérale de Lausanne, Lausanne, Switzerland",10.1093/jlb/lsac006,2-s2.0-85131115858,47,Q1,Q1
2-s2.0-85152570562,2022,2022 Jan,Legal and technical trade-offs in the content moderation of terrorist live-streaming,,International Journal of Law and Information Technology,,Article,Zornetta A.,"University of California, Los Angeles, Los Angeles, United States",10.1093/ijlit/eaac020,2-s2.0-85152570562,1,Q1,Q1
2-s2.0-85147213640,2022,2022 Jan,Model for preventing bankruptcy of Ukrainian enterprises in force majeure circumstances,,Problems and Perspectives in Management,,Article,Poliakov R.,"State University of Trade and Economics, Kyiv, Ukraine",10.21511/ppm.20(4).2022.28,2-s2.0-85147213640,8,Q2,Q2
2-s2.0-85130404694,2022,2022 Jan,"Electoral campaigns, Big Data and ideological profiling. Addressing their problematic from the perspective of the fundamental right to data protection",,Revista Espanola De Derecho Constitucional,,Article,Hernández Peña J.C.,"Universidad de Navarra, Pamplona, Spain",10.18042/cepc/redc.124.02,2-s2.0-85130404694,4,Q2,Q2
2-s2.0-85131334892,2022,2022 Jan,PROTECTION OF PERSONAL DATA AND SCIENTIFIC RESEARCH: A CONTROVERSIAL BUT NECESSARY RELATIONSHIP,,Biolaw Journal,,Article,Di Tano F.,"Alma Mater Studiorum Università di Bologna, Bologna, Italy",,2-s2.0-85131334892,3,Q2,Q2
2-s2.0-85126199152,2022,2022 Jan,Algorithmic bias and the New Chicago School,,Law Innovation and Technology,,Article,Lee J.A.,"Chinese University of Hong Kong, Hong Kong, Hong Kong",10.1080/17579961.2022.2047520,2-s2.0-85126199152,5,Q2,Q2
2-s2.0-85132971731,2022,2022 Jan,Rethinking Administrative Law for Algorithmic Decision Making,,Oxford Journal of Legal Studies,,Article,Williams R.,"University of Oxford, Oxford, United Kingdom",10.1093/ojls/gqab032,2-s2.0-85132971731,30,Q1,Q1
2-s2.0-85167403362,2023,2023 Dec,Decoding the Tecfidera Case: The Court of Justice of the European Union's Verdict on the Same Global Marketing Authorisation,,European Journal of Risk Regulation,,Article,Parwani P.,"Universiteit van Amsterdam, Amsterdam, Netherlands",10.1017/err.2023.51,2-s2.0-85167403362,0,Q1,Q1
2-s2.0-85181165189,2023,2023 Dec,Letter From The Editor,,Journal of Law Medicine and Ethics,,Editorial,McClellan C.,Jlme,10.1017/jme.2023.145,2-s2.0-85181165189,0,Q1,Q1
2-s2.0-85181165139,2023,2023 Dec,Out-of-Pocket Spending and Financial Equity in the Access to Medicines in Latin America: Trends and Challenges: 2010-2020,,Journal of Law Medicine and Ethics,,Article,Cortez R.,"The World Bank, USA, Washington, D.C., United States",10.1017/jme.2023.136,2-s2.0-85181165139,4,Q1,Q1
2-s2.0-85181165117,2023,2023 Dec,INTRODUCTION: Rethinking Pharmaceutical Policies in Latin America and the Caribbean: An Overview,,Journal of Law Medicine and Ethics,,Article,Rama M.,,10.1017/jme.2023.135,2-s2.0-85181165117,0,Q1,Q1
2-s2.0-85181165120,2023,2023 Dec,"Knowledge, Perceptions, and Utilization of Generics and Biosimilars in Latin America and the Caribbean: A Scoping Review",,Journal of Law Medicine and Ethics,,Article,Aguilera B.,"Terveyden ja Hyvinvoinnin Laitos, Helsinki, Finland",10.1017/jme.2023.117,2-s2.0-85181165120,4,Q1,Q1
2-s2.0-85181165316,2023,2023 Dec,Pharmaceutical Innovation in Latin America and the Caribbean,,Journal of Law Medicine and Ethics,,Article,Vargas V.,"Harvard Medical School, Boston, United States",10.1017/jme.2023.120,2-s2.0-85181165316,3,Q1,Q1
2-s2.0-85181165289,2023,2023 Dec,The Development of Cuba's Biotechnology: Mechanisms and Challenges,,Journal of Law Medicine and Ethics,,Article,Perez Villanueva O.E.,"Universidad de La Habana, Havana, Cuba",10.1017/jme.2023.119,2-s2.0-85181165289,1,Q1,Q1
2-s2.0-85181165329,2023,2023 Dec,"The Brazilian Pharmaceutical Industry: Actors, Institutions, and Policies",,Journal of Law Medicine and Ethics,,Article,Paranhos J.,"Universidade Federal do Rio de Janeiro, Rio de Janeiro, Brazil",10.1017/jme.2023.118,2-s2.0-85181165329,5,Q1,Q1
2-s2.0-85181165225,2023,2023 Dec,The Pharmaceutical Market for Biological Products in Latin America: A Comprehensive Analysis of Regional Sales Data,,Journal of Law Medicine and Ethics,,Article,Ortiz-Prado E.,"Icahn School of Medicine at Mount Sinai, New York, United States",10.1017/jme.2023.112,2-s2.0-85181165225,9,Q1,Q1
2-s2.0-85181165137,2023,2023 Dec,On the Judicialization of Health and Access to Medicines in Latin America,,Journal of Law Medicine and Ethics,,Article,Iunes R.,"Universidade Federal de Minas Gerais, Belo Horizonte, Brazil",10.1017/jme.2023.122,2-s2.0-85181165137,5,Q1,Q1
2-s2.0-85181165268,2023,2023 Dec,Biosimilars and Heterogeneous Technological Trajectories in the Argentine Biopharmaceutical Industry,,Journal of Law Medicine and Ethics,,Article,Lavarello P.J.,"Centro de Estudios Urbanos y Regionales, Buenos Aires, Argentina",10.1017/jme.2023.134,2-s2.0-85181165268,3,Q1,Q1
2-s2.0-85164342062,2023,2023 Dec,"In search of Paulus Vladimiri: Canon, reception, and the (in)conceivability of an Eastern European 'founding father' of international law",,Leiden Journal of International Law,,Article,Loefflad E.,"University of Kent, Canterbury, United Kingdom",10.1017/S0922156523000328,2-s2.0-85164342062,3,Q1,Q1
2-s2.0-85181165313,2023,2023 Dec,From Pharmaceutical Innovation to Revenue Generation: The Asian Experience,,Journal of Law Medicine and Ethics,,Article,Basak S.K.,"The World Bank Group, Washington, D.C., United States",10.1017/jme.2023.121,2-s2.0-85181165313,3,Q1,Q1
2-s2.0-85164363113,2023,2023 Dec,Emancipating human rights: Capitalism and the common good,,Leiden Journal of International Law,,Article,Salomon M.E.,"London School of Economics and Political Science, London, United Kingdom",10.1017/S0922156523000316,2-s2.0-85164363113,11,Q1,Q1
2-s2.0-85181165110,2023,2023 Dec,How to Price and to Reimburse Publicly Funded Medicines in Latin America? Lessons Learned from Europe,,Journal of Law Medicine and Ethics,,Article,Leopold C.,"Ministerio de Salud de Chile, Santiago, Chile",10.1017/jme.2023.114,2-s2.0-85181165110,2,Q1,Q1
2-s2.0-85159115146,2023,2023 Dec,Seizing stateless smuggling vessels on the Mediterranean High Seas,,Leiden Journal of International Law,,Article,Coventry T.,"Universiteit van Amsterdam, Amsterdam, Netherlands",10.1017/S092215652300016X,2-s2.0-85159115146,1,Q1,Q1
2-s2.0-85186418424,2023,2023 Dec,"Memory, Past Evils and Constitutional Justice. Lessons from the United States, Germany and South Africa",,European Constitutional Law Review,,Review,Biagi F.,"Alma Mater Studiorum Università di Bologna, Bologna, Italy",10.1017/S1574019623000329,2-s2.0-85186418424,0,Q1,Q1
2-s2.0-85164569769,2023,2023 Dec,The prohibition of forced or compulsory labour and conditional welfare under the United Kingdom's Universal Credit Scheme,,Legal Studies,,Article,Almutawa A.,"Kuwait University, Kuwait City, Kuwait",10.1017/lst.2023.11,2-s2.0-85164569769,0,Q2,Q2
2-s2.0-85183907389,2023,2023 Dec,Administration as Democratic Trustee Representation,,Legal Theory,,Article,Jackson K.,"University of Cincinnati, Cincinnati, United States",10.1017/S1352325223000204,2-s2.0-85183907389,7,Q1,Q1
2-s2.0-85183930510,2023,2023 Dec,Giving voice: a public sphere theory of European private law adjudication,,European Law Open,,Article,Mak C.,"Universiteit van Amsterdam, Amsterdam, Netherlands",10.1017/elo.2023.52,2-s2.0-85183930510,4,Q2,Q2
2-s2.0-85184186847,2023,2023 Dec,Constructing the Viking and Laval cases as a major defeat for social Europe: a contextual and processual analysis,,European Law Open,,Article,Louis J.,"Université Lumière Lyon 2, Lyon, France",10.1017/elo.2023.44,2-s2.0-85184186847,3,Q2,Q2
2-s2.0-85181470474,2023,2023 Dec,PRIVACY AND PERSONAL DATA PROTECTION IN SELF-DRIVING CAR: SUGGESTION FOR LEGAL REGULATION IN SERBIA,,Balkan Social Science Review,,Article,Cveticanin L.,"University of Novi Sad, Novi Sad, Serbia",10.46763/BSSR232222171c,2-s2.0-85181470474,1,Q2,Q2
2-s2.0-85181461653,2023,2023 Dec,ETHICAL IMPLICATIONS AND HUMAN RIGHTS VIOLATIONS IN THE AGE OF ARTIFICIAL INTELLIGENCE,,Balkan Social Science Review,,Article,Hoxhaj O.,"""Ismail Qemali"" University of Vlora, Vlora, Albania",10.46763/BSSR232222153h,2-s2.0-85181461653,10,Q2,Q2
2-s2.0-85188675978,2023,2023 Dec,Taking on the structural weakness of EU law's general principles,,European Law Open,,Editorial,Mendes J.,"University of Luxembourg, Esch-sur-Alzette, Luxembourg",10.1017/elo.2024.4,2-s2.0-85188675978,3,Q2,Q2
2-s2.0-85183488933,2023,2023 Dec,"Proportionality, Comparability, and Parity: A Discussion on the Rationality of Balancing",,Legal Theory,,Article,Ríos Carrillo P.,"Oxford Social Sciences Division, Oxford, United Kingdom",10.1017/S1352325223000186,2-s2.0-85183488933,0,Q1,Q1
2-s2.0-85188697928,2023,2023 Dec,On crosswords and jigsaw puzzles: the epistemic limits of the EU Courts and a board of appeal in handling empirical uncertainty,,European Law Open,,Article,Krajewski M.,"European Ombudsman, Brussels, Belgium",10.1017/elo.2023.47,2-s2.0-85188697928,3,Q2,Q2
2-s2.0-85188739469,2023,2023 Dec,The origins and development of Article 16 of the Charter of fundamental rights,,European Law Open,,Article,Hogan H.,"European University Institute, San Domenico di Fiesole, San Domenico di Fiesole, Italy",10.1017/elo.2023.53,2-s2.0-85188739469,3,Q2,Q2
2-s2.0-85160911146,2023,2023 Dec,The Prevention Cycle: State Investments in Preventing System Risks over Time,,European Journal of Risk Regulation,,Article,Heerma Van Voss B.,"Radboud Universiteit, Nijmegen, Netherlands",10.1017/err.2023.12,2-s2.0-85160911146,1,Q1,Q1
2-s2.0-85170834832,2023,2023 Dec,'A Plea of Humanity to Law': In Memoriam for Benjamin Berell Ferencz (1920-2023),,Leiden Journal of International Law,,Editorial,Powderly J.,"Universiteit Leiden, Leiden, Netherlands",10.1017/S092215652300047X,2-s2.0-85170834832,2,Q1,Q1
2-s2.0-85172797881,2023,2023 Dec,The Glyphosate Saga in Luxembourg: The Annulment by the Judiciary of the Legislative Ban of Glyphosate-Based Products - A Breach of European Union Law?,,European Journal of Risk Regulation,,Article,Donati A.,"Court of Justice of the European Union, Luxembourg, Luxembourg",10.1017/err.2023.63,2-s2.0-85172797881,0,Q1,Q1
2-s2.0-85170435274,2023,2023 Dec,How to Open Representative Democracy to the Future?,,European Journal of Risk Regulation,,Article,Revel M.,"John F. Kennedy School of Government, Cambridge, United States",10.1017/err.2023.56,2-s2.0-85170435274,0,Q1,Q1
2-s2.0-85178215693,2023,2023 Dec,The 2022 Russian intervention in Ukraine: What is its impact on the interpretation of jus contra bellum?,,Leiden Journal of International Law,,Article,Corten O.,"Université Libre de Bruxelles, Brussels, Belgium",10.1017/S0922156523000249,2-s2.0-85178215693,9,Q1,Q1
2-s2.0-85185949882,2023,2023 Dec,The European Central Bank and the European Macroeconomic Constitution,,European Constitutional Law Review,,Review,Iversen A.,"Høgskolen i Innlandet, Elverum, Norway",10.1017/S1574019623000317,2-s2.0-85185949882,0,Q1,Q1
2-s2.0-85183433458,2023,2023 Dec,The Critical Case File Approach: A Novel Tool for Critically Analyzing Mixed-Method Data as Exemplified in a Juvenile Legal Setting,,Psychology Public Policy and Law,,Article,Berezin M.N.,"University of Maryland, College Park, College Park, United States",10.1037/law0000413,2-s2.0-85183433458,1,Q1,Q1
2-s2.0-85174209151,2023,2023 Dec,One Step Closer to Zero Chemical Pollution: The Legal Adoption and Implications of the Per- and Polyfluoroalkyl Substances Restriction Proposal,,European Journal of Risk Regulation,,Article,Obolevich V.,"Aarhus Universitet, Aarhus, Denmark",10.1017/err.2023.64,2-s2.0-85174209151,4,Q1,Q1
2-s2.0-85181460777,2023,2023 Dec,"Incapacitous patients, assisted reproductive technology, and the importance of informed consent",,Legal Studies,,Article,Cherkassky L.,"University of Exeter, Exeter, United Kingdom",10.1017/lst.2023.10,2-s2.0-85181460777,1,Q2,Q2
2-s2.0-85181511248,2023,2023 Dec,"Policing, citizenship and the civil courts: how increased settlement of civil claims has impacted police accountability",,Legal Studies,,Article,Torrible C.,"University of Bristol, Bristol, United Kingdom",10.1017/lst.2022.55,2-s2.0-85181511248,2,Q2,Q2
2-s2.0-85188281657,2023,2023 Dec,How the FIFA World Cup 2022 Changed Qatar: Playing the Game of Transnational Law on a Global Pitch,,German Law Journal,,Editorial,Duval A.,"T.M.C. Asser Instituut, The Hague, Netherlands",10.1017/glj.2023.123,2-s2.0-85188281657,0,Q1,Q1
2-s2.0-85188356359,2023,2023 Dec,Resistance and Reform as Responses to Human Rights Criticism: Relativism at FIFA World Cup Qatar 2022,,German Law Journal,,Article,Jain S.,"University of Cambridge, Cambridge, United Kingdom",10.1017/glj.2023.119,2-s2.0-85188356359,13,Q1,Q1
2-s2.0-85188296684,2023,2023 Dec,Forecasting Human Rights Legacies: On Practices and Principles,,German Law Journal,,Article,Spalding A.B.,"University of Richmond, Richmond, United States",10.1017/glj.2023.120,2-s2.0-85188296684,1,Q1,Q1
2-s2.0-85188314977,2023,2023 Dec,Labor Rights and Dispute System Design: Assessing the Legal Legacy of the 2022 Qatar World Cup,,German Law Journal,,Article,Calo Z.R.,"The University of Notre Dame Australia, Fremantle, Australia",10.1017/glj.2023.122,2-s2.0-85188314977,3,Q1,Q1
2-s2.0-85188349096,2023,2023 Dec,Spectacular International Labor Law: Ambush Counter-Marketing In the Spotlight of Qatar's 2022 FIFA World Cup,,German Law Journal,,Article,Duval A.,"T.M.C. Asser Instituut, The Hague, Netherlands",10.1017/glj.2024.3,2-s2.0-85188349096,3,Q1,Q1
2-s2.0-85188274518,2023,2023 Dec,“Games-Time Human Rights Due Diligence”: A Case Study of FIFA's Human Rights Volunteers Program at the FIFA World Cup Qatar 2022,,German Law Journal,,Article,Heerdt D.,"T.M.C. Asser Instituut, The Hague, Netherlands",10.1017/glj.2023.121,2-s2.0-85188274518,0,Q1,Q1
2-s2.0-85188304405,2023,2023 Dec,What Shaming Reveals: Examining Qatar's Response to Being Shamed as the Host of the 2022 FIFA Men's World Cup,,German Law Journal,,Article,Lewis C.E.,"Universiteit van Amsterdam, Amsterdam, Netherlands",10.1017/glj.2023.124,2-s2.0-85188304405,2,Q1,Q1
2-s2.0-85180682832,2023,2023 Dec,IAFLL 2023 conference report,,International Journal of Speech Language and the Law,,Note,Lin J.,"Guangdong University of Foreign Studies, Guangzhou, China",10.1558/ijsll.26758,2-s2.0-85180682832,0,Q2,Q2
2-s2.0-85180714267,2023,2023 Dec,"‘She called me a name that I didn’t like’: Remorse, responsibility and rehabilitation in Winston Moseley’s parole hearings",,International Journal of Speech Language and the Law,,Article,Marko K.,"Universität Graz, Graz, Austria",10.1558/ijsll.24219,2-s2.0-85180714267,1,Q2,Q2
2-s2.0-85180743902,2023,2023 Dec,Cultivating change: agroecological perspectives on EU pesticide law,,European Law Open,,Article,Garcia-Caro D.,"Erasmus School of Law, Rotterdam, Netherlands",10.1017/elo.2023.46,2-s2.0-85180743902,1,Q2,Q2
2-s2.0-85180659673,2023,2023 Dec,Effects of the landline telephone filter and linguistic context on speaker-dependent variability in /s/,,International Journal of Speech Language and the Law,,Article,Smorenburg L.,"Universiteit Leiden, Leiden, Netherlands",10.1558/ijsll.25337,2-s2.0-85180659673,0,Q2,Q2
2-s2.0-85180672949,2023,2023 Dec,Using appraisal theory and the texts of Michelle Carter to assist in developing a means of analysing evidence in encouraged suicide cases,,International Journal of Speech Language and the Law,,Article,Calloway L.R.,"Aston University, Birmingham, United Kingdom",10.1558/ijsll.21783,2-s2.0-85180672949,0,Q2,Q2
2-s2.0-85180648486,2023,2023 Dec,Deceptive indicators: Using Indicator Waves to measure deception,,International Journal of Speech Language and the Law,,Article,Ligovich M.,"University of Nottingham, Nottingham, United Kingdom",10.1558/ijsll.25642,2-s2.0-85180648486,1,Q2,Q2
2-s2.0-85180732714,2023,2023 Dec,Towards a screening test for earwitnesses:: Investigating the individual voice recognition skills of lay listeners,,International Journal of Speech Language and the Law,,Article,Schäfer S.,"University of York, York, United Kingdom",10.1558/ijsll.25638,2-s2.0-85180732714,1,Q2,Q2
2-s2.0-85160782639,2023,2023 Dec,Regulation by Design and the Governance of Technological Futures,,European Journal of Risk Regulation,,Article,Almada M.,"European University Institute, San Domenico di Fiesole, San Domenico di Fiesole, Italy",10.1017/err.2023.37,2-s2.0-85160782639,21,Q1,Q1
2-s2.0-85154044761,2023,2023 Dec,Mitigation of Long-Term Risks and the Role of Insurance: A Behavioural Law and Economics Perspective,,European Journal of Risk Regulation,,Article,He Q.,"Universiteit Maastricht, Maastricht, Netherlands",10.1017/err.2023.13,2-s2.0-85154044761,3,Q1,Q1
2-s2.0-85181509021,2023,2023 Dec,Legal dispositionism and artificially-intelligent attributions,,Legal Studies,,Article,Soh J.,"Singapore Management University, Singapore City, Singapore",10.1017/lst.2022.52,2-s2.0-85181509021,8,Q2,Q2
2-s2.0-85180298379,2023,2023 Dec,Regulating Parties by Constitutional Rules in Liberal Democracies,,German Law Journal,,Article,Botelho C.S.,"George Mason University, Fairfax, United States",10.1017/glj.2023.117,2-s2.0-85180298379,5,Q1,Q1
2-s2.0-85183421799,2023,2023 Dec,Crossing the Line: A Comprehensive Analysis of Jurisdictional Variations in SORNA Statutes,,Psychology Public Policy and Law,,Article,Link T.C.,"Kennesaw State University, Kennesaw, United States",10.1037/law0000409,2-s2.0-85183421799,0,Q1,Q1
2-s2.0-85179649736,2023,2023 Dec,"Providing the Gist of Medical Expertise in the Context of Laws, Rules, and Guidelines: Fuzzy-Trace Theory's Alternative Approach to Improve Patient Communication",,Journal of Law Medicine and Ethics,,Article,Edelson S.M.,"Cornell University, Ithaca, United States",10.1017/jme.2023.106,2-s2.0-85179649736,1,Q1,Q1
2-s2.0-85187306527,2023,2023 Dec,What the European Court of Justice is for - Making Sense of the ECJ's Procedural and Organisational Law,,European Constitutional Law Review,,Review,Dermine P.,"Université Libre de Bruxelles, Brussels, Belgium",10.1017/S1574019623000305,2-s2.0-85187306527,2,Q1,Q1
2-s2.0-85185265615,2023,2023 Dec,Resisting Surrender on Grounds of Health: Moving beyond the Systemic Deficiencies Requirement in the Area of the European Arrest Warrant?,,European Constitutional Law Review,,Article,Anagnostaras G.,"Athens University of Economics and Business, Athens, Greece",10.1017/S1574019623000275,2-s2.0-85185265615,2,Q1,Q1
2-s2.0-85185311777,2023,2023 Dec,"Constitutional Identity, Legal Autonomy, and Sovereignty",,European Constitutional Law Review,,Article,Doyle O.,"Trinity College Dublin, Dublin, Ireland",10.1017/S1574019623000299,2-s2.0-85185311777,3,Q1,Q1
2-s2.0-85179646092,2023,2023 Dec,Letters to the Editor,,Journal of Law Medicine and Ethics,,Letter,Gorin M.,"Colorado State University, Fort Collins, United States",10.1017/jme.2023.144,2-s2.0-85179646092,0,Q1,Q1
2-s2.0-85179646158,2023,2023 Dec,Letter From The Editor,,Journal of Law Medicine and Ethics,,Letter,Hutchinson T.,,10.1017/jme.2023.143,2-s2.0-85179646158,0,Q1,Q1
2-s2.0-85179646349,2023,2023 Dec,Harvey and Gurvir's Law: The Need for Accurate Information Balanced Against Avoiding Unnecessary Restrictions on Autonomous Decision Making,,Journal of Law Medicine and Ethics,,Review,King L.P.,"Harvard Medical School, Boston, United States",10.1017/jme.2023.131,2-s2.0-85179646349,0,Q1,Q1
2-s2.0-85178001937,2023,2023 Dec,Legal research and the public good: The current landscape,,Legal Studies,,Article,Conaghan J.,"University of Bristol, Bristol, United Kingdom",10.1017/lst.2023.37,2-s2.0-85178001937,4,Q2,Q2
2-s2.0-85179647121,2023,2023 Dec,From Constitutional Protections to Medical Ethics: The Future of Pregnant Patients' Medical Self-Determination Rights after Dobbs,,Journal of Law Medicine and Ethics,,Article,Sawicki N.N.,"Drexel University, Philadelphia, United States",10.1017/jme.2023.125,2-s2.0-85179647121,1,Q1,Q1
2-s2.0-85179817564,2023,2023 Dec,E Pluribus Unum - A dangerous concept for the world since not always those who are not like us are against us,,European Law Open,,Article,Müllerson R.,"Tallinn University, Tallinn, Estonia",10.1017/elo.2023.48,2-s2.0-85179817564,2,Q2,Q2
2-s2.0-85179640658,2023,2023 Dec,"Ethics and Medical Aid in Dying: Physicians' Perspectives on Disclosure, Presence, and Eligibility",,Journal of Law Medicine and Ethics,,Article,Decamp M.,"Weill Cornell Medicine, New York, United States",10.1017/jme.2023.100,2-s2.0-85179640658,3,Q1,Q1
2-s2.0-85179640345,2023,2023 Dec,Amgen v. Sanofi: The U.S. Supreme Court Reviews Patent Enablement,,Journal of Law Medicine and Ethics,,Article,Curfman G.,"Yale University, New Haven, United States",10.1017/jme.2023.102,2-s2.0-85179640345,0,Q1,Q1
2-s2.0-85179649466,2023,2023 Dec,Supreme Court Impacts in Public Health Law: 2022-2023,,Journal of Law Medicine and Ethics,,Article,Hodge J.G.,"The University of Arizona, Tucson, United States",10.1017/jme.2023.105,2-s2.0-85179649466,0,Q1,Q1
2-s2.0-85179648697,2023,2023 Dec,Where Does Life Begin? Discerning the Impact of Dobbs on Assisted Reproductive Technologies,,Journal of Law Medicine and Ethics,,Article,Daar J.,"Northern Kentucky University, Highland Heights, United States",10.1017/jme.2023.133,2-s2.0-85179648697,3,Q1,Q1
2-s2.0-85179641031,2023,2023 Dec,What Would Justice Blackmun Say? A Response to Dobbs,,Journal of Law Medicine and Ethics,,Article,Rao R.,"University of California, San Francisco, San Francisco, United States",10.1017/jme.2023.94,2-s2.0-85179641031,1,Q1,Q1
2-s2.0-85179646770,2023,2023 Dec,Health Inequities among People Who Use Drugs in a Post-Dobbs America: The Case for a Syndemic Analysis,,Journal of Law Medicine and Ethics,,Article,Carroll J.J.,"NC State University, Raleigh, United States",10.1017/jme.2023.96,2-s2.0-85179646770,4,Q1,Q1
2-s2.0-85179648584,2023,2023 Dec,The Reproductive Injustices of Abortion Bans for Disability,,Journal of Law Medicine and Ethics,,Article,Francis L.,"The University of Utah, Salt Lake City, United States",10.1017/jme.2023.127,2-s2.0-85179648584,5,Q1,Q1
2-s2.0-85179642643,2023,2023 Dec,(Re)criminalizing Abortion: Returning to the Political with Stories,,Journal of Law Medicine and Ethics,,Article,Annas G.J.,"Boston University, Boston, United States",10.1017/jme.2023.132,2-s2.0-85179642643,0,Q1,Q1
2-s2.0-85179642976,2023,2023 Dec,Reproductive Justice beyond Borders: Global Feminist Solidarity in the Post-Roe Era,,Journal of Law Medicine and Ethics,,Article,Arguedas-Ramírez G.,"Carnegie Mellon University, Pittsburgh, United States",10.1017/jme.2023.101,2-s2.0-85179642976,10,Q1,Q1
2-s2.0-85179647824,2023,2023 Dec,The Impact of Dobbs on US Graduate Medical Education,,Journal of Law Medicine and Ethics,,Article,Pasha A.S.,"Mayo Clinic, Rochester, United States",10.1017/jme.2023.89,2-s2.0-85179647824,5,Q1,Q1
2-s2.0-85179640427,2023,2023 Dec,Legally Recognizing Reproductive Coercion while Questioning Sexual Violence Exceptionalism,,Journal of Law Medicine and Ethics,,Article,Stoever J.,"University of California, Irvine, Irvine, United States",10.1017/jme.2023.104,2-s2.0-85179640427,2,Q1,Q1
2-s2.0-85179641727,2023,2023 Dec,"Harvey and Gurvir's Law: Ontario Bill for Quality Prenatal Information about Down Syndrome: Terminology, Feasibility, and Ethical Issues",,Journal of Law Medicine and Ethics,,Article,Lemoine M.E.,"University of Montreal, Montreal, Canada",10.1017/jme.2023.110,2-s2.0-85179641727,1,Q1,Q1
2-s2.0-85179649445,2023,2023 Dec,A Raw Blessing - Caregivers' Experiences Providing Care to Persons Living with Dementia in the COVID-19 Pandemic,,Journal of Law Medicine and Ethics,,Article,Largent E.A.,"University of Pennsylvania, Philadelphia, United States",10.1017/jme.2023.99,2-s2.0-85179649445,1,Q1,Q1
2-s2.0-85179639111,2023,2023 Dec,Protecting Abortion with State Health Care Freedom of Choice,,Journal of Law Medicine and Ethics,,Article,Thomas T.,"The University of Akron, Akron, United States",10.1017/jme.2023.93,2-s2.0-85179639111,0,Q1,Q1
2-s2.0-85179641077,2023,2023 Dec,Teaching Health Law,,Journal of Law Medicine and Ethics,,Article,Clark B.,"Loyola Marymount University, Los Angeles, United States",10.1017/jme.2023.129,2-s2.0-85179641077,2,Q1,Q1
2-s2.0-85179638939,2023,2023 Dec,Reproductive Genetic Medicine in a Post-Dobbs World: Will it Make Life Harder for People with Genetic Disease?,,Journal of Law Medicine and Ethics,,Article,Suter S.M.,"The George Washington University, Washington, D.C., United States",10.1017/jme.2023.128,2-s2.0-85179638939,1,Q1,Q1
2-s2.0-85179638864,2023,2023 Dec,"Dobbs v. Jackson Women's Health: Undermining Public Health, Facilitating Reproductive Coercion",,Journal of Law Medicine and Ethics,,Article,Ahmed A.,"Massachusetts Institute of Technology, Cambridge, United States",10.1017/jme.2023.137,2-s2.0-85179638864,2,Q1,Q1
2-s2.0-85179638258,2023,2023 Dec,The Impact of Dobbs on Health Care beyond Wanted Abortion Care,,Journal of Law Medicine and Ethics,,Article,Manian M.,"American University, Washington, D.C., United States",10.1017/jme.2023.108,2-s2.0-85179638258,12,Q1,Q1
2-s2.0-85179642245,2023,2023 Dec,Global Health Law and the Climate Crisis: An Unfulfilled Opportunity,,Journal of Law Medicine and Ethics,,Article,Gable L.,"Wayne State University, Detroit, United States",10.1017/jme.2023.124,2-s2.0-85179642245,0,Q1,Q1
2-s2.0-85179642914,2023,2023 Dec,Abortion Rights and the Child Welfare System: How Dobbs Exacerbates Existing Racial Inequities and Further Traumatizes Black Families,,Journal of Law Medicine and Ethics,,Article,Tobin-Tyler E.,"Brown University, Providence, United States",10.1017/jme.2023.111,2-s2.0-85179642914,4,Q1,Q1
2-s2.0-85179641764,2023,2023 Dec,A Vigorous Campaign against Abortion: Views of American Leaders of Eugenics v. Supreme Court Distortions,,Journal of Law Medicine and Ethics,,Article,Lombardo P.A.,"Georgia State University, Atlanta, United States",10.1017/jme.2023.90,2-s2.0-85179641764,1,Q1,Q1
2-s2.0-85179640916,2023,2023 Dec,Mifepristone Paternalism at the FDA,,Journal of Law Medicine and Ethics,,Article,Paradise J.,"Loyola University Chicago, Chicago, United States",10.1017/jme.2023.98,2-s2.0-85179640916,0,Q1,Q1
2-s2.0-85179644966,2023,2023 Dec,Understanding Shield Laws,,Journal of Law Medicine and Ethics,,Article,Cohen D.S.,"University of Pittsburgh, Pittsburgh, United States",10.1017/jme.2023.103,2-s2.0-85179644966,4,Q1,Q1
2-s2.0-85179642229,2023,2023 Dec,Continuous Reproductive Surveillance,,Journal of Law Medicine and Ethics,,Article,Ulrich M.R.,"Boston University, Boston, United States",10.1017/jme.2023.107,2-s2.0-85179642229,1,Q1,Q1
2-s2.0-85179649000,2023,2023 Dec,Ethical and Legal Obligations for Research Involving Pregnant Persons in a Post-Dobbs Context,,Journal of Law Medicine and Ethics,,Article,Weinmeyer R.M.,"Northwestern University, Evanston, United States",10.1017/jme.2023.95,2-s2.0-85179649000,1,Q1,Q1
2-s2.0-85179646524,2023,2023 Dec,Prosecutorial Discretion for Self-Managed Abortion Helpers,,Journal of Law Medicine and Ethics,,Article,Skuster P.,"Temple University, Philadelphia, United States",10.1017/jme.2023.115,2-s2.0-85179646524,0,Q1,Q1
2-s2.0-85179649495,2023,2023 Dec,Challenges for the Pro-Life Movement in a Post-Roe Era,,Journal of Law Medicine and Ethics,,Article,Kaveny C.,"Boston College, Chestnut Hill, United States",10.1017/jme.2023.116,2-s2.0-85179649495,0,Q1,Q1
2-s2.0-85179649438,2023,2023 Dec,Beyond Roe: Implications for End-of-Life Decision-Making during Pregnancy,,Journal of Law Medicine and Ethics,,Article,Krause J.H.,"The University of North Carolina at Chapel Hill, Chapel Hill, United States",10.1017/jme.2023.130,2-s2.0-85179649438,2,Q1,Q1
2-s2.0-85179643026,2023,2023 Dec,The Current State of U.S. Regulation of Electronic Monitoring to Combat Elder Abuse and Its Future,,Journal of Law Medicine and Ethics,,Article,Hoffman L.C.,"Cleveland State University, Cleveland, United States",10.1017/jme.2023.113,2-s2.0-85179643026,0,Q1,Q1
2-s2.0-85179648863,2023,2023 Dec,Stopping Criminalization at the Bedside,,Journal of Law Medicine and Ethics,,Article,Bach W.A.,"The University of Tennessee, Knoxville, Knoxville, United States",10.1017/jme.2023.91,2-s2.0-85179648863,6,Q1,Q1
2-s2.0-85179648975,2023,2023 Dec,Anti-Abortion Exceptionalism after Dobbs,,Journal of Law Medicine and Ethics,,Article,Sepper E.,"The University of Texas at Austin, Austin, United States",10.1017/jme.2023.97,2-s2.0-85179648975,3,Q1,Q1
2-s2.0-85179644831,2023,2023 Dec,"The ELSI Virtual Forum, 30 Years of the Genome: Integrating and Applying ELSI Research",,Journal of Law Medicine and Ethics,,Article,Moore C.B.,"Stanford University, Stanford, United States",10.1017/jme.2023.109,2-s2.0-85179644831,0,Q1,Q1
2-s2.0-85179644495,2023,2023 Dec,Leveraging the Tools Available: Using the Hyde Amendment to Preserve Minimum Abortion Access and Mitigate Harms in Restrictive States,,Journal of Law Medicine and Ethics,,Article,Carrión F.,"The University of Chicago, Chicago, United States",10.1017/jme.2023.92,2-s2.0-85179644495,0,Q1,Q1
2-s2.0-85179643886,2023,2023 Dec,The Scholarly and Pedagogical Benefits of the Legal Laboratory: Lessons from the Consortium for the Advanced Study of Brain Injury at Yale Law School,,Journal of Law Medicine and Ethics,,Article,Shapiro Z.E.,"Cornell University, Ithaca, United States",10.1017/jme.2023.126,2-s2.0-85179643886,1,Q1,Q1
2-s2.0-85180294719,2023,2023 Dec,"New Dynamics of the ""Post-COVID-19 Era"": A Legal Conundrum",,German Law Journal,,Article,Vedaschi A.,"Università Bocconi, Milan, Italy",10.1017/glj.2023.116,2-s2.0-85180294719,3,Q1,Q1
2-s2.0-85182557399,2023,2023 Dec,Neglecting Others and Making It Up to Them: The Idea of a Corrective Duty,,Legal Theory,,Article,Fornaroli G.,"Uniwersytet Jagielloński, Krakow, Poland",10.1017/S1352325223000198,2-s2.0-85182557399,4,Q1,Q1
2-s2.0-85180428187,2023,2023 Dec,Strategic Foresight and Policy Evaluation: Insights for an Integrated Approach,,European Journal of Risk Regulation,,Article,De Vito L.,"University of the West of England, Bristol, United Kingdom",10.1017/err.2023.77,2-s2.0-85180428187,13,Q1,Q1
2-s2.0-85162194015,2023,2023 Dec,A coherence framework for fact-finding before the International Court of Justice,,Leiden Journal of International Law,,Article,Devaney J.G.,"College of Social Sciences, Glasgow, United Kingdom",10.1017/S0922156523000286,2-s2.0-85162194015,7,Q1,Q1
2-s2.0-85187493284,2023,2023 Dec,Introduction to the Special Section 'Memory Laws and the Rule of Law',,European Constitutional Law Review,,Article,Wójcik A.,"Universität zu Köln, Koln, Germany",10.1017/S1574019624000014,2-s2.0-85187493284,1,Q1,Q1
2-s2.0-85187493670,2023,2023 Dec,The Politicisation of Constitutional Review of Memory Laws,,European Constitutional Law Review,,Article,Rhein-Fischer P.,"Universität zu Köln, Koln, Germany",10.1017/S1574019623000287,2-s2.0-85187493670,1,Q1,Q1
2-s2.0-85187533758,2023,2023 Dec,Protecting the Good Name of the Nation as Memory Law,,European Constitutional Law Review,,Article,Baranowska G.,"Polish Academy of Sciences, Warsaw, Poland",10.1017/S1574019623000214,2-s2.0-85187533758,2,Q1,Q1
2-s2.0-85187492786,2023,2023 Dec,"Strategic Lawsuits against Public Participation (SLAPPs), the Governance of Historical Memory in the Rule of Law Crisis, and the EU Anti-SLAPP Directive",,European Constitutional Law Review,,Article,Bodnar A.,"Polish Academy of Sciences, Warsaw, Poland",10.1017/S1574019624000063,2-s2.0-85187492786,6,Q1,Q1
2-s2.0-85187522439,2023,2023 Dec,Rule of Law Backsliding and Memory Politics in Hungary,,European Constitutional Law Review,,Article,Halmai G.,"European University Institute, San Domenico di Fiesole, San Domenico di Fiesole, Italy",10.1017/S157401962300024X,2-s2.0-85187522439,4,Q1,Q1
2-s2.0-85160073012,2023,2023 Dec,The global distribution of COVID-19 vaccines by the public-private partnership COVAX from a public-law perspective,,Leiden Journal of International Law,,Article,Von Achenbach J.,"Justus-Liebig-Universität Gießen, Giessen, Germany",10.1017/S0922156523000183,2-s2.0-85160073012,9,Q1,Q1
2-s2.0-85171760979,2023,2023 Dec,In someone else's words: Judicial borrowing and the semantic authority of the African Court of Human and Peoples' Rights,,Leiden Journal of International Law,,Article,Christensen M.L.,"Udenrigsministeriet, Copenhagen, Denmark",10.1017/S0922156523000365,2-s2.0-85171760979,2,Q1,Q1
2-s2.0-85183377365,2023,2023 Dec,Getting Traction on Positive Youth Justice: Prosocial Identity as a Promising Target for Intervention,,Psychology Public Policy and Law,,Article,Jian L.,"University of California, Los Angeles, Los Angeles, United States",10.1037/law0000410,2-s2.0-85183377365,2,Q1,Q1
2-s2.0-85162081135,2023,2023 Dec,Intergenerational Justice as a Lever to Impact Climate Policies: Lessons from the Complainants' Perspective on Germany's 2021 Climate Constitutional Ruling,,European Journal of Risk Regulation,,Article,Steinkamp T.,"Universiteit Leiden, Leiden, Netherlands",10.1017/err.2023.38,2-s2.0-85162081135,9,Q1,Q1
2-s2.0-85162174764,2023,2023 Dec,Beyond rhetoric: Interrogating the Eurocentric critique of international criminal law's selectivity in the wake of the 2022 Ukraine invasion,,Leiden Journal of International Law,,Article,Labuda P.I.,"Universität Zürich, Zurich, Switzerland",10.1017/S0922156523000237,2-s2.0-85162174764,18,Q1,Q1
2-s2.0-85175482259,2023,2023 Dec,Delegated legislation in the pandemic: Further limits of a constitutional bargain revealed,,Legal Studies,,Article,Lock D.,"University of Oxford, Oxford, United Kingdom",10.1017/lst.2023.25,2-s2.0-85175482259,1,Q2,Q2
2-s2.0-85160090848,2023,2023 Dec,The settlement of tax disputes by the International Court of Justice,,Leiden Journal of International Law,,Article,Braumann C.,"University of Ottawa, Ottawa, Canada",10.1017/S0922156523000158,2-s2.0-85160090848,6,Q1,Q1
2-s2.0-85179460121,2023,2023 Dec,"Media, Cultural Techniques, and the Law: The Other Cornelia Vismann",,German Law Journal,,Article,Minkkinen P.,"Helsingin Yliopisto, Helsinki, Finland",10.1017/glj.2023.115,2-s2.0-85179460121,2,Q1,Q1
2-s2.0-85167432466,2023,2023 Dec,Existential Terrorism: Can Terrorists Destroy Humanity?,,European Journal of Risk Regulation,,Article,Kallenborn Z.,"University of Maryland, College Park, College Park, United States",10.1017/err.2023.48,2-s2.0-85167432466,2,Q1,Q1
2-s2.0-85168096840,2023,2023 Dec,Conceptualizing legal change as 'norm-knitting' through the example of the environmental human right,,Leiden Journal of International Law,,Article,Endres D.,"Université de Genève, Geneva, Switzerland",10.1017/S0922156523000353,2-s2.0-85168096840,2,Q1,Q1
2-s2.0-85160085640,2023,2023 Dec,Might contain traces of Lotus: The limits of exclusive flag state jurisdiction in the Norstar and the Enrica Lexie cases,,Leiden Journal of International Law,,Article,Csernus M.,"Universiteit van Amsterdam, Amsterdam, Netherlands",10.1017/S0922156523000195,2-s2.0-85160085640,5,Q1,Q1
2-s2.0-85170835273,2023,2023 Dec,Preserving Consumer Autonomy through European Union Regulation of Artificial Intelligence: A Long-Term Approach,,European Journal of Risk Regulation,,Article,Fassiaux S.,"Universitat Pompeu Fabra Barcelona, Barcelona, Spain",10.1017/err.2023.58,2-s2.0-85170835273,12,Q1,Q1
2-s2.0-85169013571,2023,2023 Dec,For Young and Future Generations? Insights from the Web Profiles of European Climate Pact Ambassadors,,European Journal of Risk Regulation,,Article,Tosun J.,"Universität Heidelberg, Heidelberg, Germany",10.1017/err.2023.53,2-s2.0-85169013571,4,Q1,Q1
2-s2.0-85181500130,2023,2023 Dec,Comparative law outside the ivory tower: an interdisciplinary perspective,,Legal Studies,,Article,Wilson P.E.,"Queen's University Belfast, Belfast, United Kingdom",10.1017/lst.2023.6,2-s2.0-85181500130,2,Q2,Q2
2-s2.0-85182418320,2023,2023 Dec,Political Institutions and Long-Term Policymaking: How Parliamentary Future Committees Can Make a Difference,,European Journal of Risk Regulation,,Article,Koskimaa V.,"Tampere University, Tampere, Finland",10.1017/err.2023.85,2-s2.0-85182418320,6,Q1,Q1
2-s2.0-85182423154,2023,2023 Dec,Protecting Future People’s Future: How to Operationalise Present People’s Unfulfilled Promises to Future Generations,,European Journal of Risk Regulation,,Article,Alemanno A.,"École des hautes études commerciales de Paris, Jouy-en-Josas, France",10.1017/err.2023.86,2-s2.0-85182423154,7,Q1,Q1
2-s2.0-85181495754,2023,2023 Dec,Security interests and knowing receipt,,Legal Studies,,Article,Glister J.,"The University of Sydney, Sydney, Australia",10.1017/lst.2023.1,2-s2.0-85181495754,1,Q2,Q2
2-s2.0-85189681043,2023,2023 Dec,Abortion Access for Women in Custody in the Wake of Dobbs v. Jackson Women’s Health,,American Journal of Law and Medicine,,Article,Herr A.,"Boston University, Boston, United States",10.1017/amj.2024.4,2-s2.0-85189681043,0,Q2,Q2
2-s2.0-85189702664,2023,2023 Dec,Who Is a Health Care Provider?: Statutory Interpretation as a Middle-Ground Approach to Medical Malpractice Damage Caps,,American Journal of Law and Medicine,,Article,Margolis I.,"Boston University, Boston, United States",10.1017/amj.2024.5,2-s2.0-85189702664,0,Q2,Q2
2-s2.0-85189669066,2023,2023 Dec,The Need for Transparency in Medicaid Managed Care: Section 1115 Waiver Requirements as a Blueprint,,American Journal of Law and Medicine,,Article,Doherty N.,"Boston University, Boston, United States",10.1017/amj.2024.3,2-s2.0-85189669066,0,Q2,Q2
2-s2.0-85168092769,2023,2023 Dec,Methodology of identifying customary international law applicable to cyber activities,,Leiden Journal of International Law,,Article,Pomson O.,"Faculty of Law, Cambridge, United Kingdom",10.1017/S0922156523000390,2-s2.0-85168092769,5,Q1,Q1
2-s2.0-85189686649,2023,2023 Dec,How The “Great Resignation” and COVID Unemployment Have Eroded the Employer Sponsored Insurance Model and Access to Healthcare,,American Journal of Law and Medicine,,Article,Weismann M.F.,"Florida International University College of Business, Miami, United States",10.1017/amj.2024.1,2-s2.0-85189686649,2,Q2,Q2
2-s2.0-85189662104,2023,2023 Dec,Speech and Suicide—The Line of Legality,,American Journal of Law and Medicine,,Article,Newman J.L.,"Southern Illinois University Carbondale, Carbondale, United States",10.1017/amj.2024.2,2-s2.0-85189662104,1,Q2,Q2
2-s2.0-85189682006,2023,2023 Dec,"Read It Three Times, Then Read It Again: How Nursing Homes Use “Responsible Party” Clauses in Admission Agreements to Charge Relatives for Their Loved Ones’ Care",,American Journal of Law and Medicine,,Article,Perez Benavides J.J.,"Boston University, Boston, United States",10.1017/amj.2024.6,2-s2.0-85189682006,0,Q2,Q2
2-s2.0-85183953506,2023,2023 Dec,Servitised property and personality: theorising servitisation through the personality theory of property,,European Law Open,,Article,Ouyang J.,"Rijksuniversiteit Groningen, Groningen, Netherlands",10.1017/elo.2023.54,2-s2.0-85183953506,0,Q2,Q2
2-s2.0-85179495987,2023,2023 Dec,Legal regulation of generative AI: A multidimensional construction,,International Journal of Legal Discourse,,Article,Li J.,"Zhejiang Gongshang University, Hangzhou, China",10.1515/ijld-2023-2017,2-s2.0-85179495987,13,Q2,Q2
2-s2.0-85182782988,2023,2023 Dec,CHANGING ALL THE TIME: AI’S IMPACT ON HUMANITY’S ROLE IN COMMON LAW DEVELOPMENT AND INTERPRETATION,,Boston University Law Review,,Article,Norum S.B.,,,2-s2.0-85182782988,1,Q1,Q1
2-s2.0-85181916868,2023,2023 Dec,Challenges to Fundamental Human Rights in the age of Artificial Intelligence Systems: shaping the digital legal order while upholding Rule of Law principles and European values,,Era Forum,,Article,Shaelou S.L.,"Uppsala Universitet, Uppsala, Sweden",10.1007/s12027-023-00777-2,2-s2.0-85181916868,11,Q1,Q1
2-s2.0-85186357223,2023,2023 Dec,"Battle between ‘Long’ and ‘Short’ Videos: Fragmented Uses, Diversified Purposes, and the Evolution of China’s Copyright Limitation Rules in the AI Era",,Chinese Journal of Comparative Law,,Article,Xie Q.,"Wuhan University, Wuhan, China",10.1093/cjcl/cxae001,2-s2.0-85186357223,1,Q2,Q2
2-s2.0-85186461171,2023,2023 Dec,Evolving AI-based Automation—The Continuing Relevance of Good Administration,,European Law Review,,Article,Galetta D.U.,"Università degli Studi di Milano, Milan, Italy",,2-s2.0-85186461171,11,Q2,Q2
2-s2.0-85185251344,2023,2023 Dec,Legal and ethical rules of plagiarism,,Juridical Tribune,,Article,Lazíková J.,"Slovak University of Agriculture in Nitra, Nitra, Slovakia",10.24818/TBJ/2023/13/4.08,2-s2.0-85185251344,3,Q2,Q2
2-s2.0-85198853040,2023,2023 Dec,Artificial Intelligence in corporate governance: a few inquiries on the (non-)compliance of directors' duties from a Portuguese law perspective,,Uniform Law Review,,Article,de Lima I.S.,"University College London, London, United Kingdom",10.1093/ulr/unae010,2-s2.0-85198853040,0,Q2,Q2
2-s2.0-85131297108,2023,2023 Dec,The Use of Facial Recognition Technology by Law Enforcement in Europe: a Non-Orwellian Draft Proposal,,European Journal on Criminal Policy and Research,,Article,Raposo V.L.,"Universidade de Coimbra, Coimbra, Portugal",10.1007/s10610-022-09512-y,2-s2.0-85131297108,23,Q1,Q1
2-s2.0-85169313082,2023,2023 Dec,Challenges and gaps in regulating medical laboratories in India,,Medical Law International,,Note,Gupta P.,"Health Systems Transformation Platform (HSTP), New Delhi, India",10.1177/09685332231194199,2-s2.0-85169313082,2,Q2,Q2
2-s2.0-85185118752,2023,2023 Dec,AI and politics: ensuring or threatening democracy?,,Juridical Tribune,,Article,Kouroupis K.,"Frederick University, Nicosia, Cyprus",10.24818/TBJ/2023/13/4.05,2-s2.0-85185118752,2,Q2,Q2
2-s2.0-85177433042,2023,2023 Dec,30th anniversary editorial: Reflecting on the past and paving the way for the future,,Medical Law International,,Editorial,Alghrani A.,"University of Liverpool, Liverpool, United Kingdom",10.1177/09685332231213229,2-s2.0-85177433042,0,Q2,Q2
2-s2.0-85183172051,2023,2023 Dec,"The player, the programmer and the AI: a copyright odyssey in gaming",,Journal of Intellectual Property Law and Practice,,Article,Farmaki D.,"Brunel Pathway College, United Kingdom",10.1093/jiplp/jpad095,2-s2.0-85183172051,0,Q2,Q2
2-s2.0-85180350394,2023,2023 Nov,REGULATING USE BY LAW ENFORCEMENT AUTHORITIES OF LIVE FACIAL RECOGNITION TECHNOLOGY IN PUBLIC SPACES: AN INCREMENTAL APPROACH,,Cambridge Law Journal,,Article,Gikay A.A.,"Brunel University London, Uxbridge, United Kingdom",10.1017/S0008197323000454,2-s2.0-85180350394,11,Q2,Q2
2-s2.0-85169978774,2023,2023 Nov,Fine-tuning GPT-3 for legal rule classification,,Computer Law and Security Review,,Article,Liga D.,"Swansea University, Swansea, United Kingdom",10.1016/j.clsr.2023.105864,2-s2.0-85169978774,56,Q1,Q1
2-s2.0-85178406736,2023,2023 Nov,Attribution problem of generative AI: a view from US copyright law,,Journal of Intellectual Property Law and Practice,,Article,Kahveci Z.Ü.,"Harvard Law School, Cambridge, United States",10.1093/jiplp/jpad076,2-s2.0-85178406736,17,Q2,Q2
2-s2.0-85169036466,2023,2023 Nov,Improving colloquial case legal judgment prediction via abstractive text summarization,,Computer Law and Security Review,,Article,Hong Y.X.,"National Central University, Taoyuan, Taiwan",10.1016/j.clsr.2023.105863,2-s2.0-85169036466,7,Q1,Q1
2-s2.0-85173237378,2023,2023 Nov,Originality and the future of copyright in an age of generative AI,,Computer Law and Security Review,,Article,Fenwick M.,"Kyushu University, Fukuoka, Japan",10.1016/j.clsr.2023.105892,2-s2.0-85173237378,46,Q1,Q1
2-s2.0-85172456358,2023,2023 Nov,Harnessing GPT-4 for generation of cybersecurity GRC policies: A focus on ransomware attack mitigation,,Computers and Security,,Article,McIntosh T.,"La Trobe University, Melbourne, Australia",10.1016/j.cose.2023.103424,2-s2.0-85172456358,54,Q1,Q1
2-s2.0-85174841674,2023,2023 Nov,Impact and revolution on law on road traffic safety by autonomous driving technology in China,,Computer Law and Security Review,,Article,Xu L.,"Central South University, Changsha, China",10.1016/j.clsr.2023.105906,2-s2.0-85174841674,14,Q1,Q1
2-s2.0-85174351146,2023,2023 Nov,A preliminary study on artificial intelligence oracles and smart contracts: A legal approach to the interaction of two novel technological breakthroughs,,Computer Law and Security Review,,Article,Papadouli V.,"Vrije Universiteit Brussel, Brussels, Belgium",10.1016/j.clsr.2023.105869,2-s2.0-85174351146,17,Q1,Q1
2-s2.0-85177497593,2023,2023 Nov,Redefining Patent Translation: The Influence of ChatGPT and the Urgency to Align Patent Language Regimes in Europe with Progress in Translation Technology,,Grur International,,Article,Larroyed A.,"Universiteit Maastricht, Maastricht, Netherlands",10.1093/grurint/ikad099,2-s2.0-85177497593,14,Q2,Q2
2-s2.0-85180247185,2023,2023 Nov,Fortify the Truth: How to Defend Human Rights in an Age of Deepfakes and Generative AI,,Journal of Human Rights Practice,,Review,Gregory S.,"University of Westminster, London, United Kingdom",10.1093/jhuman/huad035,2-s2.0-85180247185,17,Q1,Q1
2-s2.0-85187504982,2023,2023 Nov,"Crimes without Humanity? Artificial Intelligence, Meaningful Human Control, and International Criminal Law",,Journal of International Criminal Justice,,Article,Acquaviva G.,,10.1093/jicj/mqad024,2-s2.0-85187504982,9,Q1,Q1
2-s2.0-85183406403,2023,2023 Nov,Digital Replicas: Harm Caused by Actors’ Digital Twins and Hope Provided by the Right of Publicity,,Texas Law Review,,Article,Curren A.,"University of Texas School of Law, Columbia, United States",,2-s2.0-85183406403,4,Q2,Q2
2-s2.0-85170636566,2023,2023 Nov,The European AI liability directives – Critique of a half-hearted approach and lessons for the future,,Computer Law and Security Review,,Article,Hacker P.,"Europa-Universität Viadrina Frankfurt (Oder), Frankfurt/Oder, Germany",10.1016/j.clsr.2023.105871,2-s2.0-85170636566,92,Q1,Q1
2-s2.0-85178241812,2023,2023 Nov,Trademarks in the Age of Automated Commerce: Consumer Choice and Autonomy,,IIC International Review of Intellectual Property and Competition Law,,Article,Sevastianova V.N.,"Hanken - Svenska handelshögskolan, Helsinki, Finland",10.1007/s40319-023-01402-y,2-s2.0-85178241812,4,Q1,Q1
2-s2.0-85174727865,2023,2023 Nov,The European Commission's approach to extra-contractual liability and AI – An evaluation of the AI liability directive and the revised product liability directive,,Computer Law and Security Review,,Article,De Bruyne J.,"KU Leuven, Leuven, Belgium",10.1016/j.clsr.2023.105894,2-s2.0-85174727865,16,Q1,Q1
2-s2.0-85187500406,2023,2023 Nov,Who Acts When Autonomous Weapons Strike?,,Journal of International Criminal Justice,,Article,Gaeta P.,"Institut de hautes études internationales et du développement,Geneve, Geneva, Switzerland",10.1093/jicj/mqae001,2-s2.0-85187500406,7,Q1,Q1
2-s2.0-85168393502,2023,2023 Oct,How Technology Is (or Is Not) Transforming Law Firms,,Annual Review of Law and Social Science,,Review,Rodgers I.,"Oxford Social Sciences Division, Oxford, United Kingdom",10.1146/annurev-lawsocsci-111522-074716,2-s2.0-85168393502,26,Q1,Q1
2-s2.0-85164931141,2023,2023 Oct,Regulating Government AI and the Challenge of Sociotechnical Design,,Annual Review of Law and Social Science,,Review,Engstrom D.F.,"Stanford Law School, Stanford, United States",10.1146/annurev-lawsocsci-120522-091626,2-s2.0-85164931141,20,Q1,Q1
2-s2.0-85164935234,2023,2023 Oct,"AI and Global Governance: Modalities, Rationales, Tensions",,Annual Review of Law and Social Science,,Review,Veale M.,"University College London, London, United Kingdom",10.1146/annurev-lawsocsci-020223-040749,2-s2.0-85164935234,94,Q1,Q1
2-s2.0-85175241804,2023,2023 Oct,Problems of legal regulation of artificial intelligence in administrative judicial procedure,,Juridical Tribune,,Article,Shevchuk O.,"Yaroslav Mudryi National Law University, Kharkiv, Ukraine",10.24818/TBJ/2023/13/3.02,2-s2.0-85175241804,6,Q2,Q2
2-s2.0-85175263296,2023,2023 Oct,Forum shopping in regulatory sandboxes and the perils of experimental law-making1,,Juridical Tribune,,Article,Handrlica J.,"Charles University, Prague, Czech Republic",10.24818/TBJ/2023/13/3.05,2-s2.0-85175263296,4,Q2,Q2
2-s2.0-85174484125,2023,2023 Oct,TOWARD NATIONAL REGULATION OF LEGAL TECHNOLOGY: A PATH FORWARD FOR ACCESS TO JUSTICE,,Fordham Law Review,,Article,Simshaw D.,,,2-s2.0-85174484125,5,Q1,Q1
2-s2.0-85207459269,2023,2023 Oct,Minding Rights: Mapping Ethical and Legal Foundations of ‘Neurorights’,,Cambridge Quarterly of Healthcare Ethics,,Article,Ligthart S.,"University of Oxford, Oxford, United Kingdom",10.1017/S0963180123000245,2-s2.0-85207459269,70,Q2,Q2
2-s2.0-85174324158,2023,2023 Oct,Neocolonial Digitality: Analyzing Digital Legal Databases Using Legal Pluralism,,Asian Journal of Law and Society,,Article,Hoque S.T.,"New York University, New York, United States",10.1017/als.2023.9,2-s2.0-85174324158,1,Q2,Q2
2-s2.0-85175251137,2023,2023 Oct,An analysis of the international and European Union legal instruments for holding artificial intelligence accountable,,Juridical Tribune,,Article,Kgoale T.J.,"University of Limpopo, Sovenga, South Africa",10.24818/TBJ/2023/13/3.06,2-s2.0-85175251137,4,Q2,Q2
2-s2.0-85164455396,2023,2023 Oct,Algorithmic Credit Scoring in Vietnam: A Legal Proposal for Maximizing Benefits and Minimizing Risks,,Asian Journal of Law and Society,,Article,Lainez N.,"National University of Singapore, Singapore City, Singapore",10.1017/als.2023.6,2-s2.0-85164455396,10,Q2,Q2
2-s2.0-85162167379,2023,2023 Oct,What Do Chimeras Think About?,,Cambridge Quarterly of Healthcare Ethics,,Article,Capps B.,"Dalhousie University, Faculty of Medicine, Halifax, Canada",10.1017/S0963180122000780,2-s2.0-85162167379,4,Q2,Q2
2-s2.0-85161014650,2023,2023 Oct,Do citizens trust trustworthy artificial intelligence? Experimental evidence on the limits of ethical AI measures in government,,Government Information Quarterly,,Article,Kleizen B.,"KU Leuven, Leuven, Belgium",10.1016/j.giq.2023.101834,2-s2.0-85161014650,62,Q1,Q1
2-s2.0-85168512716,2023,2023 Oct,The dynamics of AI capability and its influence on public value creation of AI within public administration,,Government Information Quarterly,,Article,van Noordt C.,"Tallinna Tehnikaülikool, Tallinn, Estonia",10.1016/j.giq.2023.101860,2-s2.0-85168512716,78,Q1,Q1
2-s2.0-85178885250,2023,2023 Oct,The proposal for a revised Product Liability Directive: The emperor's new clothes?,,Maastricht Journal of European and Comparative Law,,Article,Li S.,"Helsingin Yliopisto, Helsinki, Finland",10.1177/1023263X231216941,2-s2.0-85178885250,7,Q2,Q2
2-s2.0-85178272950,2023,2023 Oct,Forecasts of Long-term Progress in the Socio-cultural Sphere in the Context of Combating Economic Crime,,Pakistan Journal of Criminology,,Article,Kipane A.,"Riga Stradins University, Riga, Latvia",,2-s2.0-85178272950,13,Q2,Q2
2-s2.0-85135263154,2023,2023 Sep,A user-centered approach to developing an AI system analyzing U.S. federal court data,,Artificial Intelligence and Law,,Article,Adler R.F.,"Northwestern University, Evanston, United States",10.1007/s10506-022-09320-z,2-s2.0-85135263154,6,Q1,Q1
2-s2.0-85181018112,2023,2023 Sep,On constitutional challenges in the face of the advance of Artificial Intelligence. A national and comparative perspective,,Revista De Derecho Politico,,Article,Castellanos Claramunt J.,"Universitat de València, Valencia, Spain",10.5944/rdp.118.2023.39105,2-s2.0-85181018112,4,Q2,Q2
2-s2.0-85166649330,2023,2023 Sep,GDPR-compliant AI-based automated decision-making in the world of work,,Computer Law and Security Review,,Article,Lukács A.,"Szegedi Tudományegyetem (SZTE), Szeged, Hungary",10.1016/j.clsr.2023.105848,2-s2.0-85166649330,21,Q1,Q1
2-s2.0-85168935573,2023,2023 Sep,Disability Discrimination in the Digital Realm: How the ICRPD Applies to Artificial Intelligence Decision-Making Processes and Helps in Determining the State of International Human Rights Law,,Human Rights Law Review,,Article,Krupiy T.T.,"University of Oxford, Oxford, United Kingdom",10.1093/hrlr/ngad019,2-s2.0-85168935573,7,Q1,Q1
2-s2.0-85188809693,2023,2023 Sep,Artificial intelligence in the constitutional accounting control bodies of Brazilian public administration,,Revista De Investigacoes Constitucionais,,Article,Bitencourt C.M.,"Universidade de Santa Cruz do Sul, Santa Cruz do Sul, Brazil",10.5380/rinc.v10i3.93650,2-s2.0-85188809693,13,Q2,Q2
2-s2.0-85166909919,2023,2023 Sep,"Facial recognition technology, democracy and human rights",,Computer Law and Security Review,,Article,Palmiotto F.,"European University Institute, San Domenico di Fiesole, San Domenico di Fiesole, Italy",10.1016/j.clsr.2023.105857,2-s2.0-85166909919,22,Q1,Q1
2-s2.0-85134299424,2023,2023 Sep,A computational model of facilitation in online dispute resolution,,Artificial Intelligence and Law,,Article,Branting K.,"MITRE Corporation, McLean, United States",10.1007/s10506-022-09318-7,2-s2.0-85134299424,6,Q1,Q1
2-s2.0-85169437443,2023,2023 Sep,"To see, or not to see: Online job advertisement and EU non-discrimination law",,European Labour Law Journal,,Note,Greif E.,"Johannes Kepler University Linz, Linz, Austria",10.1177/20319525231172089,2-s2.0-85169437443,1,Q2,Q2
2-s2.0-85167409095,2023,2023 Sep,Mapping AI-ethics' dilemmas in forensic case work: To trust AI or not?,,Forensic Science International,,Article,Hefetz I.,"Bar-Ilan University, Ramat Gan, Israel",10.1016/j.forsciint.2023.111807,2-s2.0-85167409095,13,Q1,Q1
2-s2.0-85167979188,2023,2023 Sep,On defense of “ethification” of law: How ethics may improve compliance with the EU digital laws,,Computer Law and Security Review,,Article,Mesarčík M.,"Univerzita Komenského v Bratislave, Bratislava, Slovakia",10.1016/j.clsr.2023.105852,2-s2.0-85167979188,6,Q1,Q1
2-s2.0-85182787284,2023,2023 Sep,REGULATING THE RISKS OF AI,,Boston University Law Review,,Article,Kaminski M.E.,"Colorado Law School, United States",,2-s2.0-85182787284,67,Q1,Q1
2-s2.0-85134533958,2023,2023 Sep,The potential of an artificial intelligence (AI) application for the tax administration system’s modernization: the case of Indonesia,,Artificial Intelligence and Law,,Article,Saragih A.H.,"Universitas Indonesia, Depok, Indonesia",10.1007/s10506-022-09321-y,2-s2.0-85134533958,57,Q1,Q1
2-s2.0-85168475187,2023,2023 Sep,"The possibility of AI-induced medical manslaughter: Unexplainable decisions, epistemic vices, and a new dimension of moral luck",,Medical Law International,,Article,Bartlett B.,"The University of Manchester, Manchester, United Kingdom",10.1177/09685332231193944,2-s2.0-85168475187,12,Q2,Q2
2-s2.0-85181189596,2023,2023 Sep,"Technology in policing, policing in a technological society. Special Issue brief",,International Journal of Police Science and Management,,Article,Wienroth M.,"University of Northumbria, Newcastle, United Kingdom",10.1177/14613557231200984,2-s2.0-85181189596,3,Q1,Q1
2-s2.0-85168459637,2023,2023 Sep,Good governance and the development of an ethical framework for the UK National Screening Committee,,Medical Law International,,Article,Brownsword R.,"King's College London, London, United Kingdom",10.1177/09685332231194303,2-s2.0-85168459637,3,Q2,Q2
2-s2.0-85168260105,2023,2023 Aug,"APPLICATION OF ARTIFICIAL INTELLIGENCE SYSTEMS IN CRIMINAL PROCEDURE: KEY AREAS, BASIC LEGAL PRINCIPLES AND PROBLEMS OF CORRELATION WITH FUNDAMENTAL HUMAN RIGHTS",,Access to Justice in Eastern Europe,,Article,Kaplina O.,"Yaroslav Mudryi National Law University, Kharkiv, Ukraine",10.33327/AJEE-18-6.3-a000314,2-s2.0-85168260105,13,Q2,Q2
2-s2.0-85165548937,2023,2023 Jul,Impact and Limits of Artificial Intelligence in the Legal Practice,,Via Inveniendi Et Iudicandi,,Article,Salas F.L.,"Università di Pisa, Pisa, Italy",10.15332/19090528.8773,2-s2.0-85165548937,8,Q2,Q2
2-s2.0-85185137932,2023,2023 Jul,Monitoring Mental Health: Legal and Ethical Considerations of Using Artificial Intelligence in Psychiatric Wards,,American Journal of Law and Medicine,,Article,Solaiman B.,"Hamad Bin Khalifa University, Doha, Qatar",10.1017/amj.2023.30,2-s2.0-85185137932,25,Q2,Q2
2-s2.0-85170405524,2023,2023 Jul,Corporate Internal Investigations 4.0: on the criminal procedural aspects of applying artificial intelligence in the reactive corporate compliance1,,Revista Brasileira De Direito Processual Penal,,Article,Januário T.F.X.,"Universidade de Coimbra, Coimbra, Portugal",10.22197/rbdpp.v9i2.837,2-s2.0-85170405524,0,Q2,Q2
2-s2.0-85162201066,2023,2023 Jul,AI and IP: Theory to Policy and Back Again – Policy and Research Recommendations at the Intersection of Artificial Intelligence and Intellectual Property,,IIC International Review of Intellectual Property and Competition Law,,Article,Picht P.G.,"Universität Zürich, Zurich, Switzerland",10.1007/s40319-023-01344-5,2-s2.0-85162201066,39,Q1,Q1
2-s2.0-85173047758,2023,2023 Jul,Criminal Liability of Artificial Intelligence Crime in Indonesia: Challenges and Opportunities,,Pakistan Journal of Criminology,,Article,Ali M.,"Universitas Islam Indonesia, Yogyakarta, Indonesia",,2-s2.0-85173047758,0,Q2,Q2
2-s2.0-85159198390,2023,2023 Jul,Artificial intelligence in the work process. A reflection on the proposed European Union regulations on artificial intelligence from an occupational health and safety perspective,,Computer Law and Security Review,,Article,Jarota M.,"Katolicki Uniwersytet Lubelski Jana Pawła II, Lublin, Poland",10.1016/j.clsr.2023.105825,2-s2.0-85159198390,33,Q1,Q1
2-s2.0-85175351382,2023,2023 Jul,Illegal Trade in Human Organs: Ways to Overcome and the Importance of Artificial Intelligence in Solving this Problem,,Pakistan Journal of Criminology,,Article,Vilks A.,"Riga Stradins University, Riga, Latvia",,2-s2.0-85175351382,0,Q2,Q2
2-s2.0-85165658457,2023,2023 Jul,Artificial intelligence as an authority for testing the inventive step of an invention-a view from Germany,,Journal of Intellectual Property Law and Practice,,Article,Meitinger T.H.,,10.1093/jiplp/jpad054,2-s2.0-85165658457,2,Q2,Q2
2-s2.0-85153313663,2023,2023 Jul,"The thin red line: Refocusing data protection law on ADM, a global perspective with lessons from case-law",,Computer Law and Security Review,,Article,Demetzou K.,"Senior Counsel at the Future of Privacy Forum (FPF), United States",10.1016/j.clsr.2023.105806,2-s2.0-85153313663,7,Q1,Q1
2-s2.0-85180108912,2023,2023 Jul,The AI cycle of health inequity and digital ageism: mitigating biases through the EU regulatory framework on medical devices,,Journal of Law and the Biosciences,,Article,Van Kolfschooten H.,"Universiteit van Amsterdam, Amsterdam, Netherlands",10.1093/jlb/lsad031,2-s2.0-85180108912,38,Q1,Q1
2-s2.0-85161586657,2023,2023 Jun,Predictive models supporting judicial decision: some food for thought,,Rivista Di Filosofia Del Diritto,,Article,Scamardella F.,"Università degli Studi di Napoli Federico II, Naples, Italy",10.4477/107225,2-s2.0-85161586657,1,Q2,Q2
2-s2.0-85161524387,2023,2023 Jun,"AlphaZero beats Stockfish 28 to 0. Artificial Intelligence, chess game and strategic choices",,Rivista Di Filosofia Del Diritto,,Article,Daly E.,"Università degli Studi di Milano-Bicocca, Milan, Italy",10.4477/107228,2-s2.0-85161524387,0,Q2,Q2
2-s2.0-85173751888,2023,2023 Jun,Legal challenges of artificial intelligence in the field of contractual consent: a general approach,,Revista De Derecho Civil,,Article,de Jubera Higuero B.S.,"Universidad de La Rioja, Logrono, Spain",,2-s2.0-85173751888,2,Q2,Q2
2-s2.0-85173531179,2023,2023 Jun,The liability of the producer of autonomous vehicles under (future) product liability legislation.,,Revista De Derecho Civil,,Article,Grau G.I.,"Universitat Autònoma de Barcelona, Cerdanyola del Valles, Spain",,2-s2.0-85173531179,1,Q2,Q2
2-s2.0-85161504295,2023,2023 Jun,The challenge of the predictive justice. Reflections starting from an empirical research concerning the international protection,,Rivista Di Filosofia Del Diritto,,Article,Di Donato F.,"Università degli Studi di Napoli Federico II, Naples, Italy",10.4477/107222,2-s2.0-85161504295,0,Q2,Q2
2-s2.0-85127566643,2023,2023 Jun,Perceptions of Justice By Algorithms,,Artificial Intelligence and Law,,Article,Yalcin G.,"Universiteit Utrecht, Utrecht, Netherlands",10.1007/s10506-022-09312-z,2-s2.0-85127566643,46,Q1,Q1
2-s2.0-85163639441,2023,2023 Jun,FUNDAMENTAL RIGHTS AND EMOTIONAL ARTIFICIAL INTELLIGENCE IN IBORDERCTRL: CHALLENGES OF AUTOMATION IN THE MIGRATION FIELD,,Revista Catalana De Dret Public,,Article,Romano A.,"Universitat de Barcelona, Barcelona, Spain",10.58992/rcdp.i66.2023.3928,2-s2.0-85163639441,5,Q2,Q2
2-s2.0-85153073267,2023,2023 Jun,Legal aspects of the use of artificial intelligence and robotics in medicine and care,,Ethik in Der Medizin,,Article,Beck S.,"Gottfried Wilhelm Leibniz Universität Hannover, Hannover, Germany",10.1007/s00481-023-00763-9,2-s2.0-85153073267,17,Q2,Q2
2-s2.0-85164772048,2023,2023 Jun,"Artificial intelligence, language technologies and resources: Policies and legislation for the use of corpora and databases",,Revista De Llengua I Dret,,Article,Cotino Hueso L.,"Universidad Católica de Colombia, Bogota, Colombia",10.58992/rld.i79.2023.3860,2-s2.0-85164772048,1,Q2,Q2
2-s2.0-85161531690,2023,2023 Jun,Machine learning legal algorithms and the control of cross-cultural judgment,,Rivista Di Filosofia Del Diritto,,Article,Romeo F.,"Università degli Studi di Napoli Federico II, Naples, Italy",10.4477/107226,2-s2.0-85161531690,0,Q2,Q2
2-s2.0-85173776843,2023,2023 Jun,Between risk mitigation and labour rights enforcement: Assessing the transatlantic race to govern AI-driven decision-making through a comparative lens,,European Labour Law Journal,,Article,Aloisi A.,"Osgoode Hall Law School, Toronto, Canada",10.1177/20319525231167982,2-s2.0-85173776843,19,Q2,Q2
2-s2.0-85167335983,2023,2023 Jun,The copyright protection of AI-generated works under Chinese law,,Juridical Tribune,,Article,Dai Z.,"Aix Marseille Université, Marseille, France",10.24818/TBJ/2023/13/2.05,2-s2.0-85167335983,7,Q2,Q2
2-s2.0-85164830493,2023,2023 Jun,The impact of implementing automation and the use of ai in government action on citizens language rights,,Revista De Llengua I Dret,,Article,Palop A.B.,"Universitat de València, Valencia, Spain",10.58992/rld.i79.2023.3955,2-s2.0-85164830493,0,Q2,Q2
2-s2.0-85172933809,2023,2023 Jun,Making algorithmic management safe and healthy for workers: Addressing psychosocial risks in new legal provisions,,European Labour Law Journal,,Note,Cefaliello A.,"University of Essex, Colchester, United Kingdom",10.1177/20319525231167476,2-s2.0-85172933809,11,Q2,Q2
2-s2.0-85166055995,2023,2023 Jun,Black Lives Monitored,,UCLA Law Review,,Article,Arnett C.,"University of Maryland, College Park, College Park, United States",,2-s2.0-85166055995,5,Q1,Q1
2-s2.0-85127286228,2023,2023 Jun,How to justify a backing’s eligibility for a warrant: the justification of a legal interpretation in a hard case,,Artificial Intelligence and Law,,Article,Yu S.,"Nankai University, Tianjin, China",10.1007/s10506-022-09311-0,2-s2.0-85127286228,1,Q1,Q1
2-s2.0-85160221482,2023,2023 Jun,Reflections on Putting AI Ethics into Practice: How Three AI Ethics Approaches Conceptualize Theory and Practice,,Science and Engineering Ethics,,Article,Bleher H.,"Universität Bonn, Bonn, Germany",10.1007/s11948-023-00443-3,2-s2.0-85160221482,67,Q1,Q1
2-s2.0-85126244233,2023,2023 Jun,Smart criminal justice: exploring the use of algorithms in the Swiss criminal justice system,,Artificial Intelligence and Law,,Article,Simmler M.,"University of St. Gallen, St Gallen, Switzerland",10.1007/s10506-022-09310-1,2-s2.0-85126244233,21,Q1,Q1
2-s2.0-85160413091,2023,2023 May,Prospects for the use of artificial intelligence and machine learning algorithms for effective resolution of civil disputes,,Access to Justice in Eastern Europe,,Note,Turkanova V.,"Taras Shevchenko National University of Kyiv, Kyiv, Ukraine",10.33327/AJEE-18-6.2-n000224,2-s2.0-85160413091,1,Q2,Q2
2-s2.0-85188783226,2023,2023 May,Judicial decision-making assisted by artificial intelligence and the Victor System of the Brazilian Federal Supreme Court,,Revista De Investigacoes Constitucionais,,Article,Valle V.C.L.L.,"Universitat Rovira i Virgili, Tarragona, Spain",10.5380/rinc.v10i2.92598,2-s2.0-85188783226,7,Q2,Q2
2-s2.0-85167978068,2023,2023 May,"New Law, new guarantees. a proposal for the reinterpretation of the legal principles in the light of the algorithmic reality.",,Revista De Derecho Politico,,Article,Castellano P.S.,"International University of La Rioja, Logrono, Spain",10.5944/rdp.117.2023.37929,2-s2.0-85167978068,3,Q2,Q2
2-s2.0-85186405335,2023,2023 May,"Artificial Intelligence, an assistant to encourage the green public procurement",,Revista De Direito Economico E Socioambiental,,Article,Expósito-López O.,"Universitat Rovira i Virgili, Tarragona, Spain",10.7213/revdireconsoc.v14i2.31069,2-s2.0-85186405335,3,Q2,Q2
2-s2.0-85161486964,2023,2023 May,BRIDGING THE AI INVENTORSHIP GAP,,Fordham Law Review,,Article,Wu J.,"Fordham University, New York, United States",,2-s2.0-85161486964,3,Q1,Q1
2-s2.0-85166021514,2023,2023 May,Crowd Pleaser: The Remaking of Property Rights in Digital Spaces,,Law and Ethics of Human Rights,,Article,Kreiczer-Levy S.,"College of Law and Business, Ramat Gan, Israel",10.1515/lehr-2023-2007,2-s2.0-85166021514,1,Q2,Q2
2-s2.0-85161572017,2023,2023 Apr,"Constructing ""electronic Liability"" for International Crimes: Transcending the Individual in International Criminal Law",,German Law Journal,,Article,Swart M.,"Edge Hill University, Ormskirk, United Kingdom",10.1017/glj.2023.28,2-s2.0-85161572017,7,Q1,Q1
2-s2.0-85161262288,2023,2023 Apr,From principles to practices: The intertextual interaction between AI ethical and legal discourses,,International Journal of Legal Discourse,,Article,Cheng L.,"School of International Studies, Zhejiang University, Hangzhou, China",10.1515/ijld-2023-2001,2-s2.0-85161262288,37,Q2,Q2
2-s2.0-85148542821,2023,2023 Apr,Prohibited artificial intelligence practices in the proposed EU artificial intelligence act (AIA),,Computer Law and Security Review,,Article,Neuwirth R.J.,"University of Macau, Taipa, Macao",10.1016/j.clsr.2023.105798,2-s2.0-85148542821,84,Q1,Q1
2-s2.0-85142770735,2023,2023 Apr,Can legitimate interest be an appropriate lawful basis for processing Artificial Intelligence training datasets?,,Computer Law and Security Review,,Article,Kramcsák P.T.,"Universidad de Chile, Santiago, Chile",10.1016/j.clsr.2022.105765,2-s2.0-85142770735,9,Q1,Q1
2-s2.0-85153768629,2023,2023 Apr,Corporate Criminal Liability: An Overview of the Croatian Model after 20 Years of Practice †,,Laws,,Article,Vuletic I.,"Sveučilište Josipa Jurja Strossmayera u Osijeku, Osijek, Croatia",10.3390/laws12020027,2-s2.0-85153768629,3,Q2,Q2
2-s2.0-85138544994,2023,2023 Apr,The Impact of Artificial Intelligence and Digital Economy on Vietnam’s Legal System,,International Journal for the Semiotics of Law,,Article,Bui T.H.,"Posts and Telecommunications Institute of Technology Vietnam, Hanoi, Viet Nam",10.1007/s11196-022-09927-0,2-s2.0-85138544994,34,Q1,Q1
2-s2.0-85148333732,2023,2023 Apr,Governing ghostbots,,Computer Law and Security Review,,Article,Harbinja E.,"Queen's University Belfast, Belfast, United Kingdom",10.1016/j.clsr.2023.105791,2-s2.0-85148333732,43,Q1,Q1
2-s2.0-85160696036,2023,2023 Apr,The New A(I)rt Movement and Its Copyright Protection: Immoral or E-Moral?,,Grur International,,Article,Varytimidou C.,"Deloitte Legal, Athens, Greece",10.1093/grurint/ikac153,2-s2.0-85160696036,2,Q2,Q2
2-s2.0-85149169311,2023,2023 Apr,Promises and limits of law for a human-centric artificial intelligence,,Computer Law and Security Review,,Article,Restrepo Amariles D.,"École des hautes études commerciales de Paris, Jouy-en-Josas, France",10.1016/j.clsr.2023.105795,2-s2.0-85149169311,38,Q1,Q1
2-s2.0-85145548023,2023,2023 Apr,"AI regulation in Brazil: Advancements, flows, and need to learn from the data protection experience",,Computer Law and Security Review,,Article,Belli L.,"Universidade do Estado do Rio de Janeiro, Rio de Janeiro, Brazil",10.1016/j.clsr.2022.105767,2-s2.0-85145548023,19,Q1,Q1
2-s2.0-85142447975,2023,2023 Apr,Neurorights – Do we Need New Human Rights? A Reconsideration of the Right to Freedom of Thought,,Neuroethics,,Article,Hertz N.,"Universität Freiburg, Freiburg im Breisgau, Germany",10.1007/s12152-022-09511-0,2-s2.0-85142447975,46,Q1,Q1
2-s2.0-85150863517,2023,2023 Apr,Philosophical foundation of the right to mental integrity in the age of neurotechnologies,,Neuroethics,,Article,Lavazza A.,"Università di Pisa, Pisa, Italy",10.1007/s12152-023-09517-2,2-s2.0-85150863517,24,Q1,Q1
2-s2.0-85158170727,2023,2023 Apr,Incremental AI,,Asian Journal of Law and Economics,,Article,Chen D.L.,"Toulouse School of Economics - Recherche - (TSE-R), Toulouse, France",10.1515/ajle-2023-0018,2-s2.0-85158170727,1,Q2,Q2
2-s2.0-85144497578,2023,2023 Mar,The Risk-Based Approach of the European Union's Proposed Artificial Intelligence Regulation: Some Comments from a Tort Law Perspective,,European Journal of Risk Regulation,,Article,Chamberlain J.,"Uppsala Universitet, Uppsala, Sweden",10.1017/err.2022.38,2-s2.0-85144497578,46,Q1,Q1
2-s2.0-85136161989,2023,2023 Mar,"Artificial Intelligence, Autonomous Drones and Legal Uncertainties",,European Journal of Risk Regulation,,Article,Hartmann J.,"University of Dundee, Dundee, United Kingdom",10.1017/err.2022.15,2-s2.0-85136161989,16,Q1,Q1
2-s2.0-85123174512,2023,2023 Mar,Black is the new orange: how to determine AI liability,,Artificial Intelligence and Law,,Article,Padovan P.H.,"Universidade Federal de Pernambuco, Recife, Brazil",10.1007/s10506-022-09308-9,2-s2.0-85123174512,21,Q1,Q1
2-s2.0-85149986984,2023,2023 Mar,Developing Artificial Intelligence-Based Content Creation: Are EU Copyright and Antitrust Law Fit for Purpose?,,IIC International Review of Intellectual Property and Competition Law,,Article,Vesala J.,"Lapin Yliopisto, Rovaniemi, Finland",10.1007/s40319-023-01301-2,2-s2.0-85149986984,21,Q1,Q1
2-s2.0-85146098865,2023,2023 Mar,Identification and prioritization of the risks in the mass adoption of artificial intelligence-driven stable coins: The quest for optimal resource utilization,,Resources Policy,,Article,Sood K.,"Amity University, Noida, India",10.1016/j.resourpol.2022.103235,2-s2.0-85146098865,28,Q1,Q1
2-s2.0-85168333686,2023,2023 Mar,"Matchmaking. Advanced technology, rules and the labour market",,Lavoro E Diritto,,Article,Faioli M.,"Università Cattolica del Sacro Cuore, Milan, Italy",10.1441/107494,2-s2.0-85168333686,3,Q2,Q2
2-s2.0-85145900522,2023,2023 Feb,AI as a challenge for legal regulation – the scope of application of the artificial intelligence act proposal,,Era Forum,,Article,Ruschemeier H.,"FernUniversität in Hagen, Hagen, Germany",10.1007/s12027-022-00725-6,2-s2.0-85145900522,48,Q1,Q1
2-s2.0-85167513180,2023,2023 Feb,“Nutrition Facts Labels” for Artificial Intelligence/Machine Learning-Based Medical Devices—The Urgent Need for Labeling Standards,,George Washington Law Review,,Article,Gerke S.,"Penn State Dickinson Law, Carlisle, United States",,2-s2.0-85167513180,25,Q1,Q1
2-s2.0-85148740808,2023,2023 Feb,Mitigating the Risk of Autonomous Weapon Misuse by Insurgent Groups,,Laws,,Article,Kwik J.,"Universiteit van Amsterdam, Amsterdam, Netherlands",10.3390/laws12010005,2-s2.0-85148740808,12,Q2,Q2
2-s2.0-85121803119,2023,2023 Jan,Criminological measures to counteract corruption offences in the field of illegal gambling,,Journal of Financial Crime,,Article,Berdaliyeva A.S.,"Abai Kazakh National Pedagogical University, Almaty, Kazakhstan",10.1108/JFC-11-2021-0246,2-s2.0-85121803119,8,Q1,Q1
2-s2.0-85183202937,2023,2023 Jan,Authorship and Generative Artificial Intelligence: Philosophical Assumptions of the Function of the Author,,Isonomia,,Article,Misseri L.E.,"Universitat d'Alacant, Alicante, Spain",10.5347/isonomia.59/2023.692,2-s2.0-85183202937,4,Q2,Q2
2-s2.0-85179076083,2023,2023 Jan,Does ChatGPT-4dreamofoffensive tweets?An approximation to the potentialcontributions of generative models in detecting illicitspeeches,,Revista De Internet Derecho Y Politica,,Article,Galarza M.S.,"Universidad del Pais Vasco, Leioa, Spain",10.7238/IDP.V0I39.416638,2-s2.0-85179076083,0,Q2,Q2
2-s2.0-85177496041,2023,2023 Jan,Ensuring the Health of the Nation as a Determinant of Innovations in Law Enforcement and Judicial Activities,,Kutafin Law Review,,Article,Otcheskaya T.I.,"Kutafin Moscow State Law University, Moscow, Russian Federation",10.17803/2713-0533.2023.2.25.647-680,2-s2.0-85177496041,0,Q2,Q2
2-s2.0-85163828201,2023,2023 Jan,Towards a Legal Framework for Civil Liability of Smart Robots in Jordanian Legislation,,International Journal of Cyber Criminology,,Article,Alabady H.S.,"Amman Arab University, Amman, Jordan",10.5281/zenodo.4766602,2-s2.0-85163828201,4,Q2,Q2
2-s2.0-85161639735,2023,2023 Jan,Legal challenges arising from Generative Artificial Intelligence: Deepfakes and violence against women as a factual scenario,,Indret,,Article,Soler E.S.,"Universitat de València, Valencia, Spain",10.31009/InDret.2023.i2.11,2-s2.0-85161639735,6,Q2,Q2
2-s2.0-85174349265,2023,2023 Jan,Innovation in legal education: the role of artificial intelligence and its significance for the legal profession,,International Journal of Intellectual Property Management,,Article,Rajkhanna R.K.,"Vellore Institute of Technology, Chennai, Chennai, India",10.1504/IJIPM.2023.134054,2-s2.0-85174349265,1,Q2,Q2
2-s2.0-85179094985,2023,2023 Jan,"An approximation to ChatGPT as a legal tool: future biases, capabilities and profits",,Revista De Internet Derecho Y Politica,,Article,Navarro-Dolmestch R.,"Universidade da Coruña, A Coruna, Spain",10.7238/IDP.V0I39.417024,2-s2.0-85179094985,3,Q2,Q2
2-s2.0-85159058698,2023,2023 Jan,DIGITAL TECHNOLOGIES AND LABOUR RELATIONS: LEGAL REGULATION IN RUSSIA AND CHINA,,Brics Law Journal,,Article,Ofman E.,"South Ural State University, Chelyabinsk, Russian Federation",10.21684/2412-2343-2023-10-1-126-146,2-s2.0-85159058698,1,Q2,Q2
2-s2.0-85179095288,2023,2023 Jan,The Evolution of the Perception of Artificial Intelligence in the EU: The Case of Judicial Administration,,Journal of Intellectual Property Information Technology and E Commerce Law,,Article,Terzidou K.,"University of Luxembourg, Esch-sur-Alzette, Luxembourg",10.2139/ssrn.4633945,2-s2.0-85179095288,1,Q1,Q1
2-s2.0-85179063728,2023,2023 Jan,Creating non-discriminatory Artificial Intelligence systems: balancing the tensions between code granularity and the general nature of legal rules,,Revista De Internet Derecho Y Politica,,Article,Arnanz A.S.,"Universitat de València, Valencia, Spain",10.7238/IDP.V0I38.403794,2-s2.0-85179063728,5,Q2,Q2
2-s2.0-85182227879,2023,2023 Jan,LEGAL STATUS OF ARTIFICIAL INTELLIGENCE FROM QUANTUM-THEORETIC PERSPECTIVE,,Brics Law Journal,,Article,Melnikova E.,"Saint Petersburg National Research University of Information Technologies, Mechanics and Optics University ITMO, Saint Petersburg, Russian Federation",10.21684/2412-2343-2023-10-4-5-34,2-s2.0-85182227879,2,Q2,Q2
2-s2.0-85148242257,2023,2023 Jan,ARTIFICIAL INTELLIGENCE AS A COMMON HERITAGE OF MANKIND,,Uum Journal of Legal Studies,,Article,Khong D.W.K.,"Universiti Malaya, Kuala Lumpur, Malaysia",10.32890/uumjls2023.14.1.5,2-s2.0-85148242257,3,Q2,Q2
2-s2.0-85180188431,2023,2023 Jan,Robot Lawyer in Indonesian Criminal Justice System: Problems and Challenges for Future Law Enforcement,,Lex Scientia Law Review,,Article,Fernando Z.J.,"University of Leeds, Leeds, United Kingdom",10.15294/lesrev.v7i2.69423,2-s2.0-85180188431,23,Q2,Q2
2-s2.0-85167366485,2023,2023 Jan,Artificial intelligence on public sector in Portugal: first legal approach,,Juridical Tribune,,Article,Pedro R.,"Faculdade de Direito de Lisboa, Lisbon, Portugal",10.24818/TBJ/2023/13/2.01,2-s2.0-85167366485,8,Q2,Q2
2-s2.0-85180727923,2023,2023 Jan,Judicial Decision-Making and Explainable AI (XAI) – Insights from the Japanese Judicial System,,Studia Iuridica Lublinensia,,Article,Yamada Y.,"Chuo University, Hachioji, Japan",10.17951/sil.2023.32.4.157-173,2-s2.0-85180727923,4,Q2,Q2
2-s2.0-85174348522,2023,2023 Jan,Examining the legality of artificial intelligence in driverless vehicles and its impact on road traffic laws-comparative analysis,,International Journal of Intellectual Property Management,,Article,Suganya S.,"Vellore Institute of Technology, Chennai, Chennai, India",10.1504/IJIPM.2023.134065,2-s2.0-85174348522,2,Q2,Q2
2-s2.0-85176403970,2023,2023 Jan,Ethical and Legal Considerations of Artificial Intelligence in Higher Education: Challenges and Prospects,,Revista De Educacion Y Derecho,,Article,Cornejo-Plaza I.,"Università degli Studi di Perugia, Perugia, Italy",10.1344/REYD2023.28.43935,2-s2.0-85176403970,27,Q2,Q2
2-s2.0-85179042728,2023,2023 Jan,Attitudes and perceptions regarding algorithmic judicial judgement: barriers to innovation in the judicial system?,,Revista De Internet Derecho Y Politica,,Article,Pérez Domínguez S.,"Universidad Miguel Hernández de Elche, Elche, Spain",10.7238/IDP.V0I39.417206,2-s2.0-85179042728,3,Q2,Q2
2-s2.0-85183775256,2023,2023 Jan,International Arbitration and Artificial Intelligence: Ideas to Improve the Written Phase of Arbitral Proceeding,,Journal of International Arbitration,,Article,Kirby J.,Kirby,,2-s2.0-85183775256,4,Q2,Q2
2-s2.0-85179061160,2023,2023 Jan,The challenge posed by works created by artificial intelligence to copyright in Colombia,,Revista De Internet Derecho Y Politica,,Article,Hernández F.P.N.,"Universidad Francisco de Paula Santander, Cucuta, Colombia",10.7238/IDP.V0I38.403977,2-s2.0-85179061160,4,Q2,Q2
2-s2.0-85179028765,2023,2023 Jan,"Justice, artificial intelligence and right of defence",,Revista De Internet Derecho Y Politica,,Article,de Luis García E.,"Universitat de València, Valencia, Spain",10.7238/IDP.V0I39.417164,2-s2.0-85179028765,4,Q2,Q2
2-s2.0-85188948411,2023,2023 Jan,The use of artificial intelligence in judicial decision making,,Revista De Investigacoes Constitucionais,,Article,Toledo C.,"Universidade Federal de Juiz de Fora, Juiz de Fora, Brazil",10.5380/rinc.v10i1.86319,2-s2.0-85188948411,8,Q2,Q2
2-s2.0-85183990526,2023,2023 Jan,"Hello, World? Domestic Software Patent Protection Stands Alone Due to Uncertain Subject Matter Eligibility Jurisprudence",,Minnesota Law Review,,Article,Terry M.H.,,,2-s2.0-85183990526,0,Q1,Q1
2-s2.0-85165029734,2023,2023 Jan,The Future of International Arbitration in the Age of Artificial Intelligence,,Journal of International Arbitration,,Article,Colorado O.F.C.,"Hogan Lovells US LLP, Washington, D.C., United States",10.54648/JOIA2023014,2-s2.0-85165029734,9,Q2,Q2
2-s2.0-85149394321,2023,2023 Jan,Dis/similarities in the design and development of legal and algorithmic normative systems: the case of Perspective API,,Law Innovation and Technology,,Article,Friedl P.,"Humboldt-Universität zu Berlin, Berlin, Germany",10.1080/17579961.2023.2184134,2-s2.0-85149394321,13,Q1,Q1
2-s2.0-85167962206,2023,2023 Jan,Pluralistic sociotechnical imaginaries in Artificial Intelligence (AI) law: the case of the European Union’s AI Act,,Law Innovation and Technology,,Article,Bakiner O.,"Seattle University, Seattle, United States",10.1080/17579961.2023.2245675,2-s2.0-85167962206,6,Q1,Q1
2-s2.0-85171177865,2023,2023 Jan,The proposals of the European Union to regulate liability for damage caused by artificial intelligence systems,,Indret,,Article,Casals M.M.,"Universitat de Girona, Girona, Spain",10.31009/InDret.2023.i3.02,2-s2.0-85171177865,9,Q2,Q2
2-s2.0-85174212225,2023,2023 Jan,Landscape of Indian Legal Research,,Krytyka Prawa,,Article,Srivastava A.K.,"University of Lucknow, Lucknow, India",10.7206/kp.2080-1084.617,2-s2.0-85174212225,1,Q2,Q2
2-s2.0-85159481901,2023,2023 Jan,Deploying artificial intelligence for anti-money laundering and asset recovery: the dawn of a new era,,Journal of Money Laundering Control,,Article,Pavlidis G.,"Neapolis University Pafos, Paphos, Cyprus",10.1108/JMLC-03-2023-0050,2-s2.0-85159481901,27,Q2,Q2
2-s2.0-85153256566,2023,2023 Jan,The artificial intelligence entity as a legal person,,Information and Communications Technology Law,,Article,Doomen J.,"Open Universiteit, Heerlen, Netherlands",10.1080/13600834.2023.2196827,2-s2.0-85153256566,12,Q2,Q2
2-s2.0-85178397875,2023,2023 Jan,Application of artificial intelligence (AI) in the assessment of the credibility of statements in the cross-border taking of evidence in civil and commercial matters,,Journal of Intellectual Property Information Technology and E Commerce Law,,Article,Golub J.,"Sveučilište Josipa Jurja Strossmayera u Osijeku, Osijek, Croatia",,2-s2.0-85178397875,0,Q1,Q1
2-s2.0-85166923607,2023,2023 Jan,Artificial Intelligence and Legal Issues: Critical Reflections,,Diritto Pubblico,,Article,Cerri A.,"Sapienza Università di Roma, Rome, Italy",10.1438/107124,2-s2.0-85166923607,2,Q2,Q2
2-s2.0-85197938877,2023,2023 Jan,AN EVIDENCE-BASED APPROACH TO PRIVATE ORDERING,,University of Toronto Law Journal,,Article,Alarie B.,"University of Toronto, Toronto, Canada",10.3138/utlj-2023-0002,2-s2.0-85197938877,0,Q2,Q2
2-s2.0-85175427058,2023,2023 Jan,Law by Algorithm†,,Oxford Journal of Legal Studies,,Review,Lim E.W.K.,"National University of Singapore, Singapore City, Singapore",10.1093/ojls/gqad009,2-s2.0-85175427058,3,Q1,Q1
2-s2.0-85173449058,2023,2023 Jan,Creations of artificial intelligence In search of the legal protection regime,,Journal of Intellectual Property Information Technology and E Commerce Law,,Article,Shtefan A.,,,2-s2.0-85173449058,6,Q1,Q1
2-s2.0-85179498623,2023,2023 Jan,Can the European Financial Data Space remove bias in financial AI development? Opportunities and regulatory challenges,,International Journal of Law and Information Technology,,Article,Penedo A.C.,"Vrije Universiteit Brussel, Brussels, Belgium",10.1093/ijlit/eaad020,2-s2.0-85179498623,9,Q2,Q2
2-s2.0-85176385712,2023,2023 Jan,Artificial Intelligence and its problematic impact on the Law,,Revista De Educacion Y Derecho,,Article,Masbernat P.,"Università degli Studi di Perugia, Perugia, Italy",10.1344/REYD2023.28.43934,2-s2.0-85176385712,7,Q2,Q2
2-s2.0-85151394771,2023,2023 Jan,The use of AI in legal systems: determining independent contractor vs. employee status,,Artificial Intelligence and Law,,Article,Cohen M.C.,"Queen’s University, Kingston, Canada",10.1007/s10506-023-09353-y,2-s2.0-85151394771,27,Q1,Q1
2-s2.0-85171587065,2023,2023 Jan,Interpretation of contracts: How much human and how much artificial intelligence?,,Revista Chilena De Derecho Y Tecnologia,,Article,Correa R.C.,"Universidad de Chile, Santiago, Chile",10.5354/0719-2584.2023.69677,2-s2.0-85171587065,1,Q1,Q1
2-s2.0-85133667250,2023,2023 Jan,Artificial intelligence and the Extractive Industries Transparency Initiative as anti-corruption tools for Canadian extractive companies,,Journal of Energy and Natural Resources Law,,Article,Makinde O.,"The University of British Columbia, Vancouver, Canada",10.1080/02646811.2022.2087340,2-s2.0-85133667250,6,Q1,Q1
2-s2.0-85158005232,2023,2023 Jan,"Therapists or Replicants? Ethical, Legal, and Social Considerations for Using ChatGPT in Therapy",,American Journal of Bioethics,,Note,Amram B.,"Yale University, New Haven, United States",10.1080/15265161.2023.2191022,2-s2.0-85158005232,12,Q1,Q1
2-s2.0-85159205695,2023,2023 Jan,"REVIEW OF THE MONOGRAPH “LAW OF THE DIGITAL ENVIRONMENT” (TIKHON PODSHIVALOV ET AL. (EDS.), 2022)",,Brics Law Journal,,Review,Begishev I.,"Kazan Innovative University named after V. G. Timiryasov, Kazan, Russian Federation",10.21684/2412-2343-2023-10-1-186-194,2-s2.0-85159205695,1,Q2,Q2
2-s2.0-85179049830,2023,2023 Jan,Digital Criminal Investigations in the Era of Artificial Intelligence: A Comprehensive Overview,,International Journal of Cyber Criminology,,Article,Faqir R.S.A.,"Al-Balqa Applied University, Salt, Jordan",10.5281/zenodo.4766706,2-s2.0-85179049830,40,Q2,Q2
2-s2.0-85131198597,2023,2023 Jan,Application and Criminalization of the Artificial Intelligence in Business: Recommendation to Counter the Regulatory Challenges,,Journal of Applied Security Research,,Article,Mahmud A.,"Daffodil International University, Dhaka, Bangladesh",10.1080/19361610.2022.2079939,2-s2.0-85131198597,2,Q2,Q2
2-s2.0-85165370474,2023,2023 Jan,Artificial Intelligence and Intellectual Property Protection in Indonesia and Japan,,Journal of Human Rights Culture and Legal System,,Article,Saputra R.,"Tribhuvan University, Kathmandu, Nepal",10.53955/jhcls.v3i2.69,2-s2.0-85165370474,16,Q1,Q1
2-s2.0-85174323433,2023,2023 Jan,Human centric intellectual property rights and legal personality of artificial intelligence,,International Journal of Intellectual Property Management,,Article,Suganya S.,"Vellore Institute of Technology, Chennai, Chennai, India",10.1504/IJIPM.2023.134051,2-s2.0-85174323433,1,Q2,Q2
2-s2.0-85148895455,2023,2023 Jan,"Going beyond the “common suspects”: to be presumed innocent in the era of algorithms, big data and artificial intelligence",,Artificial Intelligence and Law,,Article,Sachoulidou A.,"NOVA School of Law – Faculdade de Direito, Universidade NOVA de Lisboa, Lisbon, Portugal",10.1007/s10506-023-09347-w,2-s2.0-85148895455,21,Q1,Q1
2-s2.0-85176375384,2023,2023 Jan,"The Improvement of Compulsory Education with the Application of Artificial Intelligence.Ethical Principles, Human Rights and Necessary Legislation",,Revista De Educacion Y Derecho,,Article,Fité F.J.C.,"Universitat Politècnica de Catalunya, Barcelona, Spain",10.1344/REYD2023.28.42583,2-s2.0-85176375384,3,Q2,Q2
2-s2.0-85154581196,2023,2023 Jan,Regulating Artificial Intelligence in International Investment Law,,Journal of World Investment and Trade,,Article,McLaughlin M.,"Singapore Management University, Singapore City, Singapore",10.1163/22119000-12340288,2-s2.0-85154581196,6,Q1,Q1
2-s2.0-85187944874,2023,2023 Jan,AI and the future of human rights in Bangladesh: a call for robust legal and ethical frameworks,,International Journal of Law and Information Technology,,Article,Ashraf S.B.,"University of Information Technology and Sciences, Dhaka, Bangladesh",10.1093/ijlit/eaae002,2-s2.0-85187944874,4,Q2,Q2
2-s2.0-85145865423,2023,2023 Jan,Artificial Intelligence and Human Rights: Corporate Responsibility in AI Governance Initiatives,,Nordic Journal of Human Rights,,Article,Lane L.,"Rijksuniversiteit Groningen, Groningen, Netherlands",10.1080/18918131.2022.2137288,2-s2.0-85145865423,7,Q2,Q2
2-s2.0-85143407011,2023,2023 Jan,"Artificial intelligence, inventorship and the myth of the inventing machine: Can a process be an inventor?",,Information and Communications Technology Law,,Article,Lada M.,"University of South Wales, Pontypridd, United Kingdom",10.1080/13600834.2022.2154049,2-s2.0-85143407011,1,Q2,Q2
2-s2.0-85151160408,2023,2023 Jan,A first critical analysis of the European approach to damage caused by artificial intelligence enabled by global navigation satellite systems. A bridge to nowhere or a cloud with a silver lining?,,International Review of Law Computers and Technology,,Article,Bratu I.,"Vrije Universiteit Amsterdam, Amsterdam, Netherlands",10.1080/13600869.2023.2192567,2-s2.0-85151160408,5,Q2,Q2
2-s2.0-85196812903,2023,2023 Jan,Structuring concepts of legal personhood On legal personhood as a cluster property,,Revus,,Article,Hermansson J.,"Juridiska Fakulteten, Lund, Sweden",10.4000/revus.9933,2-s2.0-85196812903,2,Q1,Q1
2-s2.0-85168291558,2023,2023 Jan,Regulatory sandboxes in the AI Act: reconciling innovation and safety?,,Law Innovation and Technology,,Article,Buocz T.,"Technische Universität München, Munich, Germany",10.1080/17579961.2023.2245678,2-s2.0-85168291558,36,Q1,Q1
2-s2.0-85191033051,2023,2023 Jan,Navigating the Legal Landscape: Technical Implementation of Copyright Reservations for Text and Data Mining in the Era of AI Language Models,,Journal of Intellectual Property Information Technology and E Commerce Law,,Article,Löbling L.,"German Centre for Rail Traffic Research, Dresden, Germany",,2-s2.0-85191033051,2,Q1,Q1
2-s2.0-85186141247,2023,2023 Jan,PROBLEMS WITH PROBABILITY,,University of Toronto Law Journal,,Article,Casey A.J.,"University of Toronto, Toronto, Canada",10.3138/utlj-2023-0006,2-s2.0-85186141247,3,Q2,Q2
2-s2.0-85168355303,2023,2023 Jan,Autonomous AI: what does autonomy mean in relation to persons or machines?,,Law Innovation and Technology,,Article,Chia H.,"National University of Singapore, Singapore City, Singapore",10.1080/17579961.2023.2245679,2-s2.0-85168355303,7,Q1,Q1
2-s2.0-85150646775,2023,2023 Jan,AI V. ARBITRATOR: HOW CAN THE EXCLUSION OF EVIDENCE INCREASE THE APPOINTMENTS OF THE ARBITRATORS?,,Access to Justice in Eastern Europe,,Article,Bartkus J.,"Universiteit Gent, Ghent, Belgium",10.33327/AJEE-18-6.1-a000114,2-s2.0-85150646775,1,Q2,Q2
2-s2.0-85181559609,2023,2023 Jan,Paradigm Shift or Anthropological Disruption? Giuseppe Zaccaria's Hermeneutical Habit and Digital Justice,,Rivista Di Filosofia Del Diritto,,Article,Punzi A.,"LUISS University, Rome, Italy",10.4477/109067,2-s2.0-85181559609,0,Q2,Q2
2-s2.0-85179096277,2023,2023 Jan,Credibility and law: the role of technology in the evaluation of international protection applications. The German asylum law case,,Revista De Internet Derecho Y Politica,,Article,Romano A.,"Universitat de Barcelona, Barcelona, Spain",10.7238/IDP.V0I39.417280,2-s2.0-85179096277,0,Q2,Q2
2-s2.0-85218902074,2023,2023 Jan,Juridical Review of Copyright Infringement in the Use of Deepfakes in the Creative Industry in Indonesia,,International Journal of Cyber Criminology,,Review,Hendrawan D.,"Universitas Kristen Maranatha, Bandung, Indonesia",10.5281/zenodo.4766613,2-s2.0-85218902074,2,Q2,Q2
2-s2.0-85165190913,2023,2023 Jan,Ways of seeing: The power and limitation of video evidence across law and policy,,First Monday,,Article,Ristovska S.,"University of Colorado Boulder, Boulder, United States",10.5210/fm.v28i7.13226,2-s2.0-85165190913,2,Q1,Q1
2-s2.0-85184172382,2023,2023 Jan,Internal Market 3.0: The Old “New Approach” for Harmonising AI Regulation,,European Papers A Journal on Law and Integration,,Article,de Vries S.,"Universiteit Utrecht, Utrecht, Netherlands",10.15166/2499-8249/677,2-s2.0-85184172382,7,Q2,Q2
2-s2.0-85190887816,2023,2023 Jan,Exploring the Viability of AI as Judicial Replacements: a Cautionary Perspective,,Journal of Intellectual Property Information Technology and E Commerce Law,,Article,Pérez G.E.M.,"University Pomepu Fabra, Spain",,2-s2.0-85190887816,1,Q1,Q1
2-s2.0-85192822742,2023,2023 Jan,The Bundestag Parliamentary Committees On Digitalization And Artificial Intelligence: Two Forms Of Technical Advice To The Legislature,,Teoria Y Realidad Constitucional,,Article,ROCA M.J.,"Universidad Complutense de Madrid, Madrid, Spain",10.5944/trc.52.2023.39019,2-s2.0-85192822742,0,Q2,Q2
2-s2.0-85181450400,2023,2023 Jan,Did the PNR judgment address the core issues raised by mass surveillance?,,European Law Journal,,Article,Korff D.,,10.1111/eulj.12480,2-s2.0-85181450400,4,Q2,Q2
2-s2.0-85173524810,2023,2023 Jan,All Agents Created Equal? The Law’s Technical Neutrality on AI Knowledge Representation,,Journal of Intellectual Property Information Technology and E Commerce Law,,Article,Lerch P.,"Universität des Saarlandes, Saarbrucken, Germany",,2-s2.0-85173524810,0,Q1,Q1
2-s2.0-85150658877,2023,2023 Jan,THE RULE OF LAW AND TECHNOLOGY IN THE PUBLIC SECTOR,,Access to Justice in Eastern Europe,,Article,Strikaitė-Latušinskaja G.,"Vilniaus Universitetas, Vilnius, Lithuania",10.33327/AJEE-18-6.1-a000104,2-s2.0-85150658877,3,Q2,Q2
2-s2.0-85169590794,2023,2023 Jan,Criminal Evidence of Mental States from Neurotechnology: is it Already a Reality?,,Politica Criminal,,Article,Julià-Pijoan M.,"Universitat de Barcelona, Barcelona, Spain",10.4067/S0718-33992023000100091,2-s2.0-85169590794,1,Q2,Q2
2-s2.0-85149565230,2023,2023 Jan,Defining the scope of AI regulations,,Law Innovation and Technology,,Article,Schuett J.,"Goethe-Universität Frankfurt am Main, Frankfurt am Main, Germany",10.1080/17579961.2023.2184135,2-s2.0-85149565230,44,Q1,Q1
2-s2.0-85164189704,2023,2023 Jan,"INFLATION, MARKET FAILURES, AND ALGORITHMS",,Southern California Law Review,,Article,van Loo R.,"Boston University, Boston, United States",,2-s2.0-85164189704,1,Q1,Q1
2-s2.0-85161332757,2023,2023 Jan,Contesting Use of Force Norms Through Technological Practices,,Zeitschrift Fur Auslandisches Offentliches Recht Und Volkerrecht,,Article,Bode I.,"Syddansk Universitet, Odense, Denmark",10.17104/0044-2348-2023-1-39,2-s2.0-85161332757,2,Q2,Q2
2-s2.0-85183907867,2023,2023 Jan,The Algorithmic Explainability “Bait and Switch”,,Minnesota Law Review,,Article,Babic B.,"University of Toronto, Toronto, Canada",,2-s2.0-85183907867,12,Q1,Q1
2-s2.0-85186549230,2023,2023 Jan,Transparency in perspective of open government: approach and conceptual map,,Revista De Derecho,,Article,Romero L.F.,"Universidad Del Zulia, Maracaibo, Venezuela",10.4067/s0718-09502023000200141,2-s2.0-85186549230,0,Q2,Q2
2-s2.0-85187918671,2023,2023 Jan,Law and the political economy of AI production,,International Journal of Law and Information Technology,,Article,Terzis P.,"University College London, London, United Kingdom",10.1093/ijlit/eaae001,2-s2.0-85187918671,8,Q2,Q2
2-s2.0-85173683650,2023,2023 Jan,Authorless AI-assisted productions: Recent developments impacting their protection in the European Union,,Journal of Intellectual Property Information Technology and E Commerce Law,,Article,Lizarralde M.D.,"Technische Universität München, Munich, Germany",,2-s2.0-85173683650,4,Q1,Q1
2-s2.0-85187931954,2023,2023 Jan,Privacy and personal information protection in China’s all-seeing state,,International Journal of Law and Information Technology,,Article,Ong R.,"City University of Hong Kong, Hong Kong, Hong Kong",10.1093/ijlit/eaae003,2-s2.0-85187931954,7,Q2,Q2
2-s2.0-85179072811,2023,2023 Jan,Predictive algorithms and gender perspective in criminal proceedings,,Revista De Internet Derecho Y Politica,,Article,García A.M.,"Universitat de València, Valencia, Spain",10.7238/idp.v0i39.416439,2-s2.0-85179072811,1,Q2,Q2
2-s2.0-85167661083,2023,2023 Jan,AUTONOMOUS WEAPON SYSTEMS: ATTRIBUTING THE CORPORATE ACCOUNTABILITY,,Access to Justice in Eastern Europe,,Article,El Baroudy J.,"Prince Sultan University, Riyadh, Saudi Arabia",10.33327/AJEE-18-6S013,2-s2.0-85167661083,0,Q2,Q2
2-s2.0-85150617604,2023,2023 Jan,Human dignity and AI: mapping the contours and utility of human dignity in addressing challenges presented by AI,,Law Innovation and Technology,,Article,Teo S.A.,"Københavns Universitet, Copenhagen, Denmark",10.1080/17579961.2023.2184132,2-s2.0-85150617604,23,Q1,Q1
2-s2.0-85143134987,2023,2023 Jan,Decoding Authorship: Is There Really no Place for an Algorithmic Author Under Copyright Law?,,IIC International Review of Intellectual Property and Competition Law,,Article,Xiao Y.,"University of Oxford, Oxford, United Kingdom",10.1007/s40319-022-01269-5,2-s2.0-85143134987,14,Q1,Q1
2-s2.0-85186850543,2023,2023 Jan,"Beyond bias: algorithmic machines, discrimination law and the analogy trap",,Transnational Legal Theory,,Article,Xenidis R.,"École de Droit Sciences Po, Paris, France",10.1080/20414005.2024.2307200,2-s2.0-85186850543,7,Q2,Q2
2-s2.0-85168136028,2023,2023 Jan,Expunged ‘by design’: on the potential of AI to be a partial enabler in the expungement process,,Law Innovation and Technology,,Article,Mamak K.,"Helsingin Yliopisto, Helsinki, Finland",10.1080/17579961.2023.2245682,2-s2.0-85168136028,1,Q1,Q1
2-s2.0-85171528700,2023,2023 Jan,Intellectual property as a tool to promote transparency and prevent algorithmic discrimination,,Revista Chilena De Derecho Y Tecnologia,,Article,Pirela M.A.,"Universidad Alberto Hurtado, Santiago, Chile",10.5354/0719-2584.2023.70131,2-s2.0-85171528700,8,Q1,Q1
2-s2.0-85153490581,2023,2023 Jan,Allocating organs through algorithms and equitable access to transplantation - a European human rights law approach,,Journal of Law and the Biosciences,,Article,Lebret A.,"Københavns Universitet, Copenhagen, Denmark",10.1093/jlb/lsad004,2-s2.0-85153490581,15,Q1,Q1
2-s2.0-85144033661,2023,2023 Jan,Artificially intelligent sex bots and female slavery: social science and Jewish legal and ethical perspectives,,Information and Communications Technology Law,,Article,Sinclair D.,"Tel Aviv University, Tel Aviv-Yafo, Israel",10.1080/13600834.2022.2154050,2-s2.0-85144033661,6,Q2,Q2
2-s2.0-85147934441,2023,2023 Jan,Diffusion of Individual Legal Responsibility in the Context of Learning Systems,,Monatsschrift Fur Kriminologie Und Strafrechtsreform,,Article,Beck S.,"Gottfried Wilhelm Leibniz Universität Hannover, Hannover, Germany",10.1515/mks-2022-0027,2-s2.0-85147934441,0,Q2,Q2
2-s2.0-85159170474,2023,2023 Jan,"THE LEGAL ISSUE OF DETERRENCE OF ALGORITHMIC CONTROL OF DIGITAL PLATFORMS: THE EXPERIENCE OF CHINA, THE EUROPEAN UNION, RUSSIA AND INDIA",,Brics Law Journal,,Article,Kharitonova Y.,"Lomonosov Moscow State University, Moscow, Russian Federation",10.21684/2412-2343-2023-10-1-147-170,2-s2.0-85159170474,1,Q2,Q2
2-s2.0-85214676944,2024,2024 Dec,AI Act and online legal advice: issues regarding access to justice,,Rivista Italiana Di Informatica E Diritto,,Article,Comoglio P.,"Diritto processuale civile presso, Genoa, Italy",10.32091/RIID0179,2-s2.0-85214676944,0,Q2,Q2
2-s2.0-105003590608,2024,2024 Dec,"Review: Paweł Księżak, Sylwia Wojtczak, Toward a Conceptual…Network for the Private Law of Artificial Intelligence (Springer 2023)",,Prawo I Wiez,,Review,Widło J.,"Katolicki Uniwersytet Lubelski Jana Pawła II, Lublin, Poland",10.36128/PRIW.VI53.858,2-s2.0-105003590608,0,Q2,Q2
2-s2.0-105001432870,2024,2024 Dec,The Subject of Administrative Competence in Automated Law Application Processes against the Background of the Issue of Legal and Democratic Legitimacy of Delegating Competences to Artificial Intelligence Systems and Legal Liability for their Actions or Omissions,,Prawo I Wiez,,Article,Kamiński M.,"Uniwersytet Kaliski, Kalisz, Poland",10.36128/PRIW.VI53.1102,2-s2.0-105001432870,3,Q2,Q2
2-s2.0-105031448469,2024,2024 Dec,How Gen Z students learn law in the age of GPT chat,,Revista De Educacion Y Derecho,,Article,i Roig M.C.,"Universitat de les Illes Balears, Palma, Spain",10.1344/REYD2024.2-Extraordinario.49173,2-s2.0-105031448469,0,Q2,Q2
2-s2.0-105003559243,2024,2024 Dec,Cybersecurity of Public Sector Institutions,,Prawo I Wiez,,Article,Gaie C.,"Uniwersytet Warminsko-Mazurski w Olsztynie, Olsztyn, Poland",10.36128/PRIW.VI53.1129,2-s2.0-105003559243,9,Q2,Q2
2-s2.0-85211336399,2024,2024 Dec,Artificial Authorship and Judicial Opinions,,George Washington Law Review,,Article,Re R.M.,"University of Virginia School of Law, Charlottesville, United States",,2-s2.0-85211336399,3,Q2,Q2
2-s2.0-85209640261,2024,2024 Dec,Building a better lawyer: Experimental evidence that artificial intelligence can increase legal work efficiency,,Journal of Empirical Legal Studies,,Article,Nielsen A.,"ETH Zürich, Zurich, Switzerland",10.1111/jels.12396,2-s2.0-85209640261,3,Q2,Q2
2-s2.0-85209952555,2024,2024 Dec,Regulating generative AI: The limits of technology-neutral regulatory frameworks. Insights from Italy's intervention on ChatGPT,,Government Information Quarterly,,Article,Cordella A.,"London School of Economics and Political Science, London, United Kingdom",10.1016/j.giq.2024.101982,2-s2.0-85209952555,12,Q1,Q1
2-s2.0-105014961414,2024,2024 Dec,"Lawful but Awful: Evolving Legislative Responses to Address Online Misinformation, Disinformation, and Mal-Information in the Age of Generative AI",,American Journal of Comparative Law,,Article,Chesterman S.,"National University of Singapore, Singapore City, Singapore",10.1093/ajcl/avaf020,2-s2.0-105014961414,3,Q2,Q2
2-s2.0-85215692057,2024,2024 Dec,Fair Use Defenses in Disruptive Technology Cases,,UCLA Law Review,,Article,Samuelson P.,"Berkeley Law School, Berkeley, United States",,2-s2.0-85215692057,11,Q1,Q1
2-s2.0-85211319350,2024,2024 Dec,The future of court’s procurators with the advent of artificial intelligence technologies,,Onati Socio Legal Series,,Article,Galarreta F.J.F.,"Universidad del Pais Vasco, Leioa, Spain",10.35295/OSLS.IISL.1907,2-s2.0-85211319350,2,Q2,Q2
2-s2.0-85214134459,2024,2024 Dec,The Risks of Using Artificial Intelligence on Privacy and Human Rights: Unifying Global Standards,,Jurnal Media Hukum,,Article,Al-Billeh T.,"Applied Science Private University, Amman, Jordan",10.18196/jmh.v31i2.23480,2-s2.0-85214134459,11,Q2,Q2
2-s2.0-85219015568,2024,2024 Dec,Artificial intelligence and legal training: sociocritical approach,,Revista De Educacion Y Derecho,,Article,Eduardo Palma E.,"Universidad de Valladolid, Valladolid, Spain",10.1344/REYD2024.2Extraordinario.49190,2-s2.0-85219015568,2,Q2,Q2
2-s2.0-85219065904,2024,2024 Dec,Artificial intelligence in the teaching of law: a bibliometric and case study at the Faculty of law of the Universidad de Oriente de Cuba,,Revista De Educacion Y Derecho,,Article,Vázquez J.M.,"Universidad de Oriente, Santiago de Cuba, Cuba",10.1344/REYD2024.2Extraordinario.49201,2-s2.0-85219065904,1,Q2,Q2
2-s2.0-85213411141,2024,2024 Dec,Clinical Negligence in an Age of Machine Learning: Res ipsa loquitur to the Rescue?,,Journal of European Tort Law,,Article,Bartlett B.,"The University of Manchester, Manchester, United Kingdom",10.1515/jetl-2024-0015,2-s2.0-85213411141,1,Q2,Q2
2-s2.0-85210164181,2024,2024 Dec,Cybersecurity Framework for Synthetic Data in Training Medical AI,,European Journal of Risk Regulation,,Article,Greser J.,"Vrije Universiteit Brussel, Brussels, Belgium",10.1017/err.2024.74,2-s2.0-85210164181,1,Q1,Q1
2-s2.0-85207314628,2024,2024 Dec,"Countering the complex, multifaceted nature of nude and sexually explicit deepfakes: an Augean task?",,Crime Science,,Article,Maras M.H.,"John Jay College of Criminal Justice, New York, United States",10.1186/s40163-024-00226-6,2-s2.0-85207314628,8,Q1,Q1
2-s2.0-85219060243,2024,2024 Dec,What if we use ChatGPT in the exams?,,Revista De Educacion Y Derecho,,Article,Muruaga Herrero P.,"Universitat de València, Valencia, Spain",10.1344/REYD2024.2Extraordinario.49202,2-s2.0-85219060243,0,Q2,Q2
2-s2.0-85218990837,2024,2024 Dec,Artificial intelligence and criminal procedural law: challenges for teaching,,Revista De Educacion Y Derecho,,Article,Ronconi L.,"Universidad Austral de Chile, Valdivia, Chile",10.1344/REYD2024.2Extraordinario.49205,2-s2.0-85218990837,0,Q2,Q2
2-s2.0-85219017249,2024,2024 Dec,"Legal Study of Artificial Intelligence in Alternative Justice: Education, SDGs and Humanist Proposal",,Revista De Educacion Y Derecho,,Article,Quiroga M.G.,"Universidad Rey Juan Carlos, Madrid, Spain",10.1344/REYD2024.2Extraordinario.49176,2-s2.0-85219017249,0,Q2,Q2
2-s2.0-85193418689,2024,2024 Dec,Ethical considerations and concerns in the implementation of AI in pharmacy practice: a cross-sectional study,,BMC Medical Ethics,,Article,Hasan H.E.,"University of Sharjah, Sharjah, United Arab Emirates",10.1186/s12910-024-01062-8,2-s2.0-85193418689,59,Q1,Q1
2-s2.0-85213416831,2024,2024 Dec,An Artificial Intelligence Maturity Model for the Public Sector: A Design Science Approach,,Taltech Journal of European Studies,,Article,Dreyling R.,"Tallinna Tehnikaülikool, Tallinn, Estonia",10.2478/bjes-2024-0023,2-s2.0-85213416831,3,Q1,Q1
2-s2.0-85210307197,2024,2024 Dec,Judging creativity in AI-generated art: Chinese and Western perspectives on originality in copyright law,,International Journal of Legal Discourse,,Article,Matias C.,"University of Macau, Taipa, Macao",10.1515/ijld-2024-2015,2-s2.0-85210307197,2,Q1,Q1
2-s2.0-85209386828,2024,2024 Dec,Stance expressions in legal academic discourse: A corpus-based analysis of legal journals,,International Journal of Legal Discourse,,Article,Li J.,"Zhejiang Gongshang University, Hangzhou, China",10.1515/ijld-2024-2016,2-s2.0-85209386828,3,Q1,Q1
2-s2.0-85215409974,2024,2024 Dec,Major Technological Questions,,George Washington Law Review,,Article,Abramowicz M.,"University of Virginia, Charlottesville, United States",,2-s2.0-85215409974,0,Q2,Q2
2-s2.0-85211336393,2024,2024 Dec,Introduction: The influence of new technologies on law,,Onati Socio Legal Series,,Editorial,DE EULATE I.N.M.,"Universidad del Pais Vasco, Leioa, Spain",10.35295/OSLS.IISL.2127,2-s2.0-85211336393,0,Q2,Q2
2-s2.0-85218102754,2024,2024 Dec,Handling chat data in the age of the AI investigator,,Era Forum,,Article,Kahvedžić D.,"ProSearch, Dublin, Ireland",10.1007/s12027-025-00827-x,2-s2.0-85218102754,1,Q1,Q1
2-s2.0-85177190521,2024,2024 Dec,Bringing order into the realm of Transformer-based language models for artificial intelligence and law,,Artificial Intelligence and Law,,Review,Greco C.M.,"Università della Calabria, Rende, Italy",10.1007/s10506-023-09374-7,2-s2.0-85177190521,32,Q1,Q1
2-s2.0-105005452950,2024,2024 Dec,AI automation is enclosure: the case for data rent modelled on ground rent,,European Law Open,,Review,Vipra J.,"Cornell University, Ithaca, United States",10.1017/elo.2024.48,2-s2.0-105005452950,0,Q1,Q1
2-s2.0-85187940195,2024,2024 Dec,"Artificial Intelligence, Rationalization, and the Limits of Control in the Public Sector: The Case of Tax Policy Optimization",,Social Science Computer Review,,Article,Mökander J.,"Oxford Social Sciences Division, Oxford, United Kingdom",10.1177/08944393241235175,2-s2.0-85187940195,12,Q1,Q1
2-s2.0-85182718668,2024,2024 Dec,The Automated State: A Realist View,,George Washington Law Review,,Article,Engstrom D.F.,"Stanford Law School, Stanford, United States",,2-s2.0-85182718668,3,Q2,Q2
2-s2.0-85188908475,2024,2024 Dec,Ethical implications of blockchain technology in biomedical research,,Ethik in Der Medizin,,Article,Rubeis G.,"Karl Landsteiner University of Health Sciences, Krems an der Donau, Austria",10.1007/s00481-024-00805-w,2-s2.0-85188908475,11,Q2,Q2
2-s2.0-85213450995,2024,2024 Dec,Implementation of e-Government and Artificial Intelligence in Polish Public Administration,,Taltech Journal of European Studies,,Article,Włodyka E.M.,"Politechnika Koszalinska, Koszalin, Poland",10.2478/bjes-2024-0019,2-s2.0-85213450995,3,Q1,Q1
2-s2.0-85219016709,2024,2024 Dec,How Gen Z students learn law in the age of GPT chat,,Revista De Educacion Y Derecho,,Article,Capellà I Roig M.,"Universitat de les Illes Balears, Palma, Spain",10.1344/REYD2024.2Extraordinario.49173,2-s2.0-85219016709,1,Q2,Q2
2-s2.0-85198853783,2024,2024 Dec,Data sovereignty requirements for patient-oriented AI-driven clinical research in Germany,,Ethik in Der Medizin,,Article,Radic M.,"Goethe-Universität Frankfurt am Main, Frankfurt am Main, Germany",10.1007/s00481-024-00827-4,2-s2.0-85198853783,3,Q2,Q2
2-s2.0-85182692078,2024,2024 Dec,"AI Regulation Has Its Own Alignment Problem: The Technical and Institutional Feasibility of Disclosure, Registration, Licensing, and Auditing",,George Washington Law Review,,Article,Guha N.,"University of California, Berkeley, Berkeley, United States",,2-s2.0-85182692078,19,Q2,Q2
2-s2.0-105001701791,2024,2024 Dec,Responsive competition law,,European Law Open,,Article,Sauter W.,"Vrije Universiteit Amsterdam, Amsterdam, Netherlands",10.1017/elo.2025.10,2-s2.0-105001701791,0,Q1,Q1
2-s2.0-85219008728,2024,2024 Dec,IA legum: transforming legal education with intelligent technology,,Revista De Educacion Y Derecho,,Article,Luis Zamora Manzano J.,"Universidad de Las Palmas de Gran Canaria, Las Palmas de Gran Canaria, Spain",10.1344/REYD2024.2Extraordinario.49382,2-s2.0-85219008728,0,Q2,Q2
2-s2.0-85191038984,2024,2024 Dec,Regulatory Approaches Towards AI-Based Medical Device Cybersecurity: A Transatlantic Perspective,,European Journal of Risk Regulation,,Article,Biasin E.,"KU Leuven, Leuven, Belgium",10.1017/err.2024.23,2-s2.0-85191038984,11,Q1,Q1
2-s2.0-85211360719,2024,2024 Dec,Institutions of law in the metaverse,,Onati Socio Legal Series,,Article,Caballero J.B.,"The University of Edinburgh, Edinburgh, United Kingdom",10.35295/osls.iisl.1852,2-s2.0-85211360719,2,Q2,Q2
2-s2.0-105014846602,2024,2024 Dec,FROM PLAIN LANGUAGE TO CLEAR COMMUNICATION: INTRODUCTION TO THE MONOGRAPHIC SECTION,,Revista De Llengua I Dret,,Article,Duch A.A.,"Universitat Oberta de Catalunya, Barcelona, Spain",10.58992/rld.i82.2024.4390,2-s2.0-105014846602,1,Q2,Q2
2-s2.0-85213420960,2024,2024 Dec,The Legal Challenges of Realistic and AI-Driven Child Sexual Abuse Material: Regulatory and Enforcement Perspectives in Europe,,Laws,,Article,Parti K.,"Virginia Polytechnic Institute and State University, Blacksburg, United States",10.3390/laws13060067,2-s2.0-85213420960,5,Q2,Q2
2-s2.0-85202009716,2024,2024 Dec,Enterprise Foundations and Faithful Agency as Drivers of Sustainable Long-Termism in Philanthropy,,European Business Organization Law Review,,Article,Ørberg M.,"Copenhagen Business School, Frederiksberg, Denmark",10.1007/s40804-024-00324-7,2-s2.0-85202009716,0,Q1,Q1
2-s2.0-85205336430,2024,2024 Dec,"Biobanking, digital health and privacy: the choices of 1410 volunteers and neurological patients regarding limitations on use of data and biological samples, return of results and sharing",,BMC Medical Ethics,,Article,Giannella E.,"IRCCS Fondazione Santa Lucia, Rome, Italy",10.1186/s12910-024-01102-3,2-s2.0-85205336430,5,Q1,Q1
2-s2.0-105001712717,2024,2024 Nov,"Artificial Intelligence, Innovation, and Copyright: Comparing Intellectual Property Law in Indonesia and South Korea",,Lex Scientia Law Review,,Article,Syafrinaldi S.,"Inha University, Incheon, South Korea",10.15294/lslr.v8i2.1227,2-s2.0-105001712717,1,Q2,Q2
2-s2.0-85218227368,2024,2024 Nov,Justice on Trial: How Artificial Intelligence is Reshaping Judicial Decision-Making,,Journal of Indonesian Legal Studies,,Article,Andriati S.L.,"Universiti Teknologi MARA, Shah Alam, Malaysia",10.15294/jils.v9i2.13683,2-s2.0-85218227368,5,Q1,Q1
2-s2.0-86000289282,2024,2024 Nov,Digital Deception: The Impact of Deepfakes on Privacy Rights,,Lex Scientia Law Review,,Article,Verma K.,"University of Lucknow, Lucknow, India",10.15294/lslr.v8i2.13749,2-s2.0-86000289282,2,Q2,Q2
2-s2.0-85211783066,2024,2024 Nov,The Role of Automated Decision-Making in Modern Administrative Law: Challenges and Data Protection Implications,,Central European Public Administration Review,,Article,Rudolf G.,"Univerza v Ljubljani, Ljubljana, Slovenia",10.17573/cepar.2024.2.04,2-s2.0-85211783066,5,Q2,Q2
2-s2.0-85214376485,2024,2024 Nov,Self-Driving Vehicles and Their Impact on the European Convention on Human Rights,,Journal of Human Rights Culture and Legal System,,Article,Herke H.C.,"Pécsi Tudományegyetem, Pecs, Hungary",10.53955/jhcls.v4i3.376,2-s2.0-85214376485,2,Q1,Q1
2-s2.0-85213381901,2024,2024 Nov,The Regulations of Protection Tourists in High-Risk Tourism Destination,,Journal of Human Rights Culture and Legal System,,Article,Sari N.,"International Islamic University Malaysia, Kuala Lumpur, Malaysia",10.53955/jhcls.v4i3.366,2-s2.0-85213381901,4,Q1,Q1
2-s2.0-85207645099,2024,2024 Nov,Addressing the risks of generative AI for the judiciary: The accountability framework(s) under the EU AI Act,,Computer Law and Security Review,,Article,Carnat I.,"Università di Pisa, Pisa, Italy",10.1016/j.clsr.2024.106067,2-s2.0-85207645099,11,Q1,Q1
2-s2.0-85210267603,2024,2024 Nov,LEGAL ANALYSIS OF EU ARTIFICIAL INTELLIGENCE ACT (2024): INSIGHTS FROM PERSONAL DATA GOVERNANCE AND HEALTH POLICY,,Access to Justice in Eastern Europe,,Article,Olimid A.P.,"University of Craiova, Craiova, Romania",10.33327/AJEE-18-7.4-a000103,2-s2.0-85210267603,3,Q2,Q2
2-s2.0-85206677339,2024,2024 Nov,Generative artificial intelligence (GenAI) and decision-making: Legal & ethical hurdles for implementation in mental health,,International Journal of Law and Psychiatry,,Article,Solaiman B.,"Weill Cornell Medicine-Qatar, Doha, Qatar",10.1016/j.ijlp.2024.102028,2-s2.0-85206677339,17,Q2,Q2
2-s2.0-85203790392,2024,2024 Nov,"Generative AI in EU law: Liability, privacy, intellectual property, and cybersecurity",,Computer Law and Security Review,,Article,Novelli C.,"Yale University, New Haven, United States",10.1016/j.clsr.2024.106066,2-s2.0-85203790392,74,Q1,Q1
2-s2.0-85202216307,2024,2024 Nov,Protection of Press Publishers in the Age of Generative AI – In Search of Legal Remedies to Adapt to the Pace of Technology: Protection of Press Publishers in the Age of Generative AI..: M. Kowala,,IIC International Review of Intellectual Property and Competition Law,,Article,Kowala M.,"Uniwersytet im. Adama Mickiewicza w Poznaniu, Poznan, Poland",10.1007/s40319-024-01515-y,2-s2.0-85202216307,3,Q1,Q1
2-s2.0-85194486328,2024,2024 Nov,Authorship in artificial intelligence-generated works: Exploring originality in text prompts and artificial intelligence outputs through philosophical foundations of copyright and collage protection,,Journal of World Intellectual Property,,Article,Mazzi F.,"Brunel Law School, Uxbridge, United Kingdom",10.1111/jwip.12310,2-s2.0-85194486328,25,Q2,Q2
2-s2.0-85207789633,2024,2024 Nov,Bayesian deep learning: An enhanced AI framework for legal reasoning alignment,,Computer Law and Security Review,,Article,Zhang C.,"Xi'an Jiaotong University, Xi'an, China",10.1016/j.clsr.2024.106073,2-s2.0-85207789633,15,Q1,Q1
2-s2.0-85205281619,2024,2024 Nov,"Copyright protection during the training stage of generative AI: Industry-oriented U.S. law, rights-oriented EU law, and fair remuneration rights for generative AI training under the UN's international governance regime for AI",,Computer Law and Security Review,,Article,Li K.,"NingboTech University, Ningbo, China",10.1016/j.clsr.2024.106056,2-s2.0-85205281619,8,Q1,Q1
2-s2.0-85204221651,2024,2024 Nov,Assessing trustworthy AI: Technical and legal perspectives of fairness in AI,,Computer Law and Security Review,,Article,Kattnig M.,"Technische Universitat Graz, Graz, Austria",10.1016/j.clsr.2024.106053,2-s2.0-85204221651,27,Q1,Q1
2-s2.0-85203147962,2024,2024 Nov,Fair and efficient asylum procedures and artificial intelligence: Quo Vadis due process?,,Computer Law and Security Review,,Article,Stewart L.S.,"European University Institute, San Domenico di Fiesole, San Domenico di Fiesole, Italy",10.1016/j.clsr.2024.106050,2-s2.0-85203147962,2,Q1,Q1
2-s2.0-85208100140,2024,2024 Nov,"The Perfect Storm: Artificial Intelligence, Financialisation, and Venture Legalism",,Law and Critique,,Article,Veitch S.,"The University of Hong Kong, Hong Kong, Hong Kong",10.1007/s10978-024-09401-9,2-s2.0-85208100140,0,Q1,Q1
2-s2.0-85219161770,2024,2024 Nov,The Travel Visa as the Ubiquitous Legal Infrastructure of Everyday Global Mobility Arbitrariness,,German Law Journal,,Article,Mégret F.,"Columbia University, New York, United States",10.1017/glj.2024.72,2-s2.0-85219161770,5,Q1,Q1
2-s2.0-85205561774,2024,2024 Nov,Who is vulnerable to deceptive design patterns? A transdisciplinary perspective on the multi-dimensional nature of digital vulnerability,,Computer Law and Security Review,,Article,Rossi A.,"Alma Mater Studiorum Università di Bologna, Bologna, Italy",10.1016/j.clsr.2024.106031,2-s2.0-85205561774,12,Q1,Q1
2-s2.0-85204284022,2024,2024 Nov,Text and Data Mining Exceptions in Latin America,,IIC International Review of Intellectual Property and Competition Law,,Article,Schirru L.,"Universidade Federal do Rio de Janeiro, Rio de Janeiro, Brazil",10.1007/s40319-024-01511-2,2-s2.0-85204284022,3,Q1,Q1
2-s2.0-85192738900,2024,2024 Nov,Video kills the radio star: Copyright and the human versus artificial creativity war,,Journal of World Intellectual Property,,Article,Mazzi F.,"University of Sussex, Brighton, United Kingdom",10.1111/jwip.12304,2-s2.0-85192738900,1,Q2,Q2
2-s2.0-85219096759,2024,2024 Nov,The Legal Infrastructures of UK Border Control-Cerberus and the Dispositif of Speculative Suspicion,,German Law Journal,,Article,Sullivan G.,"The University of Edinburgh, Edinburgh, United Kingdom",10.1017/glj.2024.76,2-s2.0-85219096759,4,Q1,Q1
2-s2.0-85212670145,2024,2024 Nov,Regulating AI in the ‘twin transitions’: Significance and shortcomings of the AI Act in the digitalised electricity sector,,Review of European Comparative and International Environmental Law,,Article,Espinosa Apráez B.,"Tilburg Institute for Law, Technology, and Society, Tilburg, Netherlands",10.1111/reel.12574,2-s2.0-85212670145,2,Q1,Q1
2-s2.0-85206434002,2024,2024 Nov,Procedural fairness in automated asylum procedures: Fundamental rights for fundamental challenges,,Computer Law and Security Review,,Article,Palmiotto F.,"Hertie School, Berlin, Germany",10.1016/j.clsr.2024.106065,2-s2.0-85206434002,1,Q1,Q1
2-s2.0-85201765865,2024,2024 Nov,Innovative strategies and forward thinking on China's digital maritime law enforcement,,Marine Policy,,Article,Wang W.,"Zhejiang University Guanghua Law School, Hangzhou, China",10.1016/j.marpol.2024.106369,2-s2.0-85201765865,5,Q1,Q1
2-s2.0-85204529883,2024,2024 Nov,An introduction to the current state of standardization and certification on military AI applications,,Journal of Air Transport Management,,Article,Delgado-Aguilera Jurado R.,"Universidad Politécnica de Madrid, Madrid, Spain",10.1016/j.jairtraman.2024.102685,2-s2.0-85204529883,6,Q1,Q1
2-s2.0-85199918245,2024,2024 Nov,Automated Risk Analysis for Construction Contracts Using Neural Networks,,Journal of Legal Affairs and Dispute Resolution in Engineering and Construction,,Article,Hamdy K.,"Faculty of Engineering, Ain Shams University, Cairo, Egypt",10.1061/JLADAH.LADR-1149,2-s2.0-85199918245,7,Q1,Q1
2-s2.0-85218090347,2024,2024 Nov,GOVERNING BY ASSIGNMENT,,University of Pennsylvania Law Review,,Article,Cui I.,"Stanford University, Stanford, United States",10.58112/uplr.173-1.3,2-s2.0-85218090347,1,Q1,Q1
2-s2.0-85213358721,2024,2024 Oct,Regulatory Sandboxes and Supporting Business Activity: Selected Legal Problems,,Prawo I Wiez,,Article,Olszewski J.,"Uniwersytetu Rzeszowskiego, Rzeszow, Poland",10.36128/PRIW.VI52.1003,2-s2.0-85213358721,2,Q2,Q2
2-s2.0-85212291765,2024,2024 Oct,"Reforming the Indonesian Bureaucracy through State Civil Apparatus Reform, Could It be Optimized with Technology?",,Journal of Law and Legal Reform,,Article,Amancik A.,"Debreceni Egyetem, Debrecen, Hungary",10.15294/jllr.v5i3.13753,2-s2.0-85212291765,0,Q2,Q2
2-s2.0-85207293650,2024,2024 Oct,China’s Legal Practices Concerning Challenges of Artificial General Intelligence,,Laws,,Article,Chen B.,"Nankai University, Tianjin, China",10.3390/laws13050060,2-s2.0-85207293650,7,Q2,Q2
2-s2.0-85218154431,2024,2024 Oct,Artificial Intelligence and judiciary: on the dichotomy between assistance and replacement. Technical and environmental aspects,,Revista De Internet Derecho Y Politica,,Article,Silva S.R.,"Universidad San Jorge, Zaragoza, Spain",10.7238/idp.v0i41.426865,2-s2.0-85218154431,4,Q2,Q2
2-s2.0-85208246746,2024,2024 Oct,(SYNTHETIC) STUMP SPEECH: CRAFTING GENERATIVE AI DISCLOSURE REGULATIONS FOR POLITICAL ADVERTISEMENTS,,Fordham Law Review,,Review,Paget A.,"Fordham University, New York, United States",,2-s2.0-85208246746,2,Q2,Q2
2-s2.0-105012372695,2024,2024 Oct,PROBLEMS OF REGULATION OF ETHICAL AND LEGAL BEHAVIOR IN THE INTERNET SPACE: PHILOSOPHICAL AND LEGAL ASPECT,,Relacoes Internacionais no Mundo Atual,,Article,Karipova A.,"Esil University, Astana, Kazakhstan",10.21902/Revrima.v4i46.7997,2-s2.0-105012372695,0,Q2,Q2
2-s2.0-105011397893,2024,2024 Oct,ARTIFICIAL INTELLIGENCE SYSTEMS IN LEGAL PERSONALITY AND CIVIL LIABILITY,,Relacoes Internacionais no Mundo Atual,,Article,Alayaydeh H.A.,"Al-Ahliyya Amman University, Amman, Jordan",10.21902/Revrima.v4i46.7955,2-s2.0-105011397893,0,Q2,Q2
2-s2.0-85211784184,2024,2024 Oct,ALGORITHMIZATION OF LAW ENFORCEMENT MANAGEMENT PROCESSES USING ARTIFICIAL INTELLIGENCE,,Relacoes Internacionais no Mundo Atual,,Article,Barchukov V.,"HSE University, Moscow, Russian Federation",10.21902/Revrima.v4i46.7268,2-s2.0-85211784184,0,Q2,Q2
2-s2.0-85206252986,2024,2024 Oct,Risk and danger in the introduction of algorithms to courts: A comparative framework between EU and Brazil,,Onati Socio Legal Series,,Article,Hedler L.,"Copenhagen Business School, Frederiksberg, Denmark",10.35295/osls.iisl.1859,2-s2.0-85206252986,3,Q2,Q2
2-s2.0-85210806728,2024,2024 Oct,PERSONNEL SECURITY OF THE EMPLOYER WHEN EMPLOYING CITIZENS: LEGAL MANAGEMENT ASPECTS,,Relacoes Internacionais no Mundo Atual,,Article,Sapfirova A.,"Kuban State Agrarian University, Krasnodar, Russian Federation",10.21902/Revrima.v4i46.7373,2-s2.0-85210806728,0,Q2,Q2
2-s2.0-85207260943,2024,2024 Oct,Transformative Impact of the EU AI Act on Maritime Autonomous Surface Ships,,Laws,,Article,Lee Y.G.,"Korea Maritime and Ocean University, Busan, South Korea",10.3390/laws13050061,2-s2.0-85207260943,6,Q2,Q2
2-s2.0-85214262673,2024,2024 Oct,THE FUTURE OF WORK AND ARTIFICIAL INTELLIGENCE: A LOOK AT REGULATION (EU) 2024/1689 OF THE EUROPEAN PARLIAMENT AND OF THE COUNCIL OF 13 JUNE 2024,,Relacoes Internacionais no Mundo Atual,,Article,Loureiro A.C.,"Instituto Politécnico do Cávado e do Ave, Barcelos, Portugal",10.21902/Revrima.v4i46.7518,2-s2.0-85214262673,0,Q2,Q2
2-s2.0-85205582478,2024,2024 Oct,Competing Legal Futures - Commodification Bets All the Way From Personal Data to AI,,German Law Journal,,Article,Giraudo M.,"Università degli Studi di Torino, Turin, Italy",10.1017/glj.2024.29,2-s2.0-85205582478,3,Q1,Q1
2-s2.0-85206238317,2024,2024 Oct,Introduction: A Special Issue on Niklas Luhmann’s Systems Theory and Law,,Onati Socio Legal Series,,Article,Nielsen S.P.P.,"Aalborg University, Aalborg, Denmark",10.35295/OSLS.IISL.1855,2-s2.0-85206238317,2,Q2,Q2
2-s2.0-85207915477,2024,2024 Oct,Reconceptualizing Constitutionalism in the AI Run Algorithmic Society,,German Law Journal,,Article,Avbelj M.,"New University, Nova Gorica, Slovenia",10.1017/glj.2024.35,2-s2.0-85207915477,1,Q1,Q1
2-s2.0-85204356009,2024,2024 Oct,Liability for AI-related IP infringements in the European Union,,Journal of Intellectual Property Law and Practice,,Article,Marinković A.R.,"University of Zagreb, Faculty of Law, Zagreb, Croatia",10.1093/jiplp/jpae061,2-s2.0-85204356009,1,Q2,Q2
2-s2.0-85206000567,2024,2024 Sep,Artificial Intelligence Lawmaking: Challenges and Prospects,,Prawo I Wiez,,Article,Burczaniuk P.,"Cardinal Stefan Wyszynski University in Warsaw, Warsaw, Poland",10.36128/PRIW.VI51.707,2-s2.0-85206000567,2,Q2,Q2
2-s2.0-85206560072,2024,2024 Sep,Artificial Intelligence Regulation on Labour Market: Comparative Perspectives on the European Union Artificial Intelligence Act in the Indonesian Context,,Lex Scientia Law Review,,Article,Rahman R.A.,"Szegedi Tudományegyetem (SZTE), Szeged, Hungary",10.15294/LSLR.V8I1.3465,2-s2.0-85206560072,1,Q2,Q2
2-s2.0-85205093007,2024,2024 Sep,Artificial intelligence in the judicial dimension and protection of fundamental rights,,Federalismi It,,Article,Formisano A.,"Parthenope University of Naples, Naples, Italy",,2-s2.0-85205093007,1,Q2,Q2
2-s2.0-85217382220,2024,2024 Sep,DATA AND ARTIFICIAL INTELLIGENCE: HERMENEUTICAL INVESTIGATION ON THE NON-THEMATIZED ASSUMPTIONS OF LEGAL REGULATION,,Revista Da Faculdade De Direito Da Universidade Federal De Minas Gerais,,Article,Diniz T.D.D.M.,"Universidade Federal de Minas Gerais, Belo Horizonte, Brazil",10.12818/P.0304-2340.2024v84p395,2-s2.0-85217382220,0,Q2,Q2
2-s2.0-85205090678,2024,2024 Sep,"ARTIFICIAL INTELIGENTE VERSUS COPYRIGHT: IMPUNITY FOR UNAUTHOTIZED USE, SERIAL REFRENCE TO BRAZIL",,Revista Da Faculdade De Direito Da Universidade Federal De Minas Gerais,,Article,Medina J.C.,"Universidade de Brasília, Brasília, Brazil",10.12818/P.0304-2340.2024v84p243,2-s2.0-85205090678,0,Q2,Q2
2-s2.0-85186875444,2024,2024 Sep,More than Words: A Legal Approach to the Risks of Commercial Chatbots Powered by Generative Artificial Intelligence,,European Journal of Risk Regulation,,Article,Migliorini S.,"University of Macau, Taipa, Macao",10.1017/err.2024.4,2-s2.0-85186875444,12,Q1,Q1
2-s2.0-85174399187,2024,2024 Sep,ChatGPT: A Case Study on Copyright Challenges for Generative Artificial Intelligence Systems,,European Journal of Risk Regulation,,Article,Lucchi N.,"Universitat Pompeu Fabra Barcelona, Barcelona, Spain",10.1017/err.2023.59,2-s2.0-85174399187,110,Q1,Q1
2-s2.0-85213362602,2024,2024 Sep,Generative Artificial Intelligence in Music and Colombian Copyright,,Novum Jus,,Article,Puerta M.P.,"Universidad Santo Tomás, Bogota, Colombia",10.14718/NovumJus.2024.18.3.3,2-s2.0-85213362602,1,Q2,Q2
2-s2.0-85213362465,2024,2024 Sep,The Impact of Technology on Judicial Process: A View from the Concepts of Digital Judge and Due Process,,Novum Jus,,Article,Botero Chica L.A.,"Universidad de Medellín, Medellin, Colombia",10.14718/NovumJus.2024.18.3.7,2-s2.0-85213362465,2,Q2,Q2
2-s2.0-85215525027,2024,2024 Sep,Next-generation templates to ease the transition from documents to data in the Italian justice system,,Ceridap,,Article,Santosuosso A.,,10.13130/2723-9195/2024-3-20,2-s2.0-85215525027,0,Q2,Q2
2-s2.0-85173750685,2024,2024 Sep,Cyberethics in nursing education: Ethical implications of artificial intelligence,,Nursing Ethics,,Article,De Gagne J.C.,"Duke University, Durham, United States",10.1177/09697330231201901,2-s2.0-85173750685,66,Q1,Q1
2-s2.0-85215499921,2024,2024 Sep,"The Council of Europe’s Convention on Artificial Intelligence, Human Rights, Democracy and the Rule of Law",,Ceridap,,Article,Hueso L.C.,,10.13130/2723-9195/2024-3-31,2-s2.0-85215499921,1,Q2,Q2
2-s2.0-85202573254,2024,2024 Sep,Prevention and Detection of Bid Rigging in Public Procurement in India: Role of Artificial Intelligence,,World Competition,,Article,Michael A.A.,"Gujarat National Law University, Gandhinagar, India",10.54648/woco2024022,2-s2.0-85202573254,0,Q2,Q2
2-s2.0-85197413305,2024,2024 Sep,Meta-Regulation: An ideal alternative to the primary responsibility as the regulatory model of generative AI in China,,Computer Law and Security Review,,Article,Dong H.,"Xiamen University, Xiamen, China",10.1016/j.clsr.2024.106016,2-s2.0-85197413305,17,Q1,Q1
2-s2.0-85209364511,2024,2024 Sep,New technologies in the case law of the Court of Justice – lessons learnt and lessons to be learnt,,Era Forum,,Article,Szpunar M.,"Uniwersytet Śląski w Katowicach, Katowice, Poland",10.1007/s12027-024-00814-8,2-s2.0-85209364511,0,Q1,Q1
2-s2.0-85164200862,2024,2024 Sep,Bringing legal knowledge to the public by constructing a legal question bank using large-scale pre-trained language model,,Artificial Intelligence and Law,,Article,Yuan M.,"The University of Hong Kong, Hong Kong, Hong Kong",10.1007/s10506-023-09367-6,2-s2.0-85164200862,7,Q1,Q1
2-s2.0-85205505963,2024,2024 Sep,Innovation in artificial intelligence medical regulatory and governance:thoughts on breaking through the current normative framework,,Chinese Medical Ethics,,Article,Chen B.,"Xi'an Jiaotong University, Xi'an, China",10.12026/j.issn.1001-8565.2024.09.03,2-s2.0-85205505963,3,Q2,Q2
2-s2.0-85205006289,2024,2024 Sep,Research on the current situation and future governance of artificial intelligence in the field of medical education,,Chinese Medical Ethics,,Article,Wu Z.,"Nanjing University of Chinese Medicine, Nanjing, China",10.12026/j.issn.1001-8565.2024.09.12,2-s2.0-85205006289,7,Q2,Q2
2-s2.0-85205511209,2024,2024 Sep,Research on ethical risk governance of medical artificial intelligence based on domestic and foreign policy analysis,,Chinese Medical Ethics,,Article,Zhang A.,"Wuhan University, Wuhan, China",10.12026/j.issn.1001-8565.2024.09.07,2-s2.0-85205511209,3,Q2,Q2
2-s2.0-85194839739,2024,2024 Sep,The role of European equality bodies to address algorithmic discrimination,,International Journal of Discrimination and the Law,,Article,Capellà Ricart A.,"Universitat Autònoma de Barcelona, Cerdanyola del Valles, Spain",10.1177/13582291241257201,2-s2.0-85194839739,0,Q2,Q2
2-s2.0-85161461359,2024,2024 Sep,An approach to temporalised legal revision through addition of literals,,Artificial Intelligence and Law,,Article,Moguillansky M.O.,"Alma Mater Studiorum Università di Bologna, Bologna, Italy",10.1007/s10506-023-09363-w,2-s2.0-85161461359,0,Q1,Q1
2-s2.0-85178416755,2024,2024 Sep,Islamic Perspectives on Polygenic Testing and Selection of IVF Embryos (PGT-P) for Optimal Intelligence and Other Non–Disease-Related Socially Desirable Traits,,Journal of Bioethical Inquiry,,Article,Chin A.H.B.,"Universiti Kebangsaan Malaysia, Bangi, Malaysia",10.1007/s11673-023-10293-0,2-s2.0-85178416755,13,Q1,Q1
2-s2.0-85195100899,2024,2024 Sep,Prospective implementation of ai for enhancing European (in)security: Challenges in reasoning of automated travel authorization decisions,,Computer Law and Security Review,,Article,Csatlós E.,"Szegedi Tudományegyetem (SZTE), Szeged, Hungary",10.1016/j.clsr.2024.105995,2-s2.0-85195100899,6,Q1,Q1
2-s2.0-85199941077,2024,2024 Sep,The invisible evidence: Digital forensics as key to solving crimes in the digital age,,Forensic Science International,,Article,Klasén L.,"Linköpings Universitet, Linkoping, Sweden",10.1016/j.forsciint.2024.112133,2-s2.0-85199941077,33,Q2,Q2
2-s2.0-85202814018,2024,2024 Aug,In Search of Adequate Principles for AI Civil Liability,,Prawo I Wiez,,Article,Gredka-Ligarska I.,"Uniwersytet Śląski w Katowicach, Katowice, Poland",10.36128/PRIW.VI50.829,2-s2.0-85202814018,1,Q2,Q2
2-s2.0-85203082563,2024,2024 Aug,"Regulation of algorithms and AI systems for judicial decision making, decision making with AI systems in the Colombian justice system",,Via Inveniendi Et Iudicandi,,Article,Acevedo M.E.S.,"Universidad Católica de Colombia, Bogota, Colombia",10.15332/19090528.10098,2-s2.0-85203082563,3,Q2,Q2
2-s2.0-85214283073,2024,2024 Aug,DIGITAL ETHICS OF ARTIFICIAL INTELLIGENCE (AI) IN SAUDI ARABIA AND UNITED ARAB EMIRATES,,Malaysian Journal of Syariah and Law,,Article,Gorian E.,"Manipal Academy of Higher Education, Manipal, India",10.33102/mjsl.vol12no3.798,2-s2.0-85214283073,11,Q2,Q2
2-s2.0-85196207207,2024,2024 Aug,Smart Contracts in Contract Law as an Auxiliary Tool or a Promising Substitute for Traditional Contracts,,Journal of Legal Affairs and Dispute Resolution in Engineering and Construction,,Article,Alqodsi E.M.,"United Arab Emirates University, Al Ain, United Arab Emirates",10.1061/JLADAH.LADR-1132,2-s2.0-85196207207,12,Q1,Q1
2-s2.0-85195220687,2024,2024 Aug,Elaborating a Human Rights-Friendly Copyright Framework for Generative AI,,IIC International Review of Intellectual Property and Competition Law,,Article,Geiger C.,"LUISS University, Rome, Italy",10.1007/s40319-024-01481-5,2-s2.0-85195220687,17,Q1,Q1
2-s2.0-85200594839,2024,2024 Aug,Artificial Intelligence and Administrative Justice: An Analysis of Predictive Justice in France,,Hasanuddin Law Review,,Article,Nouri Z.,"Université de Tunis El Manar, Tunis, Tunisia",10.20956/halrev.v10i2.5541,2-s2.0-85200594839,6,Q2,Q2
2-s2.0-85204650925,2024,2024 Aug,AI and Human Rights: Navigating Ethical and Legal Challenges in Developing Nations,,Khazanah Hukum,,Article,Aloamaka P.C.,"Delta State University Nigeria, Abraka, Nigeria",10.15575/kh.v6i2.37801,2-s2.0-85204650925,2,Q2,Q2
2-s2.0-85200245160,2024,2024 Aug,Creation Is Not Like a Box of Chocolates: Why Is the First Judgment Recognizing Copyrightability of AI-Generated Content Wrong?,,Grur International,,Article,Wang Q.,"East China University of Political Science and Law, Shanghai, China",10.1093/grurint/ikae082,2-s2.0-85200245160,1,Q2,Q2
2-s2.0-85195522491,2024,2024 Aug,"Understanding the impact of Fintech, and Mineral Resources on Artificial Intelligence currency: A global evidence from QARDL Approach",,Resources Policy,,Article,Song L.,"Universiti Kebangsaan Malaysia, Bangi, Malaysia",10.1016/j.resourpol.2024.105158,2-s2.0-85195522491,2,Q1,Q1
2-s2.0-85200667645,2024,2024 Aug,The Use of Artificial Intelligence in Armed Conflict under International Law,,Hasanuddin Law Review,,Article,Siregar N.,"Universitas Indonesia, Depok, Indonesia",10.20956/halrev.v10i2.5267,2-s2.0-85200667645,5,Q2,Q2
2-s2.0-85198835621,2024,2024 Aug,Legal incentives for innovations in the emotional AI domain: a carrot and stick approach?,,Journal of Intellectual Property Law and Practice,,Article,Ballardini R.M.,"Vrije Universiteit Amsterdam, Amsterdam, Netherlands",10.1093/jiplp/jpae041,2-s2.0-85198835621,4,Q2,Q2
2-s2.0-85190113661,2024,2024 Aug,Is wearing these sunglasses an attack? Obligations under IHL related to anti-AI countermeasures,,International Review of the Red Cross,,Article,Kwik J.,"T.M.C. Asser Instituut, The Hague, Netherlands",10.1017/S1816383124000067,2-s2.0-85190113661,3,Q1,Q1
2-s2.0-85202929346,2024,2024 Aug,Have AI-Enhanced Telemedicines in Indonesia Adopted the Principles of Personal Data Protection?,,Yustisia,,Article,Raihan K.,"Universitas Padjadjaran, Bandung, Indonesia",10.20961/yustisia.v13i2.85996,2-s2.0-85202929346,1,Q1,Q1
2-s2.0-85198060239,2024,2024 Aug,“To do more with less”,,Forensic Science International,,Letter,Fonseca G.M.,"Universidad de la Frontera, Temuco, Chile",10.1016/j.forsciint.2024.112118,2-s2.0-85198060239,2,Q2,Q2
2-s2.0-85197244512,2024,2024 Jul,"Artificial intelligence in prison: Permissibility, demand and ethics of multimodal surveillance in the context of the Austrian justice system",,Monatsschrift Fur Kriminologie Und Strafrechtsreform,,Article,Rothmann R.,"Research Institute - Digital Human Rights Center, Vienna, Austria",10.1515/mks-2024-0003,2-s2.0-85197244512,1,Q1,Q1
2-s2.0-85206848284,2024,2024 Jul,From algorithmic legality to artificial (administrative) legality. Preliminary reflections for a study,,Rivista Italiana Di Informatica E Diritto,,Article,Carloni E.,"Università degli Studi di Perugia, Perugia, Italy",10.32091/RIID0176,2-s2.0-85206848284,0,Q2,Q2
2-s2.0-85206829204,2024,2024 Jul,Human in the loop. The human being as a conditioning factor of – or conditioned by – artificial intelligence,,Rivista Italiana Di Informatica E Diritto,,Article,Martire D.,"Sapienza Università di Roma, Rome, Italy",10.32091/RIID0161,2-s2.0-85206829204,3,Q2,Q2
2-s2.0-85206814938,2024,2024 Jul,The perspective of artificial intelligence in administrative procedures and activities,,Rivista Italiana Di Informatica E Diritto,,Article,Forgione I.,"Ministero dell’Economia e delle Finanze, Seoul, South Korea",10.32091/RIID0172,2-s2.0-85206814938,1,Q2,Q2
2-s2.0-85206854437,2024,2024 Jul,Data science as new knowledge for governing artificial intelligence in public administrations,,Rivista Italiana Di Informatica E Diritto,,Article,Falcone M.,"Università degli Studi di Perugia, Perugia, Italy",10.32091/RIID0171,2-s2.0-85206854437,1,Q2,Q2
2-s2.0-85203120835,2024,2024 Jul,The Court of Justice’s broad interpretation of the notion of “automated decision-making”: a broader perspective but still fragile protections for fundamental rights,,Rivista Italiana Di Informatica E Diritto,,Article,Fasano G.,"Consiglio Nazionale delle Ricerche, Rome, Italy",10.32091/0169,2-s2.0-85203120835,0,Q2,Q2
2-s2.0-85182980083,2024,2024 Jul,Human to machine innovation: Does legal personhood and inventorship threshold offer any leeway?,,Journal of World Intellectual Property,,Article,Igbokwe E.M.,"The University of Sheffield, Sheffield, United Kingdom",10.1111/jwip.12294,2-s2.0-85182980083,0,Q2,Q2
2-s2.0-85209798978,2024,2024 Jul,Indispensability (or dispensability) of a legal framework and administrative regulation for the use of AI in Brazil: An analysis based on National Council of Justice’s Resolution No. 332,,A E C Revista De Direito Administrativo E Constitucional,,Article,Teixeira A.J.d.O.,"Universidade Federal do Parana, Curitiba, Brazil",10.21056/aec.v24i97.1786,2-s2.0-85209798978,0,Q1,Q1
2-s2.0-85191154123,2024,2024 Jul,Rethinking copyright exceptions in the era of generative AI: Balancing innovation and intellectual property protection,,Journal of World Intellectual Property,,Article,Thongmeensuk S.,"Tashkent State University of Law, Tashkent, Uzbekistan",10.1111/jwip.12301,2-s2.0-85191154123,14,Q2,Q2
2-s2.0-85201067659,2024,2024 Jul,Artificial Intelligence and Its Challenges To Elections In Indonesia: A Legal Analysis,,Jambura Law Review,,Article,Armiwulan H.,"Szegedi Tudományegyetem (SZTE), Szeged, Hungary",10.33756/jlr.v6i2.24243,2-s2.0-85201067659,7,Q2,Q2
2-s2.0-85194558025,2024,2024 Jul,"The EU Regulatory approach(es) to AI liability, and its Application to the financial services market",,Computer Law and Security Review,,Article,Montagnani M.L.,"Università degli studi di Bari Aldo Moro, Bari, Italy",10.1016/j.clsr.2024.105984,2-s2.0-85194558025,28,Q1,Q1
2-s2.0-85201069638,2024,2024 Jul,Legal Challenges of AI-Induced Copyright Infringement: Evaluating Liability and Dispute Resolution Mechanisms in Digital Era,,Jambura Law Review,,Article,Eviani N.Y.,"Hasanuddin University, Makassar, Indonesia",10.33756/jlr.v6i2.24459,2-s2.0-85201069638,8,Q2,Q2
2-s2.0-85189552065,2024,2024 Jul,Do not go gentle into that good night: The European Union's and China's different approaches to the extraterritorial application of artificial intelligence laws and regulations,,Computer Law and Security Review,,Article,Yan W.,"Huaqiao University, Quanzhou, China",10.1016/j.clsr.2024.105965,2-s2.0-85189552065,10,Q1,Q1
2-s2.0-85210000323,2024,2024 Jul,The political cybercandidacy of artificial intelligence and its impact on the democratic systems of the States,,Iberoamerican Journal of Development Studies,,Article,Almache-Barreiro J.C.,"Universidad de Córdoba, Cordoba, Spain",10.26754/ojs_ried/ijds.10203,2-s2.0-85210000323,0,Q2,Q2
2-s2.0-85195757231,2024,2024 Jul,Right to Privacy and Data Protection Concerns Raised by the Development and Usage of Face Recognition Technologies in the European Union,,Journal of Human Rights Practice,,Article,Kavoliūnaitė-Ragauskienė E.,"Lithuanian Centre for Social Sciences, Vilnius, Lithuania",10.1093/jhuman/huad065,2-s2.0-85195757231,7,Q1,Q1
2-s2.0-85193426933,2024,2024 Jul,The ALTAI checklist as a tool to assess ethical and legal implications for a trustworthy AI development in education,,Computer Law and Security Review,,Article,Fedele A.,"Università di Pisa, Pisa, Italy",10.1016/j.clsr.2024.105986,2-s2.0-85193426933,32,Q1,Q1
2-s2.0-85215787256,2024,2024 Jul,"THE USE OF ARTIFICIAL INTELLIGENCE AND OTHER TECHNOLOGIES IN CRIMINAL PROCEEDINGS: PROBLEMS, SOLUTIONS AND PROSPECTS",,Relacoes Internacionais no Mundo Atual,,Article,Rastoropov S.,"HSE University, Moscow, Russian Federation",10.21902/Revrima.v3i45.7189,2-s2.0-85215787256,2,Q2,Q2
2-s2.0-85195654983,2024,2024 Jul,Scoping Review Shows the Dynamics and Complexities Inherent to the Notion of “Responsibility” in Artificial Intelligence within the Healthcare Context,,Asian Bioethics Review,,Article,Bouhouita-Guermech S.,"McGill Faculty of Medicine and Health Sciences, Montreal, Canada",10.1007/s41649-024-00292-7,2-s2.0-85195654983,3,Q1,Q1
2-s2.0-85210890290,2024,2024 Jul,ENSURING EMPLOYER PERSONNEL SECURITY IN LABOR RELATIONS: MANAGERIAL AND LEGAL ASPECTS,,Relacoes Internacionais no Mundo Atual,,Article,Sapfirova A.,"Kuban State Agrarian University, Krasnodar, Russian Federation",10.21902/Revrima.v3i45.7422,2-s2.0-85210890290,0,Q2,Q2
2-s2.0-85195646110,2024,2024 Jul,The notion of ‘authorship’ under EU law—who can be an author and what makes one an author? An analysis of the legislative framework and case law,,Journal of Intellectual Property Law and Practice,,Article,Fritz J.,"Stockholms universitet, Stockholm, Sweden",10.1093/jiplp/jpae022,2-s2.0-85195646110,11,Q2,Q2
2-s2.0-85178438335,2024,2024 Jul,Regulating for trust: Can law establish trust in artificial intelligence?,,Regulation and Governance,,Article,Tamò-Larrieux A.,"Universiteit Maastricht, Maastricht, Netherlands",10.1111/rego.12568,2-s2.0-85178438335,31,Q1,Q1
2-s2.0-85196080167,2024,2024 Jul,Artificial Intelligence Needs Data: Challenges Accessing Italian Databases to Train AI,,Asian Bioethics Review,,Article,Staunton C.,"University of KwaZulu-Natal, Durban, South Africa",10.1007/s41649-024-00282-9,2-s2.0-85196080167,3,Q1,Q1
2-s2.0-85196484497,2024,2024 Jul,Regulating AI-Based Medical Devices in Saudi Arabia: New Legal Paradigms in an Evolving Global Legal Order,,Asian Bioethics Review,,Article,Solaiman B.,"College of Law, Doha, Qatar",10.1007/s41649-024-00285-6,2-s2.0-85196484497,8,Q1,Q1
2-s2.0-85196758411,2024,2024 Jul,How the EU AI Act Seeks to Establish an Epistemic Environment of Trust,,Asian Bioethics Review,,Article,Ho C.W.L.,"Monash University, Melbourne, Australia",10.1007/s41649-024-00304-6,2-s2.0-85196758411,18,Q1,Q1
2-s2.0-85189749987,2024,2024 Jul,"Fairness, AI & recruitment",,Computer Law and Security Review,,Article,Rigotti C.,"Universiteit Leiden, Leiden, Netherlands",10.1016/j.clsr.2024.105966,2-s2.0-85189749987,69,Q1,Q1
2-s2.0-85196019228,2024,2024 Jul,AI covers: legal notes on audio mining and voice cloning,,Journal of Intellectual Property Law and Practice,,Article,Baris A.,"Stockholms universitet, Stockholm, Sweden",10.1093/jiplp/jpae029,2-s2.0-85196019228,6,Q2,Q2
2-s2.0-85197255560,2024,2024 Jun,SECURING THE DIGITAL FOOTPRINTS OF MINORS: PRIVACY IMPLICATIONS OF AI,,Balkan Social Science Review,,Article,Goel H.,"Bennett University, Greater Noida, India",10.46763/BSSR242323235g,2-s2.0-85197255560,1,Q2,Q2
2-s2.0-85195022605,2024,2024 Jun,A Balancing Act: Data Protection Compliance of Artificial Intelligence,,Grur International,,Article,Bartels M.,,10.1093/grurint/ikae060,2-s2.0-85195022605,3,Q2,Q2
2-s2.0-85202146226,2024,2024 Jun,The implementation of AI systems in the Colombian Justice: the Constitutional Court and the Council of State,,Revista Eurolatinoamericana De Derecho Administrativo,,Article,de Jesus Sierra Cadena G.,"Universidad del Rosario, Bogota, Colombia",10.14409/redoeda.v11i1.13824,2-s2.0-85202146226,2,Q1,Q1
2-s2.0-105005606734,2024,2024 Jun,"Dystopian Dreams, Utopian Nightmares: AI and the Permanence of Racism",,Georgetown Law Journal,,Article,Arnett C.,"University of Maryland, College Park, College Park, United States",,2-s2.0-105005606734,0,Q2,Q2
2-s2.0-85151500402,2024,2024 Jun,The black box problem revisited. Real and imaginary challenges for automated legal decision making,,Artificial Intelligence and Law,,Article,Brożek B.,"Uniwersytet Jagielloński, Krakow, Poland",10.1007/s10506-023-09356-9,2-s2.0-85151500402,89,Q1,Q1
2-s2.0-85186589559,2024,2024 Jun,The Brussels Side-Effect: How the AI Act Can Reduce the Global Reach of EU Policy,,German Law Journal,,Article,Almada M.,"European University Institute, San Domenico di Fiesole, San Domenico di Fiesole, Italy",10.1017/glj.2023.108,2-s2.0-85186589559,52,Q1,Q1
2-s2.0-85193422864,2024,2024 Jun,User accounts: How technological concepts permeate public law through the EU's AI Act,,Maastricht Journal of European and Comparative Law,,Article,Koivisto I.,"Lunds Universitet, Lund, Sweden",10.1177/1023263X241248469,2-s2.0-85193422864,7,Q2,Q2
2-s2.0-85191101767,2024,2024 Jun,Why the algorithmic recruiter discriminates: The causal challenges of data-driven discrimination,,Maastricht Journal of European and Comparative Law,,Article,Carter C.,"University of Cambridge, Cambridge, United Kingdom",10.1177/1023263X241248474,2-s2.0-85191101767,3,Q2,Q2
2-s2.0-85194421891,2024,2024 Jun,The Right of Trade Unions to Information in the Era of the Fourth and Fifth Industrial Revolutions,,Bialostockie Studia Prawnicze,,Article,Baran K.,"Uniwersytet Jagielloński, Krakow, Poland",10.15290/bsp.2024.29.02.03,2-s2.0-85194421891,2,Q2,Q2
2-s2.0-85194993685,2024,2024 Jun,AI Through Ethical Lenses: A Discourse Analysis of Guidelines for AI in Healthcare,,Science and Engineering Ethics,,Article,Arbelaez Ossa L.,"Universität Basel, Basel, Switzerland",10.1007/s11948-024-00486-0,2-s2.0-85194993685,13,Q1,Q1
2-s2.0-85195061230,2024,2024 Jun,Copyright in the Artificial Intelligence Act – A Primer,,Grur International,,Article,Peukert A.,"Goethe-Universität Frankfurt am Main, Frankfurt am Main, Germany",10.1093/grurint/ikae057,2-s2.0-85195061230,15,Q2,Q2
2-s2.0-85196775172,2024,2024 Jun,An Artificial Review of Jesus’s Torah Compliance and What That Might Mean for Jews and Gentile Christians,,Laws,,Article,Brackens J.D.,"University of Massachusetts Dartmouth, Dartmouth, United States",10.3390/laws13030036,2-s2.0-85196775172,0,Q2,Q2
2-s2.0-85189546506,2024,2024 May,Artificial intelligence and mental capacity legislation: Opening Pandora's modem,,International Journal of Law and Psychiatry,,Article,Redahan M.,"St Vincent's University Hospital, Dublin, Ireland",10.1016/j.ijlp.2024.101985,2-s2.0-85189546506,8,Q2,Q2
2-s2.0-105005626874,2024,2024 May,Data as Likeness,,Georgetown Law Journal,,Article,Takhshid Z.,"Harvard University, Cambridge, United States",,2-s2.0-105005626874,2,Q2,Q2
2-s2.0-85196141787,2024,2024 May,The Necessary and Proper Stewardship of Judicial Data,,Stanford Law Review,,Article,Clopton Z.D.,"The University of Chicago, Chicago, United States",,2-s2.0-85196141787,10,Q1,Q1
2-s2.0-85200571406,2024,2024 May,ARTICLES GENERATIVE INTERPRETATION,,New York University Law Review,,Article,Arbel Y.,"University of Pennsylvania Carey Law School, Philadelphia, United States",,2-s2.0-85200571406,10,Q1,Q1
2-s2.0-85200482239,2024,2024 May,The criminal process mediated by artificial intelligence,,Revista Brasileira De Direito Processual Penal,,Article,Granados J.S.A.P.,"Universidad Tecnológica de Bolívar, Cartagena, Colombia",10.22197/rbdpp.v10i2.988,2-s2.0-85200482239,3,Q2,Q2
2-s2.0-85190473235,2024,2024 May,The text and data mining opt-out in Article 4(3) CDSMD: Adequate veto right for rightholders or a suffocating blanket for European artificial intelligence innovations?,,Journal of Intellectual Property Law and Practice,,Article,Ziaja G.M.,"Ludwig-Maximilians-Universität München, Munich, Germany",10.1093/jiplp/jpae025,2-s2.0-85190473235,7,Q2,Q2
2-s2.0-85188684258,2024,2024 May,"New technology, psychiatry, and the law: Panic, prudence, possibility",,International Journal of Law and Psychiatry,,Article,Kelly B.D.,"Tallaght University Hospital, Dublin, Ireland",10.1016/j.ijlp.2024.101984,2-s2.0-85188684258,4,Q2,Q2
2-s2.0-85201217544,2024,2024 Apr,Legal reform of artificial intelligence's liability to personal data perspectives of progressive legal theory,,Journal of Law and Legal Reform,,Article,Junaidi,"Universiti Kebangsaan Malaysia, Bangi, Malaysia",10.15294/jllr.vol5i2.3437,2-s2.0-85201217544,7,Q2,Q2
2-s2.0-85190940569,2024,2024 Apr,THE LEGAL CAPACITY (AL-AHLIYYAH) OF ARTIFICIAL INTELLIGENCE FROM AN ISLAMIC JURISPRUDENTIAL PERSPECTIVE,,Malaysian Journal of Syariah and Law,,Article,Sitiris M.,"International Islamic University Malaysia, Kuala Lumpur, Malaysia",10.33102/mjsl.vol12no1.453,2-s2.0-85190940569,8,Q2,Q2
2-s2.0-85166654371,2024,2024 Apr,"ChatGPT: Forensic, legal, and ethical issues",,Medicine Science and the Law,,Article,Guleria A.,"Panjab University, Chandigarh, India",10.1177/00258024231191829,2-s2.0-85166654371,20,Q1,Q1
2-s2.0-85183586758,2024,2024 Apr,Fraud by generative AI chatbots: On the thin line between deception and negligence,,Computer Law and Security Review,,Article,Herbosch M.,"KU Leuven, Leuven, Belgium",10.1016/j.clsr.2024.105941,2-s2.0-85183586758,8,Q1,Q1
2-s2.0-85189181688,2024,2024 Apr,AI Originality Revisited: Can We Prompt Copyright over AI-Generated Pictures?,,Grur International,,Article,He T.,"City University of Hong Kong, Hong Kong, Hong Kong",10.1093/grurint/ikae024,2-s2.0-85189181688,8,Q2,Q2
2-s2.0-85205563738,2024,2024 Apr,TRANSFORMATION OF THE RUSSIAN PRIVATE LAW IN THE DIGITAL ERA: PROBLEMS AND PROSPECTS,,Relacoes Internacionais no Mundo Atual,,Article,Zhukov A.,"North-Caucasus Federal University, Stavropol, Russian Federation",10.21902/Revrima.v2i44.7241,2-s2.0-85205563738,0,Q2,Q2
2-s2.0-85186909404,2024,2024 Apr,Revolutionizing family courts: Catalysts for reform and the transformative role of technology,,Family Court Review,,Article,Altobelli T.,,10.1111/fcre.12783,2-s2.0-85186909404,0,Q2,Q2
2-s2.0-105032875978,2024,2024 Apr,THE RIGHT TO A GLASS BOX: RETHINKING THE USE OF ARTIFICIAL INTELLIGENCE IN CRIMINAL JUSTICE,,Cornell Law Review,,Article,Garrett B.L.,"Duke University, Durham, United States",,2-s2.0-105032875978,5,Q1,Q1
2-s2.0-85188562113,2024,2024 Apr,Patenting artificial intelligence: the High Court’s decision in Emotional Perception,,Journal of Intellectual Property Law and Practice,,Article,Dinev P.,"Royal Holloway, University of London, Egham, United Kingdom",10.1093/jiplp/jpae008,2-s2.0-85188562113,1,Q2,Q2
2-s2.0-85190541661,2024,2024 Apr,A Third Directive on Consumer Credit,,European Review of Contract Law,,Article,Amayuelas E.A.,"Universitat de Barcelona, Barcelona, Spain",10.1515/ercl-2024-2001,2-s2.0-85190541661,2,Q2,Q2
2-s2.0-85175873837,2024,2024 Apr,Licensing high-risk artificial intelligence: Toward ex ante justification for a disruptive technology,,Computer Law and Security Review,,Article,Malgieri G.,"Universiteit Leiden, Leiden, Netherlands",10.1016/j.clsr.2023.105899,2-s2.0-85175873837,35,Q1,Q1
2-s2.0-85188710628,2024,2024 Apr,Towards experimental standardization for AI governance in the EU,,Computer Law and Security Review,,Article,Prifti K.,"Universiteit Leiden, Leiden, Netherlands",10.1016/j.clsr.2024.105959,2-s2.0-85188710628,13,Q1,Q1
2-s2.0-85209399375,2024,2024 Apr,The EU Artificial Intelligence Act: risk regulation and standardization systems,,A E C Revista De Direito Administrativo E Constitucional,,Article,Miranzo Díaz J.,"Universidad de Castilla-La Mancha, Ciudad Real, Spain",10.21056/aec.v24i96.1932,2-s2.0-85209399375,4,Q1,Q1
2-s2.0-85183206627,2024,2024 Apr,Promoting more accountable AI in the boardroom through smart regulation,,Computer Law and Security Review,,Article,Zhao J.,"Nottingham Trent University, Nottingham, United Kingdom",10.1016/j.clsr.2024.105939,2-s2.0-85183206627,14,Q1,Q1
2-s2.0-85191346249,2024,2024 Apr,The Impact of Artificial Technology on Authors of a Cinematographic Creation,,Hasanuddin Law Review,,Article,Radetzky M.A.,"Thammasat University, Pathum Thani, Thailand",10.20956/halrev.v10i1.4780,2-s2.0-85191346249,3,Q2,Q2
2-s2.0-85191315829,2024,2024 Apr,Big Data Searches and the Future of Criminal Procedure,,Texas Law Review,,Article,Fan M.D.,"University of Washington, Seattle, United States",,2-s2.0-85191315829,2,Q1,Q1
2-s2.0-85185779181,2024,2024 Apr,Findings from the Polish InsurTech market as a roadmap for regulators,,Computer Law and Security Review,,Article,Tereszkiewicz P.,"Uniwersytet Jagielloński, Krakow, Poland",10.1016/j.clsr.2024.105948,2-s2.0-85185779181,11,Q1,Q1
2-s2.0-85192992663,2024,2024 Apr,Folk Concepts and the Effective Regulation of New Technologies,,Law Technology and Humans,,Article,Lenaerts M.,"Universiteit Maastricht, Maastricht, Netherlands",10.5204/lthj.2794,2-s2.0-85192992663,0,Q2,Q2
2-s2.0-85188550277,2024,2024 Apr,"Utilizing augmented reality for reconstruction of fractured, fragmented and damaged craniofacial remains in forensic anthropology",,Forensic Science International,,Article,Kolpan K.E.,"University of Pennsylvania, Philadelphia, United States",10.1016/j.forsciint.2024.111995,2-s2.0-85188550277,7,Q2,Q2
2-s2.0-85195845318,2024,2024 Apr,Participation versus scale: Tensions in the practical demands on participatory AI,,First Monday,,Article,Young M.,"Carnegie Mellon University, Pittsburgh, United States",10.5210/fm.v29i4.13642,2-s2.0-85195845318,19,Q1,Q1
2-s2.0-85188970064,2024,2024 Mar,"Whether, to Whom and to What Extent Are the Rights to the Creation of Generative Artificial Intelligence? A Legal Analysis from the Perspective of MidJourney’s Terms of Use",,Prawo I Wiez,,Article,Kalinowski M.,"Cardinal Stefan Wyszynski University in Warsaw, Warsaw, Poland",10.36128/PRIW.VI48.792,2-s2.0-85188970064,1,Q2,Q2
2-s2.0-85188593017,2024,2024 Mar,The regulation of artificial intelligence as an option for safeguarding the fundamental values of the European Union: The Artificial Intelligence Act,,Federalismi It,,Article,Mancioppi F.M.,"Universita degli Studi Guglielmo Marconi, Rome, Italy",,2-s2.0-85188593017,2,Q2,Q2
2-s2.0-85189689309,2024,2024 Mar,Bridging the accountability gap of artificial intelligence – what can be learned from Roman law?,,Legal Studies,,Article,Heine K.,"Erasmus School of Law, Rotterdam, Netherlands",10.1017/lst.2022.51,2-s2.0-85189689309,9,Q2,Q2
2-s2.0-85189538032,2024,2024 Mar,When Is a Decision Automated? A Taxonomy for a Fundamental Rights Analysis,,German Law Journal,,Article,Palmiotto F.,"Hertie School, Berlin, Germany",10.1017/glj.2023.112,2-s2.0-85189538032,24,Q1,Q1
2-s2.0-85145834518,2024,2024 Mar,Algorithms in the court: does it matter which part of the judicial decision-making is automated?,,Artificial Intelligence and Law,,Article,Barysė D.,"Universität Hamburg, Hamburg, Germany",10.1007/s10506-022-09343-6,2-s2.0-85145834518,46,Q1,Q1
2-s2.0-85185572309,2024,2024 Mar,The“transformative use”of AI companies: between creative freedom and intellectual property rights,,Revista De Internet Derecho Y Politica,,Article,Cardona N.J.,"Universitat de Barcelona, Barcelona, Spain",10.7238/idp.v0i40.421926,2-s2.0-85185572309,6,Q2,Q2
2-s2.0-85144941593,2024,2024 Mar,Using attention methods to predict judicial outcomes,,Artificial Intelligence and Law,,Article,Bertalan V.G.F.,"Universidade de São Paulo, Sao Paulo, Brazil",10.1007/s10506-022-09342-7,2-s2.0-85144941593,11,Q1,Q1
2-s2.0-85186391330,2024,2024 Mar,Building a Text and Data Mining Limitation: The Brazilian Case,,Grur International,,Article,Schirru L.,"KU Leuven, Leuven, Belgium",10.1093/grurint/ikad136,2-s2.0-85186391330,3,Q2,Q2
2-s2.0-85181520929,2024,2024 Mar,"Regulating Gatekeeper Artificial Intelligence and Data: Transparency, Access and Fairness under the Digital Markets Act, the General Data Protection Regulation and Beyond",,European Journal of Risk Regulation,,Article,Hacker P.,"Europa-Universität Viadrina Frankfurt (Oder), Frankfurt/Oder, Germany",10.1017/err.2023.81,2-s2.0-85181520929,20,Q1,Q1
2-s2.0-85194168715,2024,2024 Mar,Situating Tort Law Within a Web of Institutions: Insights for the Age of Artificial Intelligence,,Journal of Tort Law,,Article,Martínez Alles M.G.,"IE Universidad, Segovia, Spain",10.1515/jtl-2024-2002,2-s2.0-85194168715,1,Q2,Q2
2-s2.0-85160839288,2024,2024 Mar,Text and data mining exceptions in the development of generative AI models: What the EU member states could learn from the Japanese “nonenjoyment” purposes?,,Journal of World Intellectual Property,,Article,Dermawan A.,"Lapin Yliopisto, Rovaniemi, Finland",10.1111/jwip.12285,2-s2.0-85160839288,21,Q2,Q2
2-s2.0-85187530392,2024,2024 Mar,Beijing Internet Court recognizes copyright in AI-generated image,,Journal of Intellectual Property Law and Practice,,Article,Wen T.,"University of Jinan, Jinan, China",10.1093/jiplp/jpad127,2-s2.0-85187530392,2,Q2,Q2
2-s2.0-85187182747,2024,2024 Mar,United Kingdom Patent Decisions 2023,,IIC International Review of Intellectual Property and Competition Law,,Article,Trigg R.,"University of Oxford, Oxford, United Kingdom",10.1007/s40319-024-01434-y,2-s2.0-85187182747,0,Q1,Q1
2-s2.0-85149216954,2024,2024 Mar,Ensemble methods for improving extractive summarization of legal case judgements,,Artificial Intelligence and Law,,Article,Deroy A.,"Indian Institute of Technology Kharagpur, Kharagpur, India",10.1007/s10506-023-09349-8,2-s2.0-85149216954,27,Q1,Q1
2-s2.0-85187189353,2024,2024 Mar,United Kingdom Copyright Decisions and Legislative Developments 2023,,IIC International Review of Intellectual Property and Competition Law,,Article,Lee Y.H.,"University of Bristol, Bristol, United Kingdom",10.1007/s40319-024-01433-z,2-s2.0-85187189353,5,Q1,Q1
2-s2.0-85196811788,2024,2024 Mar,"Algorithmic work management, data protection and collective safeguards",,Lavoro E Diritto,,Article,Peruzzi M.,"Università degli Studi di Verona, Verona, Italy",10.1441/113705,2-s2.0-85196811788,1,Q2,Q2
2-s2.0-85189008655,2024,2024 Mar,Synthetic Data: Legal Implications of the Data-Generation Revolution,,Iowa Law Review,,Article,Gal M.S.,"London School of Economics and Political Science, London, United Kingdom",,2-s2.0-85189008655,25,Q1,Q1
2-s2.0-85183622749,2024,2024 Mar,How to promote AI in the US federal government: Insights from policy process frameworks,,Government Information Quarterly,,Article,Khan M.S.,"Massachusetts Institute of Technology, Cambridge, United States",10.1016/j.giq.2023.101908,2-s2.0-85183622749,22,Q1,Q1
2-s2.0-85188214606,2024,2024 Feb,"Challenges of Using Digital Evidence for War Crimes Prosecutions: Availability, Reliability, Admissibility",,Ajil Unbound,,Article,Peake J.,"University of California, Los Angeles, Los Angeles, United States",10.1017/aju.2024.5,2-s2.0-85188214606,5,Q1,Q1
2-s2.0-85186903105,2024,2024 Feb,Artificial intelligence and the novelty of the Brazilian judiciary in the integration of the UN 2030 agenda,,Revista Juridica Portucalense,,Article,Mollica R.,"Universidade de Marilia, Marilia, Brazil",10.34625/issn.2183-2705(35)2024.ic-02,2-s2.0-85186903105,0,Q1,Q1
2-s2.0-85186911722,2024,2024 Feb,THE LEGAL IMPLICATIONS OF THE AVIATION INDUSTRY’S ENTRANCE TO THE METAVERSE,,Access to Justice in Eastern Europe,,Article,Alshamsi M.A.,"University of Sharjah, Sharjah, United Arab Emirates",10.33327/AJEE-18-7.1-a000111,2-s2.0-85186911722,3,Q2,Q2
2-s2.0-85187251659,2024,2024 Feb,Exploring Defuturing to Design Artificial-Intelligence Artifacts: A Systemic-Design Approach to Tackle Litigiousness in the Brazilian Judiciary,,Laws,,Article,Münch L.A.C.,"National Judicial School, Brasilia, Brazil",10.3390/laws13010004,2-s2.0-85187251659,1,Q2,Q2
2-s2.0-85178066331,2024,2024 Feb,Predicting the Outcome of Construction Change Disputes Using Machine-Learning Algorithms,,Journal of Legal Affairs and Dispute Resolution in Engineering and Construction,,Article,Alqaisi A.S.,"College of Engineering, Chicago, United States",10.1061/JLADAH.LADR-1051,2-s2.0-85178066331,14,Q1,Q1
2-s2.0-85184939710,2024,2024 Feb,A Scanner Darkly: Copyright Liability and Exceptions in Artificial Intelligence Inputs and Outputs,,Grur International,,Article,Guadamuz A.,"University of Sussex, Brighton, United Kingdom",10.1093/grurint/ikad140,2-s2.0-85184939710,36,Q2,Q2
2-s2.0-85202075012,2024,2024 Feb,The regulation of AI-based migration technologies under the EU AI Act: (Still) operating in the shadows?,,European Law Journal,,Article,Stewart L.S.,,10.1111/eulj.12516,2-s2.0-85202075012,7,Q1,Q1
2-s2.0-85203376521,2024,2024 Jan,Legal Accountability and Ethical Considerations for Outcomes Driven by Artificial Intelligence in Business Operations,,Udayana Journal of Law and Culture,,Article,Holzhausen M.,"Hochschule Fresenius, Idstein, Germany",10.24843/UJLC.2024.v08.i01.p01,2-s2.0-85203376521,3,Q2,Q2
2-s2.0-85199311838,2024,2024 Jan,Artificial Intelligence and Blockchain Technologies in Online Dispute Resolution: A Solution to Consumer Disputes in South Africa?,,Potchefstroom Electronic Law Journal,,Article,Ngcobo M.T.,"North-West University, Potchefstroom, South Africa",10.17159/1727-3781/2024/v27i0a14648,2-s2.0-85199311838,1,Q2,Q2
2-s2.0-85212486718,2024,2024 Jan,"A Local, Continental (African) and International Overview of the Law as it Relates (or Tries to Relate) to Artificial Intelligence (AI) D VAN DER MERWE PER / PELJ 2024(27)",,Potchefstroom Electronic Law Journal,,Article,van der Merwe D.,"University of South Africa, Pretoria, South Africa",10.17159/1727-3781/2024/v27i0a18498,2-s2.0-85212486718,0,Q2,Q2
2-s2.0-85198625647,2024,2024 Jan,Strengthening Law Enforcement to Address White-Collar Financial Crime in South Africa's Private Sector,,Potchefstroom Electronic Law Journal,,Article,van Niekerk G.,"University of Limpopo, Sovenga, South Africa",10.17159/1727-3781/2024/v27i0a17141,2-s2.0-85198625647,2,Q2,Q2
2-s2.0-85208183616,2024,2024 Jan,Generative Artificial Intelligence and Legal Decision-making,,Global Trade and Customs Journal,,Article,Cardoso A.G.,"Pereira, Sao Paulo, Brazil",10.54648/GTCJ2024081,2-s2.0-85208183616,6,Q2,Q2
2-s2.0-85201829468,2024,2024 Jan,Generative AI in American and Canadian courts: a ‘training’ approach to regulation,,Law Innovation and Technology,,Article,Ogunde F.,"Government of Saskatchewan, Saskatoon, Canada",10.1080/17579961.2024.2392930,2-s2.0-85201829468,2,Q1,Q1
2-s2.0-85193864096,2024,2024 Jan,Much ado about hallucinations: a brief assessment of the judicial response to large language model (LLM) hallucinations in the United States and Canada,,International Journal of the Legal Profession,,Article,Ogunde F.,"Government of Saskatchewan, Saskatoon, Canada",10.1080/09695958.2024.2356084,2-s2.0-85193864096,0,Q2,Q2
2-s2.0-85210959791,2024,2024 Jan,Using Generative AI to Identify Arguments in Judges’ Reasons: Accuracy and Benefits for Students,,Law Technology and Humans,,Article,Burgess P.,"Monash University, Melbourne, Australia",10.5204/lthj.3637,2-s2.0-85210959791,7,Q2,Q2
2-s2.0-85214653662,2024,2024 Jan,How do judges use large language models? Evidence from Shenzhen,,Journal of Legal Analysis,,Article,Liu J.Z.,"Shanghai Jiao Tong University, Shanghai, China",10.1093/jla/laae009,2-s2.0-85214653662,14,Q1,Q1
2-s2.0-85206105378,2024,2024 Jan,The impact of generative artificial intelligence on human rights,,Revista Eurolatinoamericana De Derecho Administrativo,,Article,Sánchez Díaz M.F.,"Universidad Nacional Autónoma de México, Mexico, Mexico",10.14409/redoeda.v11i1.13612,2-s2.0-85206105378,3,Q1,Q1
2-s2.0-85197048519,2024,2024 Jan,Large Legal Fictions: Profiling Legal Hallucinations in Large Language Models,,Journal of Legal Analysis,,Article,Dahl M.,"Stanford University, Stanford, United States",10.1093/jla/laae003,2-s2.0-85197048519,135,Q1,Q1
2-s2.0-85211477491,2024,2024 Jan,Applying Large Language Models in Legal Translation: The State-of-the-Art,,International Journal of Language and Law,,Article,Bajčić M.,"Faculty of Law, University of Rijeka, Rijeka, Croatia",10.14762/jll.2024.171,2-s2.0-85211477491,7,Q2,Q2
2-s2.0-85198851457,2024,2024 Jan,"The judge, the AI, and the Crown: a collusive network",,Information and Communications Technology Law,,Article,Chaudhary B.,"University of Buckingham, Buckingham, United Kingdom",10.1080/13600834.2024.2375124,2-s2.0-85198851457,2,Q1,Q1
2-s2.0-85198970942,2024,2024 Jan,Assessing law students in a GenAI world to create knowledgeable future lawyers,,International Journal of the Legal Profession,,Article,Head A.,"Macquarie University, Sydney, Australia",10.1080/09695958.2024.2379785,2-s2.0-85198970942,7,Q2,Q2
2-s2.0-86000655648,2024,2024 Jan,Artificial Intelligence and its impact on due process,,Juridicas Cuc,,Article,Bechara A.,"UNICECAR, Colombia",10.17981/JURIDCUC.20.1.2024.20,2-s2.0-86000655648,0,Q1,Q1
2-s2.0-85200597297,2024,2024 Jan,"Prompts and Large Language Models: A New Tool for Drafting, Reviewing and Interpreting Contracts?",,Law Technology and Humans,,Article,Wang B.T.,"Queensland University of Technology, Brisbane, Australia",10.5204/lthj.3483,2-s2.0-85200597297,8,Q2,Q2
2-s2.0-85215606106,2024,2024 Jan,How much does artificial intelligence know about Colombian law?,,Revista Cientifica General Jose Maria Cordova,,Article,Arévalo-Robles G.A.,"Universidad del Pais Vasco, Leioa, Spain",10.21830/19006586.1380,2-s2.0-85215606106,0,Q2,Q2
2-s2.0-85201777854,2024,2024 Jan,"Generative artificial intelligence in higher education: Guidelines for overcoming teaching, ethical and legal dilemmas",,Revista Pedagogia Universitaria Y Didactica Del Derecho,,Article,Divino S.,"Universidade Federal de Lavras, Lavras, Brazil",10.5354/0719-5885.2024.74070,2-s2.0-85201777854,2,Q2,Q2
2-s2.0-85203261307,2024,2024 Jan,"Unboxing Generative AI for the Legal Professions: Functions, Impacts and Governance",,International Journal for Court Administration,,Article,Contini F.,"Consiglio Nazionale delle Ricerche, Rome, Italy",10.36745/ijca.604,2-s2.0-85203261307,6,Q2,Q2
2-s2.0-105015887752,2024,2024 Jan,Generative artificial intelligence vs. law students: an empirical study on criminal law exam performance,,Law Innovation and Technology,,Article,Alimardani A.,"University of Wollongong, Wollongong, Australia",10.1080/17579961.2024.2392932,2-s2.0-105015887752,13,Q1,Q1
2-s2.0-85211003649,2024,2024 Jan,Case Law as Data: Prompt Engineering Strategies for Case Outcome Extraction with Large Language Models in a Zero-Shot Setting,,Law Technology and Humans,,Article,Zambrano G.,"Nîmes Université, Nimes, France",10.5204/lthj.3623,2-s2.0-85211003649,5,Q2,Q2
2-s2.0-85204388553,2024,2024 Jan,Can there be responsible AI without AI liability? Incentivizing generative AI safety through ex-post tort liability under the EU AI liability directive,,International Journal of Law and Information Technology,,Article,Noto La Diega G.,"University of Strathclyde, Glasgow, United Kingdom",10.1093/ijlit/eaae021,2-s2.0-85204388553,16,Q1,Q1
2-s2.0-85212835297,2024,2024 Jan,Causality-inspired legal provision selection with large language model-based explanation,,Artificial Intelligence and Law,,Article,Wang Z.,"China University of Political Science and Law, Beijing, China",10.1007/s10506-024-09429-3,2-s2.0-85212835297,2,Q1,Q1
2-s2.0-85198743971,2024,2024 Jan,Navigating the legal landscape: large language models and the hesitancy of legal professionals,,International Journal of the Legal Profession,,Article,Ogunde F.,"Government of Saskatchewan, Saskatoon, Canada",10.1080/09695958.2024.2379794,2-s2.0-85198743971,2,Q2,Q2
2-s2.0-105001432248,2024,2024 Jan,The Impact of Artificial Intelligence on the Future Functioning of Administrative Courts,,Prawo I Wiez,,Article,Kowalski M.,"Kozminski University, Warsaw, Poland",10.36128/PRIW.VI53.988,2-s2.0-105001432248,2,Q2,Q2
2-s2.0-85210921043,2024,2024 Jan,"Generative ai, copyright and emancipation: The case of digital art",,Law Technology and Humans,,Article,Matias C.F.,"University of Macau, Taipa, Macao",10.5204/lthj.3567,2-s2.0-85210921043,3,Q2,Q2
2-s2.0-85185696540,2024,2024 Jan,The relationship between law and technology: comparing legal responses to creators’ rights under copyright law through safe harbour for online intermediaries and generative AI technology,,Law Innovation and Technology,,Article,Luk A.,"College of Social Sciences, Arts and Humanities, Leicester, United Kingdom",10.1080/17579961.2024.2313800,2-s2.0-85185696540,5,Q1,Q1
2-s2.0-85215388036,2024,2024 Jan,Persuasive legal writing using large language models,,Legal Education Review,,Note,Curran D.,"University of Melbourne, Melbourne, Australia",10.53300/001c.124116,2-s2.0-85215388036,1,Q2,Q2
2-s2.0-85202613475,2024,2024 Jan,Can text and data mining exceptions and synthetic data training mitigate copyright-related concerns in generative AI?,,Law Innovation and Technology,,Article,Manteghi M.,"Turun yliopisto, Turku, Finland",10.1080/17579961.2024.2392928,2-s2.0-85202613475,5,Q1,Q1
2-s2.0-85183697562,2024,2024 Jan,Copyright Law and the Lifecycle of Machine Learning Models,,IIC International Review of Intellectual Property and Competition Law,,Article,Kretschmer M.,"The University of Manchester, Manchester, United Kingdom",10.1007/s40319-023-01419-3,2-s2.0-85183697562,46,Q1,Q1
2-s2.0-85210986495,2024,2024 Jan,"Integrating Generative AI into Legal Education: From Casebooks to Code, Opportunities and Challenges",,Law Technology and Humans,,Article,Prakash A.G.,"Amity University Dubai, Dubai, United Arab Emirates",10.5204/lthj.3640,2-s2.0-85210986495,14,Q2,Q2
2-s2.0-85208531811,2024,2024 Jan,Drone Regulation and AI Law: Assessing the Intersection of the EU Legal Frameworks for Unmanned Aircraft and Artificial Intelligence,,Air and Space Law,,Article,Scott B.I.,"Universiteit Leiden, Leiden, Netherlands",10.54648/aila2024044,2-s2.0-85208531811,3,Q2,Q2
2-s2.0-85211387711,2024,2024 Jan,Lawyering in the Age of Artificial Intelligence,,Minnesota Law Review,,Article,Choi J.H.,"University of Minnesota Law School, Minneapolis, United States",,2-s2.0-85211387711,17,Q2,Q2
2-s2.0-85199720879,2024,2024 Jan,The «Robot-Judge» and its compatibility with the Spanish Constitution. The use of artificial intelligence in the decision-making process by the courts,,Estudios De Deusto,,Article,Pineros Polo E.,"Universidad Rey Juan Carlos, Madrid, Spain",10.18543/ed.3100,2-s2.0-85199720879,1,Q2,Q2
2-s2.0-85197648896,2024,2024 Jan,Legal implications of using generative AI in the media,,Information and Communications Technology Law,,Article,Bayer J.,"University of Münster, Munster, Germany",10.1080/13600834.2024.2352694,2-s2.0-85197648896,14,Q1,Q1
2-s2.0-85211629534,2024,2024 Jan,Justice and Artificial Intelligence,,Revista Juridica Portucalense,,Article,Rustamzade A.,"National Aviation Academy of Azerbaijan, Baku, Azerbaijan",10.34625/issn.2183-2705(36)2024.ic-7,2-s2.0-85211629534,1,Q1,Q1
2-s2.0-85165721860,2024,2024 Jan,‘Look at the camera and say cheese’: the existing European legal framework for facial recognition technology in criminal investigations,,Information and Communications Technology Law,,Article,Raposo V.L.,"NOVA School of Law – Faculdade de Direito, Universidade NOVA de Lisboa, Lisbon, Portugal",10.1080/13600834.2023.2239621,2-s2.0-85165721860,5,Q1,Q1
2-s2.0-85212092739,2024,2024 Jan,"Introduction Law as Data, Data as Law",,Law Technology and Humans,,Review,Kennedy R.,"Trinity College Dublin, Dublin, Ireland",10.5204/lthj.3761,2-s2.0-85212092739,0,Q2,Q2
2-s2.0-85205312707,2024,2024 Jan,The Legal Nature of Artificial Intelligence Hardware and Software (Smart Robots),,Journal of Human Security,,Article,Ghazaleh S.A.,"Amman Arab University, Amman, Jordan",10.12924/johs2024.20102,2-s2.0-85205312707,1,Q2,Q2
2-s2.0-105000542383,2024,2024 Jan,Admitting AI Art as Demonstrative Evidence,,California Law Review,,Review,Oh E.,"Berkeley Law, Berkeley, United States",10.15779/Z382B8VD6X,2-s2.0-105000542383,0,Q1,Q1
2-s2.0-85215388274,2024,2024 Jan,Artificial intelligence in Law schools through automatic response generators,,Revista Pedagogia Universitaria Y Didactica Del Derecho,,Article,Granados J.S.A.P.,"Universidad Tecnológica de Bolívar, Cartagena, Colombia",10.5354/0719-5885.2024.72696,2-s2.0-85215388274,3,Q2,Q2
2-s2.0-105003021235,2024,2024 Jan,The language of the law vs. the language of the computer: a bilingual model of legal education in the age of technology and artificial intelligence,,Law Innovation and Technology,,Article,Cinar A.E.,"Université McGill, Montreal, Canada",10.1080/17579961.2024.2392938,2-s2.0-105003021235,3,Q1,Q1
2-s2.0-85207502783,2024,2024 Jan,AI in terrorism sentencing: evaluating predictive accuracy and ethical implications,,Criminal Justice Studies,,Article,Farber S.,"Jezreel Valley, Israel",10.1080/1478601X.2024.2415558,2-s2.0-85207502783,6,Q1,Q1
2-s2.0-85201371028,2024,2024 Jan,Artificial intelligence in law-making and law enforcement: Risks and new opportunities,,Vestnik Sankt Peterburgskogo Universiteta Pravo,,Article,Pashentsev D.A.,"The Institute of Legislation and Comparative Law under the Government of the Russian Federation, Moscow, Russian Federation",10.21638/spbu14.2024.214,2-s2.0-85201371028,3,Q2,Q2
2-s2.0-105003873512,2024,2024 Jan,Better than a bot–instilling ethical judgement into the lawyers of the future in the age of AI,,Griffith Law Review,,Article,Legg M.,"UNSW Sydney, Sydney, Australia",10.1080/10383441.2025.2493493,2-s2.0-105003873512,3,Q2,Q2
2-s2.0-85199293453,2024,2024 Jan,"A comparative analysis of regulatory approaches to artificial intelligence: perspectives from the European Union, the United States, China, and Ibero-America",,Anuario Iberoamericano De Justicia Constitucional,,Article,Pérez-Ugena M.,"Universidad Rey Juan Carlos, Madrid, Spain",10.18042/cepc/aijc.28.05,2-s2.0-85199293453,5,Q1,Q1
2-s2.0-85204709286,2024,2024 Jan,Relationship between artificial intelligence and legal education: A bibliometric analysis,,Knowledge and Performance Management,,Article,Mong D.D.,"Duy Tan University, Da Nang, Viet Nam",10.21511/kpm.08(2).2024.02,2-s2.0-85204709286,7,Q2,Q2
2-s2.0-105001544717,2024,2024 Jan,Occupational Safety in the Age of Artificial Intelligence: Reformation of the Indonesian Work Safety Law,,Journal of Indonesian Legal Studies,,Article,Salim A.A.,"Asia University, Taichung, Taiwan",10.15294/jils.v9i2.4621,2-s2.0-105001544717,2,Q1,Q1
2-s2.0-105016123407,2024,2024 Jan,Human dignity in the age of Artificial Intelligence: an overview of legal issues and regulatory regimes,,Australian Journal of Human Rights,,Article,Randazzo M.S.,"University of Melbourne, Melbourne, Australia",10.1080/1323238X.2025.2483822,2-s2.0-105016123407,3,Q1,Q1
2-s2.0-105009776711,2024,2024 Jan,AI Dilemma: Copyrighting Creativity in the Age of Artificial Intelligence,,International Journal of Cyber Criminology,,Article,Sin S.Z.Y.,"Multimedia University, Cyberjaya, Malaysia",10.5281/zenodo.476618203,2-s2.0-105009776711,0,Q2,Q2
2-s2.0-85208022181,2024,2024 Jan,Making the invisible visible: Exhibit AI and seeking accountability for hidden human rights abuses in Australia’s offshore processing centres,,Australian Journal of Human Rights,,Note,Kanis J.,"Maurice Blackburn Lawyers, Melbourne, Australia",10.1080/1323238X.2024.2391163,2-s2.0-85208022181,2,Q1,Q1
2-s2.0-85186560723,2024,2024 Jan,Artificial Intelligence and Quality of Composition Verdicts in Indonesia: Lessons from New Zealand,,Journal of Human Rights Culture and Legal System,,Article,Hidayah N.P.,"Auckland Bioengineering Institute, Auckland, New Zealand",10.53955/jhcls.v4i1.175,2-s2.0-85186560723,6,Q1,Q1
2-s2.0-105007043977,2024,2024 Jan,The Use of Algorithms to Support Judicial Decision-Making in Criminal Matters with a Special Focus on Trial Decisions*,,Studia Iuridica Lublinensia,,Article,Karsai K.,"Szegedi Tudományegyetem (SZTE), Szeged, Hungary",10.17951/sil.2024.33.5.103-124,2-s2.0-105007043977,0,Q2,Q2
2-s2.0-85201747167,2024,2024 Jan,Context of the use of artificial intelligence in education: Ethical and legal framework,,Revista Pedagogia Universitaria Y Didactica Del Derecho,,Editorial,Elgueta M.F.,"Universidad de Chile, Santiago, Chile",10.5354/0719-5885.2024.75096,2-s2.0-85201747167,0,Q2,Q2
2-s2.0-85198612982,2024,2024 Jan,Unlocking Public Health Data: Navigating New Legal Guardrails and Emerging AI Challenges,,Journal of Law Medicine and Ethics,,Article,Cochlin F.J.,"Texas A&M University, College Station, United States",10.1017/jme.2024.40,2-s2.0-85198612982,4,Q2,Q2
2-s2.0-85207242352,2024,2024 Jan,A Hybrid Artificial Intelligence Methodology for Legal Analysis,,Biolaw Journal,,Article,Palmirani M.,"University of Pittsburgh, Pittsburgh, United States",10.15168/2284-4503-3206,2-s2.0-85207242352,6,Q2,Q2
2-s2.0-85214707560,2024,2024 Jan,Simplifying Criminal Proceedings Using Artificial Intelligence in Criminal Compliance,,Studia Iuridica Lublinensia,,Article,Fantoly Z.,"Szegedi Tudományegyetem (SZTE), Szeged, Hungary",10.17951/sil.2024.33.5.57-67,2-s2.0-85214707560,0,Q2,Q2
2-s2.0-86000667150,2024,2024 Jan,Artificial Intelligence and Its Impact on Administrative Decision-Making,,Journal of Human Security,,Article,Awaisheh S.M.,"The University of Jordan, Amman, Jordan",10.12924/johs2024.20114,2-s2.0-86000667150,7,Q2,Q2
2-s2.0-85193368601,2024,2024 Jan,European Law Restrictions on Tax Authorities’ Use of Artificial Intelligence Systems: Reflections on Some Recent Developments,,EC Tax Review,,Article,Peeters B.,"Universiteit Antwerpen, Antwerpen, Belgium",10.54648/ECTA2024006,2-s2.0-85193368601,11,Q2,Q2
2-s2.0-85199161723,2024,2024 Jan,The transit from digital administration towards an algorithmic Public Administration in the era of Artificial Intelligence: The need for a guarantee constitutional and legal system in the provision of public services in Peru,,Revista De Derecho Politico,,Article,Maldonado-Meléndez M.A.,"Universidad del Pais Vasco, Leioa, Spain",10.5944/rdp.120.2024.41775,2-s2.0-85199161723,1,Q1,Q1
2-s2.0-85182353950,2024,2024 Jan,Overcoming Barriers to Text and Data Mining in the Era of ChatGPT: The Proposed Data Act as a Game-Changer,,Grur International,,Article,Manteghi M.,"Turun yliopisto, Turku, Finland",10.1093/grurint/ikad098,2-s2.0-85182353950,4,Q2,Q2
2-s2.0-85192710723,2024,2024 Jan,The Legal Definition of Artificial Intelligence: A Comparative Perspective,,European Journal of Comparative Law and Governance,,Article,Chiappini D.,"Università degli Studi di Perugia, Perugia, Italy",10.1163/22134514-bja10071,2-s2.0-85192710723,5,Q2,Q2
2-s2.0-85193346933,2024,2024 Jan,Legal Cooperation of Kazakhstan with the BRICS Countries on the Production and Operation of Medical Electric Vehicles with Artificial Intelligence Technologies,,Brics Law Journal,,Article,Yelegen A.Y.,"L.N. Gumilyov Eurasian National University, Astana, Kazakhstan",10.21684/2412-2343-2024-11-1-131-148,2-s2.0-85193346933,1,Q2,Q2
2-s2.0-85192517164,2024,2024 Jan,Rule-based versus AI-driven benefits allocation: GDPR and AIA legal implications and challenges for automation in public social security administration,,Information and Communications Technology Law,,Article,Enqvist L.,"Umeå Universitet, Umea, Sweden",10.1080/13600834.2024.2349835,2-s2.0-85192517164,7,Q1,Q1
2-s2.0-85184163395,2024,2024 Jan,Research on the focus of ethical governance in the field of artificial intelligence in medicine,,Chinese Medical Ethics,,Article,Ye Z.,"Shanghai Jiao Tong University School of Medicine, Shanghai, China",10.12026/j.issn.1001-8565.2024.01.05,2-s2.0-85184163395,7,Q2,Q2
2-s2.0-85190955388,2024,2024 Jan,The“adaptation”of the right to damages to artificial intelligence: the proposed Civil liability directive,,Revista De Internet Derecho Y Politica,,Article,Fernández M.O.,"Universidad Miguel Hernández de Elche, Elche, Spain",10.7238/idp.v0i40.419696,2-s2.0-85190955388,2,Q2,Q2
2-s2.0-85196069990,2024,2024 Jan,LEGAL STATUS AND THE ISSUES OF LEGAL PERSONHOOD OF ARTIFICIAL INTELLIGENCE,,Relacoes Internacionais no Mundo Atual,,Article,Akhmetshin E.,"Kazan Federal University, Kazan, Russian Federation",10.21902/Revrima.v1i43.6722,2-s2.0-85196069990,9,Q2,Q2
2-s2.0-85208381663,2024,2024 Jan,From Court Automation to e-Justice and Beyond in Europe,,International Journal for Court Administration,,Article,Fabri M.,"Consiglio Nazionale delle Ricerche, Rome, Italy",10.36745/ijca.640,2-s2.0-85208381663,10,Q2,Q2
2-s2.0-85209632613,2024,2024 Jan,"Unmasking deception: deepfake regulation in the context of South African law, could a rethinking of performers’ protection rights be the answer?",,International Journal of Law and Information Technology,,Article,Gotora N.T.,"University of Cape Town, Cape Town, South Africa",10.1093/ijlit/eaae026,2-s2.0-85209632613,1,Q1,Q1
2-s2.0-85186599391,2024,2024 Jan,ADVANCING SUSTAINABLE JUSTICE THROUGH AI-BASED CASE LAW ANALYSIS: UKRAINIAN EXPERIENCE,,Access to Justice in Eastern Europe,,Article,Izarova I.,"Taras Shevchenko National University of Kyiv, Kyiv, Ukraine",10.33327/AJEE-18-7.1-a000123,2-s2.0-85186599391,10,Q2,Q2
2-s2.0-85211204669,2024,2024 Jan,Confidentiality and Privacy in Personal Data Processing: An Analytical of Islamic Law and Egyptian Law No. 151 of 2020,,Manchester Journal of Transnational Islamic Law and Practice,,Article,Ezzat A.S.,,,2-s2.0-85211204669,1,Q2,Q2
2-s2.0-105002757262,2024,2024 Jan,Experiences and Results of the Minor in Artificial Intelligence and Law at the Universidad Autónoma de Chile,,Revista De Educacion Y Derecho,,Article,Hauri S.B.,"Universidad Autónoma de Chile, Temuco, Chile",10.1344/REYD2024.2-Extraordinario.49154,2-s2.0-105002757262,1,Q2,Q2
2-s2.0-85213882724,2024,2024 Jan,Impact of digital tools on the efficiency and effectiveness of public authorities,,Vestnik Sankt Peterburgskogo Universiteta Pravo,,Article,Larichev A.A.,"HSE University, Moscow, Russian Federation",10.21638/spbu14.2024.401,2-s2.0-85213882724,0,Q2,Q2
2-s2.0-85200541270,2024,2024 Jan,The Regulation of Judicial Analytics: Towards a New Research Agenda,,Law Technology and Humans,,Article,Cesta W.,"The University of Sydney, Sydney, Australia",10.5204/lthj.3400,2-s2.0-85200541270,2,Q2,Q2
2-s2.0-85199702768,2024,2024 Jan,"Artificial Intelligence: Definition, Regulation, and Risks to Fundamental Rights",,Estudios De Deusto,,Article,Pérez-Ugena M.,"Universidad Rey Juan Carlos, Madrid, Spain",10.18543/ed.3108,2-s2.0-85199702768,4,Q2,Q2
2-s2.0-85218716132,2024,2024 Jan,Ethical Considerations in the Use of Artificial Intelligence in Healthcare,,Iranian Journal of Medical Ethics and History of Medicine,,Article,Shojaeinia M.,"Shahid Beheshti University of Medical Sciences, Tehran, Iran",,2-s2.0-85218716132,1,Q2,Q2
2-s2.0-105002739449,2024,2024 Jan,What if we use ChatGPT in the exams?,,Revista De Educacion Y Derecho,,Article,Herrero P.M.,"Universitat de València, Valencia, Spain",10.1344/REYD2024.2-Extraordinario.49202,2-s2.0-105002739449,0,Q2,Q2
2-s2.0-85216003949,2024,2024 Jan,Predictive tools for the risk of criminal recidivism based on artificial intelligence: Towards their compatibility with the privacy and defense of the accused in the oral trial,,Revista Chilena De Derecho Y Tecnologia,,Review,Urzúa M.U.,"Universidad de Talca, Talca, Chile",10.5354/0719-2584.2024.72923,2-s2.0-85216003949,0,Q2,Q2
2-s2.0-85200435895,2024,2024 Jan,"Smartjustice, process and evidence: special reference to its use in the court of appeal",,Revista Brasileira De Direito Processual Penal,,Article,Suárez Xavier P.R.,"Universidad de Sevilla, Sevilla, Spain",10.22197/rbdpp.v10i2.1006,2-s2.0-85200435895,4,Q2,Q2
2-s2.0-85202539406,2024,2024 Jan,Creativity and Innovation in the Age of Artificial Intelligence: A Copyright Dilemma,,Padjadjaran Jurnal Ilmu Hukum,,Article,Ali S.M.A.,"Dr. Vishwanath Karad MIT World Peace University, Pune, India",10.22304/pjih.v11n2.a1,2-s2.0-85202539406,1,Q2,Q2
2-s2.0-85215679936,2024,2024 Jan,Legal Support of Artificial Intelligence in Countering Anti-Money Laundering and Terrorism Financing Regimes in the BRICS Plus Countries,,Brics Law Journal,,Article,Aksenova M.,"RUDN University, Moscow, Russian Federation",10.21684/2412-2343-2024-11-3-92-116,2-s2.0-85215679936,2,Q2,Q2
2-s2.0-85209950094,2024,2024 Jan,"Artificial intelligence, predictions and normative functions",,Teoria Y Realidad Constitucional,,Article,Majado P.G.,"Universidad de Oviedo, Oviedo, Spain",10.5944/TRC.54.2024.43319,2-s2.0-85209950094,1,Q1,Q1
2-s2.0-85200720580,2024,2024 Jan,"Fitting AI systems into the product definition under defective product legislation still in force (Analysis of current legislation with a view to the Proposal for a Directive of the European Parliament and of the Council of September 28, 2022 (COM/2022/495).",,Indret,,Article,Martínez I.H.,"Universidad de Deusto, Bilbao, Spain",10.31009/InDret.2024.i3.02,2-s2.0-85200720580,4,Q2,Q2
2-s2.0-85198135976,2024,2024 Jan,The Council of Europe Framework Convention on Artificial Intelligence vs. the EU Regulation: two quite different legal instruments,,Ceridap,,Article,Ziller J.,,10.13130/2723-9195/2024-2-11,2-s2.0-85198135976,6,Q2,Q2
2-s2.0-85196482846,2024,2024 Jan,Protection of non-original objects generated by artificial intelligence: the Ukrainian copyright law approach,,International Journal of Law and Information Technology,,Article,Bulat N.,"Odesa I.I. Mechnikov National University, Odesa, Ukraine",10.1093/ijlit/eaae010,2-s2.0-85196482846,2,Q1,Q1
2-s2.0-85213380471,2024,2024 Jan,The processing of biometric data in the AI Act: intersections between data protection legislation and the new European regulation of artificial intelligence,,Federalismi It,,Article,Mollo F.,"Alma Mater Studiorum Università di Bologna, Bologna, Italy",,2-s2.0-85213380471,1,Q2,Q2
2-s2.0-85212040394,2024,2024 Jan,GRASPING VULNERABILITY. ONTOLOGICAL PLURALISM AND ARTIFICIAL INTELLIGENCE SYSTEMS IN THE LAW,,Biolaw Journal,,Article,Corradi S.,"Università degli Studi di Palermo, Palermo, Italy",10.15168/2284-4503-3298,2-s2.0-85212040394,1,Q2,Q2
2-s2.0-85217704494,2024,2024 Jan,Will and motivation in automated administrative acts with artificial intelligence: a new understanding of human concepts?,,Indret,,Article,Díez C.A.D.,"Universidad Autónoma de Madrid, Madrid, Spain",10.31009/InDret.2024.i4.12,2-s2.0-85217704494,5,Q2,Q2
2-s2.0-85193590173,2024,2024 Jan,Legal Protection of Personal Data Privacy in the Kingdom of Saudi Arabia,,Manchester Journal of Transnational Islamic Law and Practice,,Article,Nusairat W.M.,"Princess Nourah Bint Abdulrahman University, Riyadh, Saudi Arabia",,2-s2.0-85193590173,2,Q2,Q2
2-s2.0-85209917104,2024,2024 Jan,The regulation of artificial intelligence in Europe,,Teoria Y Realidad Constitucional,,Article,Linera M.Á.P.,"Universiteit Leiden, Leiden, Netherlands",10.5944/TRC.54.2024.43310,2-s2.0-85209917104,3,Q1,Q1
2-s2.0-85200575731,2024,2024 Jan,The opportunities of digitalisation in public administration with a special focus on the use of artificial intelligence,,Studia Iuridica Lublinensia,,Article,Bencsik A.,"Eötvös Loránd Tudományegyetem, Budapest, Hungary",10.17951/sil.2024.33.2.11-23,2-s2.0-85200575731,6,Q2,Q2
2-s2.0-85216490543,2024,2024 Jan,The notion of “fully automated decision” under the court's lens: The schufa case,,Ceridap,,Article,Silvano C.,,10.13130/2723-9195/2024-4-69,2-s2.0-85216490543,1,Q2,Q2
2-s2.0-85184911964,2024,2024 Jan,The iRobo-Surgeon conundrum: comparative reflections on the legal treatment of intraoperative errors committed by autonomous surgical robots,,Law Innovation and Technology,,Article,Mohamed H.,"United Arab Emirates University, Al Ain, United Arab Emirates",10.1080/17579961.2024.2313802,2-s2.0-85184911964,4,Q1,Q1
2-s2.0-105004745609,2024,2024 Jan,Algorithmic Accountability Through the “Human over the Loop” in Interoperable and EU AI-Reliant Large-Scale IT Systems for Migration and Security,,European Papers A Journal on Law and Integration,,Article,Vavoula N.,"University of Luxembourg, Esch-sur-Alzette, Luxembourg",10.15166/2499-8249/807,2-s2.0-105004745609,2,Q2,Q2
2-s2.0-85216013591,2024,2024 Jan,Creation and ownership over intellectual property assets created autonomously by artificial intelligence,,Revista Chilena De Derecho Y Tecnologia,,Article,Simonetti T.J.,"Universidad de Santiago de Chile, Santiago, Chile",10.5354/0719-2584.2024.71922,2-s2.0-85216013591,1,Q2,Q2
2-s2.0-85190376844,2024,2024 Jan,The legal concept of artificial intelligence: the debate surrounding the definition of AI System in the AI Act,,Biolaw Journal,,Article,Castán C.T.,"Universidad de la Laguna, San Cristobal de La Laguna, Spain",10.15168/2284-4503-3000,2-s2.0-85190376844,3,Q2,Q2
2-s2.0-85211232599,2024,2024 Jan,Ne pereant fragmenta: artificial intelligence and the complexity of Corptech governance,,Rivista Italiana Di Informatica E Diritto,,Article,Colangelo R.M.,"Universitas Mercatorum, Rome, Italy",10.32091/RIID0174,2-s2.0-85211232599,0,Q2,Q2
2-s2.0-85190253227,2024,2024 Jan,Challenging Facial Recognition systems before Courts. From and Beyond ECtHR GLUKHIN v. Russia,,Biolaw Journal,,Article,Nardocci C.,"Università degli Studi di Milano, Milan, Italy",10.15168/2284-4503-2999,2-s2.0-85190253227,1,Q2,Q2
2-s2.0-85185583329,2024,2024 Jan,The right to one's own image (and voice) in the face of artificial intelligence,,Indret,,Article,Cabrera C.T.,"Universidad de la Laguna, San Cristobal de La Laguna, Spain",10.31009/InDret.2024.i1.02,2-s2.0-85185583329,5,Q2,Q2
2-s2.0-85194577979,2024,2024 Jan,"Artificial intelligence: a global challenge between risks, prospects and responsibilities. The solutions taken by the EU, US and Sinic governments. A comparative study",,Federalismi It,,Article,Aceto Di Capriglia S.,"Parthenope University of Naples, Naples, Italy",,2-s2.0-85194577979,1,Q2,Q2
2-s2.0-85212139225,2024,2024 Jan,Data protection and AI compliance in health research: a relevant resource for institutions and companies against algorithmic vulnerability,,Biolaw Journal,,Article,Cicu G.C.,"Università degli Studi di Torino, Turin, Italy",10.15168/2284-4503-3308,2-s2.0-85212139225,0,Q2,Q2
2-s2.0-85201416859,2024,2024 Jan,European Union civil liability frameworks in the age of artificial intelligence: Assessing current regimes and future prospects,,Vestnik Sankt Peterburgskogo Universiteta Pravo,,Article,Ampovska M.,"Goce Delcev University, Stip, North Macedonia",10.21638/spbu14.2024.210,2-s2.0-85201416859,4,Q2,Q2
2-s2.0-85200740853,2024,2024 Jan,Evidence in civil liability proceedings for damages caused by artificial intelligence systems. Analysis of current law and EU regulatory proposals.,,Indret,,Article,Sánchez G.O.,"Universitat de Girona, Girona, Spain",10.31009/InDret.2024.i3.12,2-s2.0-85200740853,1,Q2,Q2
2-s2.0-105012095028,2024,2024 Jan,CHALLENGES OF THE JURISDICTIONAL FUNCTION FOR AN INTERDEPENDENT AND ECODEPENDENT WORLD,,Teoria Y Derecho,,Article,Martínez García E.,"Universitat de València, Valencia, Spain",10.36151/TD.2024.113,2-s2.0-105012095028,1,Q2,Q2
2-s2.0-85190238355,2024,2024 Jan,Cybersecurity and medical devices: the protection of patients’ health and safety from cyber vulnerabilities in Regulation (EU) 2017/745 and Artificial Intelligence Act,,Biolaw Journal,,Article,Scalcon E.,"Università degli Studi di Modena e Reggio Emilia, Modena, Italy",10.15168/2284-4503-2994,2-s2.0-85190238355,0,Q2,Q2
2-s2.0-85180905170,2024,2024 Jan,"Copyright Content Moderation in the European Union: State of the Art, Ways Forward and Policy Recommendations",,IIC International Review of Intellectual Property and Competition Law,,Article,Quintais J.P.,"Københavns Universitet, Copenhagen, Denmark",10.1007/s40319-023-01409-5,2-s2.0-85180905170,10,Q1,Q1
2-s2.0-85208462381,2024,2024 Jan,Examining the ethical and sustainability challenges of legal education’s AI revolution,,International Journal of the Legal Profession,,Article,Balan A.,"King's College London, London, United Kingdom",10.1080/09695958.2024.2421179,2-s2.0-85208462381,19,Q2,Q2
2-s2.0-85208188801,2024,2024 Jan,Exploring Shortcomings in International Trade Law in Light of the Expansion of Artificial Intelligence,,Global Trade and Customs Journal,,Article,Muya J.K.,"Advisory Centre on WTO Law (ACWL), Geneva, Switzerland",10.54648/GTCJ2024082,2-s2.0-85208188801,0,Q2,Q2
2-s2.0-105004473681,2024,2024 Jan,Artificial Intelligence Applications in Financial Markets from a Shari’ah Perspective,,Manchester Journal of Transnational Islamic Law and Practice,,Article,Alshaer B.,"The University of Jordan, Amman, Jordan",,2-s2.0-105004473681,1,Q2,Q2
2-s2.0-85211107388,2024,2024 Jan,Harmonizing AI and human instruction in legal education: a case study from Israel on training future legal professionals,,International Journal of the Legal Profession,,Article,Farber S.,"Bar-Ilan University, Ramat Gan, Israel",10.1080/09695958.2024.2430018,2-s2.0-85211107388,7,Q2,Q2
2-s2.0-85211990449,2024,2024 Jan,NON-DISCRIMINATION AND RIGHT TO DIVERSITY: WHAT’S NEW FOR DISABLED PEOPLE IN THE AI ERA?,,Biolaw Journal,,Article,Pagnanelli V.,"Università degli Studi di Firenze, Florence, Italy",10.15168/2284-4503-3322,2-s2.0-85211990449,0,Q2,Q2
2-s2.0-85202483611,2024,2024 Jan,A health-conformant reading of the GDPR's right not to be subject to automated decision-making,,Medical Law Review,,Article,Van Kolfschooten H.B.,"Universiteit van Amsterdam, Amsterdam, Netherlands",10.1093/medlaw/fwae029,2-s2.0-85202483611,11,Q1,Q1
2-s2.0-85192831685,2024,2024 Jan,SUSTAINABLE AI REGULATION,,Common Market Law Review,,Article,Hacker P.,"Europa-Universität Viadrina Frankfurt (Oder), Frankfurt/Oder, Germany",10.54648/COLA2024025,2-s2.0-85192831685,52,Q1,Q1
2-s2.0-85203455575,2024,2024 Jan,The Data Crowd as a Legal Stakeholder,,Oxford Journal of Legal Studies,,Article,Kreiczer-Levy S.,"College of Law and Business, Ramat Gan, Israel",10.1093/ojls/gqae017,2-s2.0-85203455575,0,Q1,Q1
2-s2.0-85216305684,2024,2024 Jan,Possibilities to link artificial intelligence in the previous stage of state contracts in Colombia,,Revista Eurolatinoamericana De Derecho Administrativo,,Article,Perilla Granados J.S.A.,"Universidad Tecnológica de Bolívar, Cartagena, Colombia",10.14409/redoeda.v11i2.13879,2-s2.0-85216305684,2,Q1,Q1
2-s2.0-85196863982,2024,2024 Jan,"SUBLIMINAL TECHNIQUES, THE LAW AND THE SENSES",,Revista Direito Gv,,Review,Matias C.F.,"University of Macau, Taipa, Macao",10.1590/2317-6172202412,2-s2.0-85196863982,0,Q2,Q2
2-s2.0-105002413605,2024,2024 Jan,The Philosophy of Punishment in Intellectual Property Rights Law: A Comparative Analysis of Emerging Technological Crimes Under Egyptian and Islamic Law,,Manchester Journal of Transnational Islamic Law and Practice,,Article,El Dien A.M.N.,"Faculty of Law, Giza, Egypt",,2-s2.0-105002413605,0,Q2,Q2
2-s2.0-85213868640,2024,2024 Jan,A systematic approach to a unified ecosystem of criminal proceedings based on a digital platform,,Vestnik Sankt Peterburgskogo Universiteta Pravo,,Article,Savelieva M.V.,"HSE University, Moscow, Russian Federation",10.21638/spbu14.2024.407,2-s2.0-85213868640,0,Q2,Q2
2-s2.0-85195865391,2024,2024 Jan,"Ethical, legal, and policy challenges in field-based neuroimaging research using emerging portable MRI technologies: guidance for investigators and for oversight",,Journal of Law and the Biosciences,,Article,Shen F.X.,"Harvard Medical School, Boston, United States",10.1093/jlb/lsae008,2-s2.0-85195865391,23,Q1,Q1
2-s2.0-85211177085,2024,2024 Jan,Directors’ duties and AI regulation,,Griffith Law Review,,Article,Brand V.,"College of Business, Government and Law, Adelaide, Australia",10.1080/10383441.2024.2422221,2-s2.0-85211177085,2,Q2,Q2
2-s2.0-85211982067,2024,2024 Jan,Il contributo dell’intelligenza artificiale simbiotica nella protezione delle vittime vulnerabili e nel contrasto della violenza di genere,,Biolaw Journal,,Article,Pulito L.,"Università degli studi di Bari Aldo Moro, Bari, Italy",10.15168/2284-4503-3314,2-s2.0-85211982067,0,Q2,Q2
2-s2.0-85183432874,2024,2024 Jan,The Proposal for a Directive on Defective Products: A Game Changer for Innovative Medicinal Products,,European Journal of Health Law,,Article,Guerriaud M.,"Université Claude Bernard Lyon 1, Villeurbanne, France",10.1163/15718093-bja10117,2-s2.0-85183432874,0,Q2,Q2
2-s2.0-105004013364,2024,2024 Jan,Prohibited artificial intelligence practices according to Article 5 of the European Union’s regulation on AI—between the ‘too late’ and the ‘not enough’,,International Journal of Law and Information Technology,,Article,Ćemalović U.,"Institute of European Studies, Belgrade, Serbia",10.1093/ijlit/eaae023,2-s2.0-105004013364,5,Q1,Q1
2-s2.0-85204185127,2024,2024 Jan,Artificial Intelligence and the Law of Machine-Readability: A Review of Human-to-Machine Communication Protocols and their (In)Compatibility with Article 4(3) of the Copyright DSM Directive,,Journal of Intellectual Property Information Technology and E Commerce Law,,Review,Hamann H.,"EBS Universität für Wirtschaft und Recht, Oestrich-Winkel, Germany",,2-s2.0-85204185127,3,Q1,Q1
2-s2.0-105004763928,2024,2024 Jan,The Right to Avoid Self-Incrimination: Yet Another Elephant in the Automated Competition Law Enforcement Room?,,European Papers A Journal on Law and Integration,,Article,Cleynenbreugel P.V.,"Université de Liège, Liege, Belgium",10.15166/2499-8249/795,2-s2.0-105004763928,0,Q2,Q2
2-s2.0-85209929368,2024,2024 Jan,The social media in USA and the UE: two different legal models and the same problem for democracy,,Teoria Y Realidad Constitucional,,Article,Sanz R.M.G.,"Universidad Complutense de Madrid, Madrid, Spain",10.5944/TRC.54.2024.43316,2-s2.0-85209929368,0,Q1,Q1
2-s2.0-85158876178,2024,2024 Jan,Returning Individual Research Results from Digital Phenotyping in Psychiatry,,American Journal of Bioethics,,Article,Shen F.X.,"Harvard Medical School, Boston, United States",10.1080/15265161.2023.2180109,2-s2.0-85158876178,26,Q1,Q1
2-s2.0-105004750861,2024,2024 Jan,"Slipping Through the Cracks, the Carve-outs for AI Tax Enforcement Systems in the EU AI Act",,European Papers A Journal on Law and Integration,,Article,Hadwick D.,"Universiteit Antwerpen, Antwerpen, Belgium",10.15166/2499-8249/793,2-s2.0-105004750861,3,Q2,Q2
2-s2.0-85200365501,2024,2024 Jan,Indeterminacy of Legal Language as a Guide Towards Ideally Algorithmisable Areas of Law,,Law Technology and Humans,,Article,Krištofík A.,"Masaryk University, Brno, Czech Republic",10.5204/lthj.3524,2-s2.0-85200365501,1,Q2,Q2
2-s2.0-85208169083,2024,2024 Jan,"The Crystal Ball: AI Predictive Analytics in Arbitration: Navigating Promise, Pitfalls, and Paradigm Shifts",,Global Trade and Customs Journal,,Article,Álvarez O.P.,"Litigation and Arbitration department of Cuatrecasas in Madrid, Madrid, Spain",10.54648/GTCJ2024083,2-s2.0-85208169083,2,Q2,Q2
2-s2.0-85192736865,2024,2024 Jan,Democracy and control of content on the network: Special reference to Spain,,Revista Chilena De Derecho Y Tecnologia,,Article,de Fátima Rivas Alberti J.,"Universidad de Las Américas Chile, Santiago, Chile",10.5354/0719-2584.2024.67714,2-s2.0-85192736865,1,Q2,Q2
2-s2.0-85191939407,2024,2024 Jan,Can Autonomous Weapon Systems be Seized? Interactions with the Law of Prize and War Booty,,Journal of Conflict and Security Law,,Article,Walker-Munro B.,"The University of Queensland, Brisbane, Australia",10.1093/jcsl/krad016,2-s2.0-85191939407,2,Q2,Q2
2-s2.0-85193229523,2024,2024 Jan,A legal status for Avatars in the Metaverse from a Private Law perspective,,Indret,,Article,Mengual L.A.,"Colegio Universitario de Estudios Financieros, Madrid, Spain",,2-s2.0-85193229523,5,Q2,Q2
2-s2.0-85175683321,2024,2024 Jan,"Regulating Algorithmic Management at Work in the European Union: Data Protection, Non-discrimination and Collective Rights",,International Journal of Comparative Labour Law and Industrial Relations,,Article,Aloisi A.,"IE Universidad, Segovia, Spain",10.54648/ijcl2024001,2-s2.0-85175683321,19,Q2,Q2
2-s2.0-85193550522,2024,2024 Jan,The challenges of the Constitutional Council: French controversies about constitutional justice,,Teoria Y Realidad Constitucional,,Article,Bonnet J.,"Universidad de Montpellier, Montpellier, Spain",10.5944/trc.53.2024.41398,2-s2.0-85193550522,0,Q1,Q1
2-s2.0-85152693947,2024,2024 Jan,Ethical Data Collection for Medical Image Analysis: a Structured Approach,,Asian Bioethics Review,,Article,Padmapriya S.T.,"Thiagarajar College of Engineering, Madurai, India",10.1007/s41649-023-00250-9,2-s2.0-85152693947,24,Q1,Q1
2-s2.0-105013500394,2024,2024 Jan,A Right to Be Left Dead,,California Law Review,,Article,Bartholomew M.,"University at Buffalo, The State University of New York, Buffalo, United States",10.15779/Z38Z02Z971,2-s2.0-105013500394,3,Q1,Q1
2-s2.0-85211995397,2024,2024 Jan,VULNERABILITY. SOME REMARKS ON THE ROLE OF VULNERABILITY IN THE AI ACT,,Biolaw Journal,,Article,Dadà S.,"Università di Pisa, Pisa, Italy",10.15168/2284-4503-3301,2-s2.0-85211995397,0,Q2,Q2
2-s2.0-85204645726,2024,2024 Jan,AI-driven corporate governance: a regulatory perspective,,Griffith Law Review,,Article,Bello y Villarino J.M.,"The University of Sydney, Sydney, Australia",10.1080/10383441.2024.2405752,2-s2.0-85204645726,3,Q2,Q2
2-s2.0-85205022745,2024,2024 Jan,Framing Online Speech Governance as an Algorithmic Accountability Issue,,Indiana Law Journal,,Article,Khan M.,"Cleveland State University, Cleveland, United States",,2-s2.0-85205022745,2,Q2,Q2
2-s2.0-85212283757,2024,2024 Jan,(SUB)DELEGATING NATIONAL SECURITY POWERS,,University of Pennsylvania Law Review,,Article,Deeks A.S.,"University of Virginia, Charlottesville, United States",,2-s2.0-85212283757,0,Q1,Q1
2-s2.0-105013574610,2024,2024 Jan,Rethinking Environmental Disclosure,,California Law Review,,Article,Brett A.,"University of Florida, Gainesville, United States",10.15779/Z38T727H47,2-s2.0-105013574610,3,Q1,Q1
2-s2.0-85203451591,2024,2024 Jan,‘Hard AI Crime’:The Deterrence Turn,,Oxford Journal of Legal Studies,,Article,Nerantzi E.,"Alma Mater Studiorum Università di Bologna, Bologna, Italy",10.1093/ojls/gqae018,2-s2.0-85203451591,11,Q1,Q1
2-s2.0-85198080569,2024,2024 Jan,The evolving regulation of blockchain smart contracts looking at public services resilience for the sustainability of the healthcare and agrifood sectors,,Ceridap,,Article,Lofaro G.,,10.13130/2723-9195/2024-2-41,2-s2.0-85198080569,1,Q2,Q2
2-s2.0-105002758748,2024,2024 Jan,IA legum: transforming legal education with intelligent technology,,Revista De Educacion Y Derecho,,Article,Manzano J.L.Z.,"Universidad de Las Palmas de Gran Canaria, Las Palmas de Gran Canaria, Spain",10.1344/REYD2024.2-Extraordinario.49382,2-s2.0-105002758748,1,Q2,Q2
2-s2.0-85198094168,2024,2024 Jan,UNVEILING THE BLACK BOX: BRINGING ALGORITHMIC TRANSPARENCY TO AI,,Masaryk University Journal of Law and Technology,,Article,Chaudhary G.,"Bennett University, Greater Noida, India",10.5817/MUJLT2024-1-4,2-s2.0-85198094168,38,Q2,Q2
2-s2.0-85169341403,2024,2024 Jan,Increasing transparency around facial recognition technologies in law enforcement: towards a model framework,,Information and Communications Technology Law,,Article,Matulionyte R.,"Macquarie University, Sydney, Australia",10.1080/13600834.2023.2249781,2-s2.0-85169341403,6,Q1,Q1
2-s2.0-85212343290,2024,2024 Jan,Challenges of Direct Discrimination in Algorithmic Recruitment: Insuperable or Not?,,International Journal of Comparative Labour Law and Industrial Relations,,Article,Parviainen H.,"Turun yliopisto, Turku, Finland",10.54648/IJCL2024017,2-s2.0-85212343290,0,Q2,Q2
2-s2.0-85210966376,2024,2024 Jan,The Impoverished Publicness of Algorithmic Decision Making,,Oxford Journal of Legal Studies,,Article,Frost N.,"University of Oxford, Oxford, United Kingdom",10.1093/ojls/gqae027,2-s2.0-85210966376,1,Q1,Q1
2-s2.0-105004747867,2024,2024 Jan,Will AI “Subtly” Take Over Decision-making in the EU Migration Context? Warnings and Lessons from ETIAS and VIS,,European Papers A Journal on Law and Integration,,Article,Gugliotta L.,"Directorate-General for Migration and Home Affairs, European Union",10.15166/2499-8249/797,2-s2.0-105004747867,1,Q2,Q2
2-s2.0-105026672741,2025,2025 Dec,European Legal Regulations on the Operation of Artificial Intelligence,,Prawo I Wiez,,Article,Chyc P.,"Uniwersytet Pomorski w Słupsku, Slupsk, Poland",10.36128/nzbvfz76,2-s2.0-105026672741,0,Q2,Q2
2-s2.0-105026723251,2025,2025 Dec,Limitations of Exploitation of Works in Machine Learning. Copyright Infringement vs. Permitted Use in the Scope of TDM,,Prawo I Wiez,,Article,Bukowiecka A.,"Uniwersytet Komisji Edukacji Narodowej w Krakowie, Krakow, Poland",10.36128/921e9918,2-s2.0-105026723251,0,Q2,Q2
2-s2.0-105026692708,2025,2025 Dec,The Intersection of Law and Science: Advancing Criminal Investigations,,Prawo I Wiez,,Article,Naik A.R.,"Vellore Institute of Technology, Chennai, Chennai, India",10.36128/f8faxq67,2-s2.0-105026692708,0,Q2,Q2
2-s2.0-105027330638,2025,2025 Dec,Shaping the Labor Market of Vietnam in the Age of Artificial Intelligence: Comparative Insights from the European Union,,Hasanuddin Law Review,,Article,Pham H.N.,"Debreceni Egyetem, Debrecen, Hungary",10.20956/halrev.v11i3.5901,2-s2.0-105027330638,0,Q1,Q1
2-s2.0-105027888583,2025,2025 Dec,"REMOTE WORK, FAMILY BALANCE, AND THE SUSTAINABLE DEVELOPMENT GOALS",,Lex Social,,Article,Fernández F.R.,"Universitat Politècnica de València, Valencia, Spain",10.46661/lexsocial.12126,2-s2.0-105027888583,0,Q2,Q2
2-s2.0-105024088758,2025,2025 Dec,"Disinformation, fraud and electoral repetition",,Revista De Derecho Politico,,Article,Lombarte A.R.,"Universidad Jaume I, Castellon de la Plana, Spain",10.5944/rdp.124.2025.46883,2-s2.0-105024088758,0,Q1,Q1
2-s2.0-105030626158,2025,2025 Dec,THE PROMISE AND THE PERIL OF THE USE OF GENERATIVE ARTIFICIAL INTELLIGENCE IN LITIGATION,,University of New South Wales Law Journal,,Article,Legg M.,"Western Sydney University, Penrith, Australia",10.53637/cjxx1348,2-s2.0-105030626158,2,Q2,Q2
2-s2.0-85200942127,2025,2025 Dec,"An interdisciplinary account of the terminological choices by EU policymakers ahead of the final agreement on the AI Act: AI system, general purpose AI system, foundation model, and generative AI",,Artificial Intelligence and Law,,Review,Fernández-Llorca D.,"European Commission Joint Research Centre, Brussels, Belgium",10.1007/s10506-024-09412-y,2-s2.0-85200942127,19,Q1,Q1
2-s2.0-105030718322,2025,2025 Dec,‘IT’S THE END OF THE WORLD AS WE KNOW IT’: GENERATIVE ARTIFICIAL INTELLIGENCE AND THE CHANGING LANDSCAPE OF LEGAL PRACTICE AND EDUCATION,,University of New South Wales Law Journal,,Article,Robb L.,"Queensland University of Technology, Brisbane, Australia",10.53637/colu6155,2-s2.0-105030718322,0,Q2,Q2
2-s2.0-85198354895,2025,2025 Dec,From PARIS to LE-PARIS: toward patent response automation with recommender systems and collaborative large language models,,Artificial Intelligence and Law,,Article,Chu J.M.,"National Taiwan University, Taipei, Taiwan",10.1007/s10506-024-09409-7,2-s2.0-85198354895,1,Q1,Q1
2-s2.0-85198563144,2025,2025 Dec,Applicability of large language models and generative models for legal case judgement summarization,,Artificial Intelligence and Law,,Article,Deroy A.,"Indian Institute of Technology Kharagpur, Kharagpur, India",10.1007/s10506-024-09411-z,2-s2.0-85198563144,17,Q1,Q1
2-s2.0-105027030766,2025,2025 Dec,Integration of Artificial Intelligence into Criminal Procedure Law and Practice in Kazakhstan,,Laws,,Article,Mukhamadieva G.N.,"Farabi University, Almaty, Kazakhstan",10.3390/laws14060098,2-s2.0-105027030766,1,Q2,Q2
2-s2.0-105026880468,2025,2025 Dec,What do AIs Think about the AI Act? An Experimental Analysis of the EU Legal Approach on Artificial Intelligence,,European Business Law Review,,Article,Nizza U.,"Stanford University, Stanford, United States",10.54648/eulr2025063,2-s2.0-105026880468,0,Q2,Q2
2-s2.0-105024140255,2025,2025 Dec,Legal and Ethical Issues Related to the Use of Artificial Intelligence in the Field of Justice,,Bialostockie Studia Prawnicze,,Article,Sierocka H.,"Uniwersytet w Bialymstoku, Bialystok, Poland",10.15290/bsp.2025.30.04.11,2-s2.0-105024140255,0,Q2,Q2
2-s2.0-105030950406,2025,2025 Dec,DO YOU COPY?: ATTRIBUTING COPYRIGHT INFRINGEMENT TO ACTORS INVOLVED IN TEXT-TO-IMAGE GENERATIVE ARTIFICIAL INTELLIGENCE,,University of New South Wales Law Journal,,Article,Wojciechowski A.,,10.53637/FUFZ8857,2-s2.0-105030950406,0,Q2,Q2
2-s2.0-105026237090,2025,2025 Dec,Artificial intelligence guidance in ethically challenging clinical scenarios in child and adolescent psychiatry: a qualitative study in the context of Turkiye,,BMC Medical Ethics,,Article,İçen S.,"Kırşehir Ahi Evran Üniversitesi, Kirsehir, Turkey",10.1186/s12910-025-01323-0,2-s2.0-105026237090,1,Q1,Q1
2-s2.0-105025673083,2025,2025 Dec,Reconceptualizing Human Authorship in the Age of Generative AI: A Normative Framework for Copyright Thresholds,,Laws,,Article,Ramos-Zaga F.A.,"Universidad Privada del Norte, Trujillo, Peru",10.3390/laws14060084,2-s2.0-105025673083,0,Q2,Q2
2-s2.0-105026724675,2025,2025 Dec,Legal limitations and justifications in the training and deployment of generative AI models under copyright law,,Taltech Journal of European Studies,,Article,Funta R.,"University of Economics Bratislava, Bratislava, Slovakia",10.2478/bjes-2025-0035,2-s2.0-105026724675,2,Q1,Q1
2-s2.0-105009966576,2025,2025 Dec,"Turkish medical oncologists’ perspectives on integrating artificial intelligence: knowledge, attitudes, and ethical considerations",,BMC Medical Ethics,,Article,Erdat E.C.,"Ankara Üniversitesi, Ankara, Turkey",10.1186/s12910-025-01249-7,2-s2.0-105009966576,2,Q1,Q1
2-s2.0-105025767925,2025,2025 Dec,The Jurisprudence of Functional Identity: Artificial Intelligence as a Combatant in Warfare Under Article 43(2) of Additional Protocol I to the Geneva Conventions,,Laws,,Article,Sakr J.,"Prince Sultan University, Riyadh, Saudi Arabia",10.3390/laws14060091,2-s2.0-105025767925,1,Q2,Q2
2-s2.0-105022659403,2025,2025 Dec,Artificial Intelligence and Applicability of WTO Law: New Kid on the Block or Old-Time Friend?,,Journal of World Trade,,Article,Abdollahi M.,"Shahid Beheshti University, Tehran, Iran",,2-s2.0-105022659403,0,Q1,Q1
2-s2.0-85203163775,2025,2025 Dec,DGGCCM: a hybrid neural model for legal event detection,,Artificial Intelligence and Law,,Article,Gong S.,"Guangxi Normal University, Guilin, China",10.1007/s10506-024-09418-6,2-s2.0-85203163775,3,Q1,Q1
2-s2.0-105023673849,2025,2025 Dec,The EU model of AI governance: regulating artificial intelligence through law and policy,,Era Forum,,Editorial,Hulok M.,"Academy of European Law, Trier, Germany",10.1007/s12027-025-00869-1,2-s2.0-105023673849,1,Q2,Q2
2-s2.0-105018827196,2025,2025 Dec,Comparative analysis of digital technologies and legal frameworks in customs operations: A focus on violation detection,,Journal of Transportation Security,,Article,Mamyrova S.,"Farabi University, Almaty, Kazakhstan",10.1007/s12198-025-00316-9,2-s2.0-105018827196,0,Q2,Q2
2-s2.0-105030984909,2025,2025 Dec,ARE WE REGULATING THE RIGHT DIGITAL SYSTEMS? TESTING EMERGING ARTIFICIAL INTELLIGENCE FRAMEWORKS AGAINST REAL-WORLD PUBLIC SECTOR SYSTEMS,,University of New South Wales Law Journal,,Article,Bello Y Villarino J.M.,"The University of Sydney, Sydney, Australia",10.53637/vrjl5367,2-s2.0-105030984909,0,Q2,Q2
2-s2.0-85216008996,2025,2025 Dec,"High-reward, high-risk technologies? An ethical and legal account of AI development in healthcare",,BMC Medical Ethics,,Review,Corfmat M.,"University of Montreal, Montreal, Canada",10.1186/s12910-024-01158-1,2-s2.0-85216008996,40,Q1,Q1
2-s2.0-105019941627,2025,2025 Dec,"AI as legal persons: past, patterns, and prospects",,Journal of Law and Society,,Article,Novelli C.,"Yale University, New Haven, United States",10.1111/jols.70021,2-s2.0-105019941627,1,Q1,Q1
2-s2.0-105004349121,2025,2025 Dec,Assessing ChatGPT-4’s ability to generate forensic reports: a study of artificial intelligence in forensics,,Egyptian Journal of Forensic Sciences,,Article,Aydogan H.C.,"University of Health Sciences, Istanbul, Turkey",10.1186/s41935-025-00445-1,2-s2.0-105004349121,2,Q2,Q2
2-s2.0-105020082207,2025,2025 Dec,IT and AI at national courts. Some examples from Estonia,,Era Forum,,Article,Siitam N.,"The Supreme Court of Estonia, Tartu, Estonia",10.1007/s12027-025-00861-9,2-s2.0-105020082207,0,Q2,Q2
2-s2.0-105024494631,2025,2025 Dec,"Unseen Influence: Computational Propaganda, Free Elections, and the Reluctance to Seek Judicial Remedies in Poland. Evidence from AI-Assisted Case Law Analysis",,Bialostockie Studia Prawnicze,,Article,Augustyniak Ł.,"Politechnika Wrocławska, Wroclaw, Poland",10.15290/bsp.2025.30.04.14,2-s2.0-105024494631,0,Q2,Q2
2-s2.0-105026703106,2025,2025 Dec,"Global norms and regional innovation: GDPR, evolution of data protection in ASEAN and the legal trajectory of AI in Vietnam",,Taltech Journal of European Studies,,Article,Le C.T.Q.,"Ho Chi Minh City University of Law, Ho Chi Minh City, Viet Nam",10.2478/bjes-2025-0039,2-s2.0-105026703106,0,Q1,Q1
2-s2.0-105024123327,2025,2025 Dec,The (In)Admissibility of the Use of Neurotechnology in the Workplace,,Bialostockie Studia Prawnicze,,Article,Bielak-Jomaa E.,"University of Lodz, Lodz, Poland",10.15290/bsp.2025.30.04.06,2-s2.0-105024123327,0,Q2,Q2
2-s2.0-105025768821,2025,2025 Dec,Transformative Public Procurement of Artificial Intelligence,,Laws,,Article,Licata G.F.,"Università degli Studi di Catania, Catania, Italy",10.3390/laws14060097,2-s2.0-105025768821,0,Q2,Q2
2-s2.0-85195303053,2025,2025 Dec,Graph contrastive learning networks with augmentation for legal judgment prediction,,Artificial Intelligence and Law,,Article,Dong Y.,"Hebei University of Technology, Tianjin, China",10.1007/s10506-024-09407-9,2-s2.0-85195303053,6,Q1,Q1
2-s2.0-105025882165,2025,2025 Dec,Algorithms and Antitrust: a Framework with Special Emphasis on Coordinated Pricing,,Journal of Competition Law and Economics,,Article,Inderst R.,"Eberhard Karls Universität Tübingen, Tubingen, Germany",10.1093/joclec/nhaf014,2-s2.0-105025882165,1,Q1,Q1
2-s2.0-105030415329,2025,2025 Dec,From Bench to Bedside: Governing Health Care Artificial Intelligence (AI) through a “True Lifecycle Approach”,,American Journal of Law and Medicine,,Article,Solaiman B.,"HMS Center for Bioethics, United States",10.1017/amj.2025.10091,2-s2.0-105030415329,0,Q2,Q2
2-s2.0-105024083632,2025,2025 Dec,The Openness of Commercial Proceedings and the Digitisation of Civil Proceedings,,Bialostockie Studia Prawnicze,,Article,Szanciło T.,"Europejska Wyższa Szkoła Prawa i Administracji, Warsaw, Poland",10.15290/bsp.2025.30.04.15,2-s2.0-105024083632,0,Q2,Q2
2-s2.0-105015432472,2025,2025 Dec,Improving the transparency of algorithmic management in platform work: The role of the Platform Work Directive,,European Labour Law Journal,,Article,Rosin A.,"Turun yliopisto, Turku, Finland",10.1177/20319525251375023,2-s2.0-105015432472,2,Q2,Q2
2-s2.0-105024342039,2025,2025 Dec,Qualitative study on ethics in paediatric Systemic Inflammatory Response Syndrome (SIRS) research: perspectives of Turkish legal guardians,,BMC Medical Ethics,,Article,Aleksandrova-Yankulovska S.,"Universität Ulm, Ulm, Germany",10.1186/s12910-025-01350-x,2-s2.0-105024342039,0,Q1,Q1
2-s2.0-105030612863,2025,2025 Dec,GUIDING ACTION IN THE AGE OF ARTIFICIAL INTELLIGENCE,,University of New South Wales Law Journal,,Article,Dancy T.,"Melbourne Law School, Melbourne, Australia",10.53637/znni6524,2-s2.0-105030612863,0,Q2,Q2
2-s2.0-105014889026,2025,2025 Dec,Teeth tell tales: a narrative review on dental age estimation methods from traditional to AI-driven approaches,,Egyptian Journal of Forensic Sciences,,Review,Tiwari A.,"All India Institute of Medical Sciences, Raipur, Raipur, India",10.1186/s41935-025-00481-x,2-s2.0-105014889026,2,Q2,Q2
2-s2.0-105021818590,2025,2025 Dec,What’s Economics Got to Do with It? Providing Theoretical Clarity on ELSA of AI,,Science and Engineering Ethics,,Article,Ryan M.,"Wageningen University & Research, Wageningen, Netherlands",10.1007/s11948-025-00564-x,2-s2.0-105021818590,0,Q1,Q1
2-s2.0-105019113702,2025,2025 Dec,"Evaluating trustworthiness in AI-Based diabetic retinopathy screening: addressing transparency, consent, and privacy challenges",,BMC Medical Ethics,,Article,Chauhan A.,"UNC School of Medicine, Chapel Hill, United States",10.1186/s12910-025-01265-7,2-s2.0-105019113702,0,Q1,Q1
2-s2.0-105032468838,2025,2025 Dec,RESOLVING WRONGS IN ALGORITHMIC CONTRACTING: APPLICATIONS OF THE DOCTRINES OF UNCONSCIONABILITY,,University of New South Wales Law Journal,,Article,Cheong M.F.,"UNSW Sydney, Sydney, Australia",10.53637/JKYD7737,2-s2.0-105032468838,0,Q2,Q2
2-s2.0-85197173678,2025,2025 Dec,A support system for the detection of abusive clauses in B2C contracts,,Artificial Intelligence and Law,,Article,Dadas S.,"National Information Processing Institute, Warsaw, Poland",10.1007/s10506-024-09408-8,2-s2.0-85197173678,3,Q1,Q1
2-s2.0-105004043543,2025,2025 Dec,Future-proofing the EU: ordoliberal governance and algorithmic regulation,,Constitutional Political Economy,,Article,Küsters A.,"Max Planck Institute for Legal History and Legal Theory, Frankfurt am Main, Germany",10.1007/s10602-025-09467-2,2-s2.0-105004043543,0,Q2,Q2
2-s2.0-105021857131,2025,2025 Dec,Compliance with Clinical Guidelines and AI-Based Clinical Decision Support Systems: Implications for Ethics and Trust,,Science and Engineering Ethics,,Article,Pardoux É.,"University of Oxford Medical Sciences Division, Oxford, United Kingdom",10.1007/s11948-025-00562-z,2-s2.0-105021857131,0,Q1,Q1
2-s2.0-105015763523,2025,2025 Dec,"From ‘general’ to ‘context-specific’ data protection for workers: Insights from the EU rules on platforms, algorithmic management and AI systems",,European Labour Law Journal,,Article,Aloisi A.,"Universiteit Utrecht, Utrecht, Netherlands",10.1177/20319525251375031,2-s2.0-105015763523,2,Q2,Q2
2-s2.0-105024135333,2025,2025 Dec,Digital Coercion? The Financial Market and the Right to Digital Opt-Out between Fiction and Reality,,Bialostockie Studia Prawnicze,,Article,Nieborak T.,"Uniwersytet im. Adama Mickiewicza w Poznaniu, Poznan, Poland",10.15290/bsp.2025.30.04.08,2-s2.0-105024135333,0,Q2,Q2
2-s2.0-105022499574,2025,2025 Dec,AI-based credit scoring at the intersection of GDPR and AI Act: lessons from the SCHUFA judgment,,Era Forum,,Article,Müller M.,"Research Institute - Digital Human Rights Center, Vienna, Austria",10.1007/s12027-025-00865-5,2-s2.0-105022499574,0,Q2,Q2
2-s2.0-105018640774,2025,2025 Dec,Navigating the future: the expanding role of unmanned surface vehicles in maritime security,,Journal of Transportation Security,,Review,Boretti A.,"Independent Scientist, Wellington, New Zealand",10.1007/s12198-025-00314-x,2-s2.0-105018640774,3,Q2,Q2
2-s2.0-105029805914,2025,2025 Nov,Constitutional protections of press and media freedoms in jordan and indonesia amid challenges from artificial intelligence and international legal frameworks,,Journal of Indonesian Legal Studies,,Article,Alomran N.,"Zayed University, Dubai, United Arab Emirates",10.15294/jils.v10i2.11010,2-s2.0-105029805914,1,Q1,Q1
2-s2.0-105029813834,2025,2025 Nov,Legal aspects of patient data governance in digital health: A comparative analytical study of uae and indonesian legislation,,Journal of Indonesian Legal Studies,,Article,Benseghir M.,"University of Sharjah, Sharjah, United Arab Emirates",10.15294/jils.v10i2.10025,2-s2.0-105029813834,0,Q1,Q1
2-s2.0-105027790739,2025,2025 Nov,Artificial Intelligence in Indonesia’s Financial Sector: Regulatory and Islamic Law Perspectives,,Justicia Islamica,,Article,Al-Fatih S.,"Eötvös Loránd Tudományegyetem, Budapest, Hungary",10.21154/justicia.v22i2.10479,2-s2.0-105027790739,2,Q1,Q1
2-s2.0-105027656548,2025,2025 Nov,The Right to Digital Tranquillity: A Comparative Analysis of AI Governance in Oman and Jordan from an Islamic Legal Perspective,,Justicia Islamica,,Article,Kheiri M.A.,"King Faisal University, Al-Ahsa, Saudi Arabia",10.21154/justicia.v22i2.11259,2-s2.0-105027656548,0,Q1,Q1
2-s2.0-105026915529,2025,2025 Nov,The Adaptability of the Indonesian Judiciary in the Era of Law and Technology Disruption,,Lex Scientia Law Review,,Article,Afdal W.,"Szegedi Tudományegyetem (SZTE), Szeged, Hungary",10.15294/lslr.v9i2.28896,2-s2.0-105026915529,0,Q2,Q2
2-s2.0-105001435213,2025,2025 Nov,Intellectual property protection in the era of artificial intelligence and the problem of generative platforms,,Journal of World Intellectual Property,,Article,Fontana A.G.,"Pegaso Digital University, Naples, Italy",10.1111/jwip.12355,2-s2.0-105001435213,3,Q2,Q2
2-s2.0-105025058167,2025,2025 Nov,From autocomplete to ChatGPT: Assessing responsibility in a new era of automated information retrieval,,First Monday,,Article,Cetrola J.,"The University of Sydney, Sydney, Australia",10.5210/fm.v30i11.14233,2-s2.0-105025058167,0,Q1,Q1
2-s2.0-105035009837,2025,2025 Nov,The legal framework and legal gaps for AI-generated child sexual abuse material,,Computer Law and Security Review,,Article,Dushi D.,"Vrije Universiteit Brussel, Brussels, Belgium",10.1016/j.clsr.2025.106205,2-s2.0-105035009837,4,Q1,Q1
2-s2.0-105034888959,2025,2025 Nov,Large Language Models for Legal Interpretation? Don’t Take Their Word for It,,Georgetown Law Journal,,Article,Waldon B.,"Georgetown University, Washington, D.C., United States",,2-s2.0-105034888959,0,Q1,Q1
2-s2.0-105035033731,2025,2025 Nov,Enhancing legal document building with Retrieval-Augmented Generation,,Computer Law and Security Review,,Article,Buffa M.,"Università degli Studi di Milano, Milan, Italy",10.1016/j.clsr.2025.106229,2-s2.0-105035033731,1,Q1,Q1
2-s2.0-105035005348,2025,2025 Nov,The future of the movie industry in the wake of generative AI: A perspective under EU and UK copyright law,,Computer Law and Security Review,,Article,Rosati E.,"Stockholms universitet, Stockholm, Sweden",10.1016/j.clsr.2025.106207,2-s2.0-105035005348,3,Q1,Q1
2-s2.0-105025528928,2025,2025 Nov,The Urgency of Legal Profession Regulation Amidst The Integration of Artificial Intelligence,,Lex Scientia Law Review,,Article,Setiawan A.,"Université de Caen Normandie, Caen, France",10.15294/lslr.v9i2.26448,2-s2.0-105025528928,0,Q2,Q2
2-s2.0-105034968889,2025,2025 Nov,"Antitrust in artificial intelligence infrastructure – between regulation and innovation in the EU, the US, and China",,Computer Law and Security Review,,Article,Zheng K.,,10.1016/j.clsr.2025.106211,2-s2.0-105034968889,1,Q1,Q1
2-s2.0-105020060158,2025,2025 Nov,Why AI cannot be an inventor: a post-humanist rejection of AI as legal inventor,,Journal of Intellectual Property Law and Practice,,Article,Choudhary L.,"University of Petroleum and Energy Studies, Dehradun, India",10.1093/jiplp/jpaf063,2-s2.0-105020060158,1,Q2,Q2
2-s2.0-105023086509,2025,2025 Nov,Generative AI and the Scope of EU Copyright Law: A Doctrinal Analysis in Light of the Referral in Like Company v. Google,,IIC International Review of Intellectual Property and Competition Law,,Article,Dornis T.W.,"Gottfried Wilhelm Leibniz Universität Hannover, Hannover, Germany",10.1007/s40319-025-01649-7,2-s2.0-105023086509,1,Q1,Q1
2-s2.0-105035012898,2025,2025 Nov,A quantitative approach to the GDPR's anonymisation and “appropriate technical and organisational measures” tests,,Computer Law and Security Review,,Article,Holzenberger N.,"Institut Polytechnique de Paris, Palaiseau, France",10.1016/j.clsr.2025.106173,2-s2.0-105035012898,0,Q1,Q1
2-s2.0-105020084566,2025,2025 Nov,STICKER SHOCK DUE PROCESS,,Duke Law Journal,,Article,Neumann A.D.,"Duke University, Durham, United States",,2-s2.0-105020084566,0,Q1,Q1
2-s2.0-105035030575,2025,2025 Nov,Changing lenses on lenses –Function creep with public camera surveillance in the Netherlands?,,Computer Law and Security Review,,Article,van Iersel N.,"Universiteit Leiden, Leiden, Netherlands",10.1016/j.clsr.2025.106221,2-s2.0-105035030575,1,Q1,Q1
2-s2.0-105021947348,2025,2025 Nov,Artificial intelligence in forensic psychiatry: potential applications and key considerations,,Journal of Forensic and Legal Medicine,,Article,Blott H.,"Cardiff University School of Medicine, Cardiff, United Kingdom",10.1016/j.jflm.2025.103016,2-s2.0-105021947348,0,Q1,Q1
2-s2.0-105034999793,2025,2025 Nov,The copyrightability of AI-generated content: A doctrinal exploration of the pioneering chinese judicial practice,,Computer Law and Security Review,,Article,Feng S.,"Tsinghua University, Beijing, China",10.1016/j.clsr.2025.106236,2-s2.0-105034999793,0,Q1,Q1
2-s2.0-105022597467,2025,2025 Nov,Copyright and AI in the UK: Opting-In or Opting-Out?,,Grur International,,Article,Kretschmer M.,"University of Cambridge, Cambridge, United Kingdom",10.1093/grurint/ikaf093,2-s2.0-105022597467,2,Q2,Q2
2-s2.0-105035032005,2025,2025 Nov,Looking through the crack in the black box: A comparative case law benchmark for auditing AI-Powered Trade Mark search engines,,Computer Law and Security Review,,Article,Cabay J.,"Université Libre de Bruxelles, Brussels, Belgium",10.1016/j.clsr.2025.106167,2-s2.0-105035032005,1,Q1,Q1
2-s2.0-105020761769,2025,2025 Nov,Selecting arbitrators by AI: theoretical analysis and institutional responses,,International Journal of Legal Discourse,,Article,Feng S.,"Shanghai Jiao Tong University, Shanghai, China",10.1515/ijld-2025-2018,2-s2.0-105020761769,1,Q2,Q2
2-s2.0-105011672358,2025,2025 Nov,Where are they? A review of statistical techniques and data analysis to support the search for missing persons and the new field of data-based disappearance analysis,,Forensic Science International,,Article,Reyes J.R.,"Yale University, New Haven, United States",10.1016/j.forsciint.2025.112582,2-s2.0-105011672358,1,Q2,Q2
2-s2.0-105034996517,2025,2025 Nov,A semantic approach to understanding GDPR fines: From text to compliance insights,,Computer Law and Security Review,,Article,Orlando A.,"Consiglio Nazionale delle Ricerche, Rome, Italy",10.1016/j.clsr.2025.106187,2-s2.0-105034996517,0,Q1,Q1
2-s2.0-105029927187,2025,2025 Nov,"Apartment Pricing in the Era of AI, Algorithms, and Big Data",,Iowa Law Review,,Article,McQuade S.P.,"University of Iowa College of Law, Iowa City, United States",,2-s2.0-105029927187,0,Q1,Q1
2-s2.0-105021446764,2025,2025 Nov,AI Governance and Taxpayers’ Rights in a Digital Age,,Intertax,,Article,Owens J.,"Universiteit Leiden, Leiden, Netherlands",10.54648/taxi2025069,2-s2.0-105021446764,0,Q1,Q1
2-s2.0-105010751979,2025,2025 Nov,Resolving Disputes Arising from PPP Contracts on Seawater Desalination Plants: The Independent Expert as the Most Effective Means,,Journal of Legal Affairs and Dispute Resolution in Engineering and Construction,,Article,El Maknouzi M.E.H.,"United Arab Emirates University, Al Ain, United Arab Emirates",10.1061/JLADAH.LADR-1315,2-s2.0-105010751979,0,Q2,Q2
2-s2.0-105019974138,2025,2025 Nov,Transitioning from conventional to digital methods for estimating time since death: a multi-parameter forensic software,,Journal of Forensic and Legal Medicine,,Article,Scendoni R.,"Universidad de Granada, Granada, Spain",10.1016/j.jflm.2025.103009,2-s2.0-105019974138,0,Q1,Q1
2-s2.0-105024558121,2025,2025 Oct,Deepfakes in the Light of the Artificial Intelligence Act,,Prawo I Wiez,,Article,Bień-węgłowska I.,"Katolicki Uniwersytet Lubelski Jana Pawła II, Lublin, Poland",10.36128/4dr67e80,2-s2.0-105024558121,1,Q2,Q2
2-s2.0-105024435406,2025,2025 Oct,Creating Resilient Artificial Intelligence Systems. A Responsible Approach toCybersecurity Risks,,Prawo I Wiez,,Article,Bierecki D.M.,"Uniwersytet Warminsko-Mazurski w Olsztynie, Olsztyn, Poland",10.36128/0akf8v90,2-s2.0-105024435406,5,Q2,Q2
2-s2.0-105024463946,2025,2025 Oct,From Slave to Electronic Legal Entity – Considerations on Legal Subjectivity for AI,,Prawo I Wiez,,Article,Królikiewicz O.,"Uniwersytet Komisji Edukacji Narodowej w Krakowie, Krakow, Poland",10.36128/qjfzg275,2-s2.0-105024463946,1,Q2,Q2
2-s2.0-105024546608,2025,2025 Oct,Legal Issues of Deepfake Technology – Analysis of the Legality of Creating and Disseminating Deepfakes after the Adoption of the AI Act,,Prawo I Wiez,,Article,Bernacka J.,"Uniwersytet Komisji Edukacji Narodowej w Krakowie, Krakow, Poland",10.36128/hg1acq35,2-s2.0-105024546608,1,Q2,Q2
2-s2.0-105029639522,2025,2025 Oct,THE STATUS OF MEANINGFUL HUMAN CONTROL OF LETHAL AUTONOMOUS WEAPONS SYSTEM IN INTERNATIONAL HUMANITARIAN LAW,,Brawijaya Law Journal,,Article,Zhu L.,"China University of Political Science and Law, Beijing, China",10.21776/ub.blj.2025.012.02.02,2-s2.0-105029639522,0,Q2,Q2
2-s2.0-105007227766,2025,2025 Oct,Artificial intelligence technologies in banking: challenges and opportunities for anti-money laundering in the context of EU regulatory initiatives,,Journal of Money Laundering Control,,Review,Horobets N.,"Sumy State University, Sumy, Ukraine",10.1108/JMLC-03-2025-0041,2-s2.0-105007227766,4,Q1,Q1
2-s2.0-105023088145,2025,2025 Oct,Cross-border effectiveness of judicial decisions assisted by artificial intelligence in the European Judicial Area,,Cuadernos De Derecho Transnacional,,Article,Rodríguez A.M.L.,"Universidad Loyola Andalucia, Cordoba, Spain",10.20318/cdt.2025.9885,2-s2.0-105023088145,0,Q2,Q2
2-s2.0-105023120302,2025,2025 Oct,Directors and decision-making in an Artificial Intelligence environment. European and Spanish comparative study,,Cuadernos De Derecho Transnacional,,Article,Galeote Muñoz M.D.P.,"IE Universidad, Segovia, Spain",10.20318/cdt.2025.9878,2-s2.0-105023120302,0,Q2,Q2
2-s2.0-105023123297,2025,2025 Oct,"Practical materials on private law of the european union in disruptive environments (Vuca, bani, gai)",,Cuadernos De Derecho Transnacional,,Article,Milla J.J.P.,"Universidad de Zaragoza, Zaragoza, Spain",10.20318/cdt.2025.9916,2-s2.0-105023123297,0,Q2,Q2
2-s2.0-85219696255,2025,2025 Oct,Assessing the performance of ChatGPT in medical ethical decision-making: a comparative study with USMLE-based scenarios,,Journal of Medical Ethics,,Article,Khan A.A.,"The University of Texas Medical Branch at Galveston, Galveston, United States",10.1136/jme-2024-110240,2-s2.0-85219696255,9,Q1,Q1
2-s2.0-105008813303,2025,2025 Oct,Beyond the black box: AI in civil order courts (a heuristic proposal),,Revista De Internet Derecho Y Politica,,Article,Moya C.C.,"Universidad del Atlántico Medio, Las Palmas de Gran Canaria, Spain",10.7238/idp.v0i43.432360,2-s2.0-105008813303,0,Q2,Q2
2-s2.0-105021955353,2025,2025 Oct,Digital Transformation with the Impact of AI in Government Decision Making,,Journal of Law and Legal Reform,,Article,Busroh F.F.,"Universitas Negeri Semarang, Semarang, Indonesia",10.15294/jllr.v6i4.30339,2-s2.0-105021955353,0,Q1,Q1
2-s2.0-105024773398,2025,2025 Oct,ARTIFICIAL INTELLIGENCE IN CRIMINAL PROCEEDINGS: CHALLENGES AND OPPORTUNITIES IN THE CONTEXT OF HUMAN RIGHTS,,Relacoes Internacionais no Mundo Atual,,Article,Lukianchykov B.,"National Technical University of Ukraine “Igor Sikorsky Kyiv Polytechnic Institute”, Kyiv, Ukraine",10.21902/Revrima.v4i50.7702,2-s2.0-105024773398,0,Q2,Q2
2-s2.0-105021940514,2025,2025 Oct,Reimagining Criminal Liability in the Age of Artificial Intelligence: Toward a Comparative and Reform-Oriented Legal Framework,,Journal of Law and Legal Reform,,Article,Maskur M.A.,"Universitas Negeri Semarang, Semarang, Indonesia",10.15294/jllr.v6i4.35540,2-s2.0-105021940514,2,Q1,Q1
2-s2.0-105009902799,2025,2025 Oct,Can Copyright Law Benefit from the Marking Requirement of the AI Act?,,IIC International Review of Intellectual Property and Competition Law,,Article,Militsyna K.,"Taras Shevchenko National University of Kyiv, Kyiv, Ukraine",10.1007/s40319-025-01624-2,2-s2.0-105009902799,0,Q1,Q1
2-s2.0-105012615176,2025,2025 Oct,The role of artificial intelligence in analyzing clinical malpractice disputes through medical record management,,Journal of Forensic and Legal Medicine,,Review,Di Mauro L.,"Sapienza Università di Roma, Rome, Italy",10.1016/j.jflm.2025.102941,2-s2.0-105012615176,3,Q1,Q1
2-s2.0-105014608677,2025,2025 Oct,A Social Disruptiveness-Based Approach to AI Governance: Complementing the Risk-Based Approach of the AI Act,,Science and Engineering Ethics,,Article,Marchiori S.,"Universiteit Utrecht, Utrecht, Netherlands",10.1007/s11948-025-00545-0,2-s2.0-105014608677,4,Q1,Q1
2-s2.0-105003840757,2025,2025 Oct,Proposal for an iterative hybrid model for online conflict mediation: integration of artificial intelligence with the Thomas-Kilmann method,,Revista De Internet Derecho Y Politica,,Article,Popiuc M.P.,"Universidad Camilo José Cela, Madrid, Spain",10.7238/idp.v0i43.432239,2-s2.0-105003840757,0,Q2,Q2
2-s2.0-105003763074,2025,2025 Oct,Addressing Deepfake Pornography and the Right to be Forgotten in Indonesia: Legal Challenges in the Era of AI-Driven Sexual Abuse,,International Journal for the Semiotics of Law,,Article,Nasution A.V.A.,"Universitas Diponegoro, Semarang, Indonesia",10.1007/s11196-025-10265-0,2-s2.0-105003763074,7,Q2,Q2
2-s2.0-105029009473,2025,2025 Oct,"ALGORITHMS, DISCRIMINATION, AND EXISTENTIAL RISKS OF ARTIFICIAL INTELIGENCE: THE PRECAUTIONARY PRINCIPLE AS A POSITIVE OBLIGATION IN INTERNATIONAL HUMAN RIGHTS LAW",,Relacoes Internacionais no Mundo Atual,,Article,Santos M.C.C.L.D.,,10.21902/Revrima.v4i50.8199,2-s2.0-105029009473,0,Q2,Q2
2-s2.0-105016512234,2025,2025 Oct,"Regulating at the AI frontier: The collision of policy, regulation, and nursing practice",,Journal of Nursing Regulation,,Article,Galatzan B.J.,"University of Wisconsin-Madison, Madison, United States",10.1016/j.jnr.2025.08.012,2-s2.0-105016512234,1,Q1,Q1
2-s2.0-105036279908,2025,2025 Oct,SURVEILLANT ASSEMBLAGES AND BORDER GOVERNANCE IN THE GLOBAL SOUTH: A CRITICAL STUDY OF BRICS SECURITY PRACTICES,,Relacoes Internacionais no Mundo Atual,,Article,Rodrigues J.N.,"Universidade dos Açores, Ponta Delgada, Portugal",,2-s2.0-105036279908,1,Q2,Q2
2-s2.0-105022743436,2025,2025 Oct,FACIAL RECOGNITION: ESTABLISHING A BALANCE BETWEEN TECNOLOGICAL EFFICIENCY AND THE PROTECTION OF RIGHTS,,Revista General De Derecho Constitucional,,Article,Martinez M.ª.R.,"Universitat de València, Valencia, Spain",,2-s2.0-105022743436,0,Q2,Q2
2-s2.0-105021856791,2025,2025 Oct,Application of Emerging Defence Technologies in Contemporary Warfare: Lessons Learnt and Prospects,,Revista Cientifica General Jose Maria Cordova,,Article,Upadhyaya S.,"Rabdan Academy, Abu Dhabi, United Arab Emirates",10.21830/19006586.1565,2-s2.0-105021856791,0,Q2,Q2
2-s2.0-105024763201,2025,2025 Oct,SOME EXPERIENCES IN STATE MANAGEMENT FROM THE ISSUANCE OF STATE ADMINISTRATIVE DOCUMENTS IN VIETNAM DURING THE PERIOD 1986–2025,,Relacoes Internacionais no Mundo Atual,,Article,Hoc D.V.,"Viet Nam National University Ho Chi Minh City, Ho Chi Minh City, Viet Nam",10.21902/Revrima.v4i50.7833,2-s2.0-105024763201,0,Q2,Q2
2-s2.0-105016555209,2025,2025 Oct,After Harm: A Plea for Moral Repair after Algorithms Have Failed,,Science and Engineering Ethics,,Note,Wong P.H.,"Universitetet i Bergen, Bergen, Norway",10.1007/s11948-025-00555-y,2-s2.0-105016555209,0,Q1,Q1
2-s2.0-105013222172,2025,2025 Oct,"A survey of cyber threat attribution: Challenges, techniques, and future directions",,Computers and Security,,Article,Prasad N.,"RMIT University, Melbourne, Australia",10.1016/j.cose.2025.104606,2-s2.0-105013222172,4,Q1,Q1
2-s2.0-105024673596,2025,2025 Sep,Governance of Artificial Intelligence Technologies and Systems in the EU and Ukraine: Legal Foundations and Institutional Mechanisms,,Forum Scientiae Oeconomia,,Article,Kwilinski A.,"Sumy State University, Sumy, Ukraine",10.23762/FSO_VOL13_NO3_1,2-s2.0-105024673596,3,Q1,Q1
2-s2.0-105019936609,2025,2025 Sep,Intelligent artificial justice? Insights for the european constitutional lawyer from the colombian experience,,Federalismi It,,Article,Perona R.,"Università di Cartagena, Cartagena, Spain",,2-s2.0-105019936609,0,Q2,Q2
2-s2.0-105008878036,2025,2025 Sep,Uncovering financial crime patterns: a clustering approach to offender typologies,,Journal of Financial Crime,,Article,Trabelsi W.,"South Mediterranean University, Tunis, Tunisia",10.1108/JFC-11-2024-0356,2-s2.0-105008878036,0,Q1,Q1
2-s2.0-105020459805,2025,2025 Sep,Legal Protection of Artificial Intelligence Applications in Banking,,Journal of Sustainable Development and Regulatory Issues,,Article,Sukawati M.P.,"Faculty of Law, Jakarta, Indonesia",10.53955/jsderi.v3i3.175,2-s2.0-105020459805,1,Q2,Q2
2-s2.0-105033902554,2025,2025 Sep,The European Union’s Pursuit of Digital Sovereignty Through Legislation by Lukas von Ditfurth,,Journal of Intellectual Property Information Technology and E Commerce Law,,Article,von Ditfurth L.,"Hengeler Mueller Partnerschaft von Rechtsanwälten mbB, Berlin, Germany",,2-s2.0-105033902554,0,Q2,Q2
2-s2.0-85189801902,2025,2025 Sep,Large language models in cryptocurrency securities cases: can a GPT model meaningfully assist lawyers?,,Artificial Intelligence and Law,,Article,Trozze A.,"University of Leeds, Leeds, United Kingdom",10.1007/s10506-024-09399-6,2-s2.0-85189801902,8,Q1,Q1
2-s2.0-105020915283,2025,2025 Sep,Generative AI in International Trade Law: Navigating Opportunities and Challenges,,Bialostockie Studia Prawnicze,,Article,Karski K.,"University of Warsaw, Warsaw, Poland",10.15290/bsp.2025.30.03.11,2-s2.0-105020915283,0,Q2,Q2
2-s2.0-85197599259,2025,2025 Sep,The digital transformation of jurisprudence: an evaluation of ChatGPT-4’s applicability to solve cases in business law,,Artificial Intelligence and Law,,Article,Schweitzer S.,"Hochschule Reutlingen, Reutlingen, Germany",10.1007/s10506-024-09406-w,2-s2.0-85197599259,8,Q1,Q1
2-s2.0-105009858225,2025,2025 Sep,Party politics in transport policy with a large language model,,Transport Policy,,Article,Yun H.,"Seoul National University, Seoul, South Korea",10.1016/j.tranpol.2025.06.021,2-s2.0-105009858225,10,Q1,Q1
2-s2.0-105010925994,2025,2025 Sep,Building a consensus: Harmonizing AI ethical guidelines and legal frameworks in Korea for enhanced governance,,Government Information Quarterly,,Article,Lee J.W.,"Yonsei University, Seoul, South Korea",10.1016/j.giq.2025.102060,2-s2.0-105010925994,1,Q1,Q1
2-s2.0-85188087504,2025,2025 Sep,Boosting court judgment prediction and explanation using legal entities,,Artificial Intelligence and Law,,Article,Benedetto I.,"Politecnico di Torino, Turin, Italy",10.1007/s10506-024-09397-8,2-s2.0-85188087504,9,Q1,Q1
2-s2.0-105007502439,2025,2025 Sep,From interface to inference: mapping the impact of generative artificial intelligence affordances on user risk perception,,Telematics and Informatics,,Article,Zhao H.,"Stockholms universitet, Stockholm, Sweden",10.1016/j.tele.2025.102299,2-s2.0-105007502439,2,Q1,Q1
2-s2.0-105016506021,2025,2025 Sep,"Intellectual property law and generative artificial intelligence: Fair remuneration, equality or 'My plentie makes me poore'",,Journal of Intellectual Property Law and Practice,,Article,Neuwirth R.J.,"University of Macau, Taipa, Macao",10.1093/jiplp/jpaf029,2-s2.0-105016506021,1,Q2,Q2
2-s2.0-105016566294,2025,2025 Sep,Banana republic: Copyright law and the extractive logic of generative AI,,Journal of Intellectual Property Law and Practice,,Article,Lim D.,"Pennsylvania State University, University Park, United States",10.1093/jiplp/jpaf047,2-s2.0-105016566294,1,Q2,Q2
2-s2.0-105034983776,2025,2025 Sep,Deepfake detection in generative AI: A legal framework proposal to protect human rights,,Computer Law and Security Review,,Article,Romero-Moreno F.,"University of Hertfordshire, Hatfield, United Kingdom",10.1016/j.clsr.2025.106162,2-s2.0-105034983776,12,Q1,Q1
2-s2.0-105035001341,2025,2025 Sep,The liabilities of robots.txt,,Computer Law and Security Review,,Article,Chang C.Y.,"The University of Hong Kong, Hong Kong, Hong Kong",10.1016/j.clsr.2025.106176,2-s2.0-105035001341,0,Q1,Q1
2-s2.0-105035004884,2025,2025 Sep,Towards semi-automating European legislative harmonisation analysis: A harmonised glossary for LLM-based legal concept detection,,Computer Law and Security Review,,Article,Audrito D.,"Università degli Studi di Torino, Turin, Italy",10.1016/j.clsr.2025.106171,2-s2.0-105035004884,2,Q1,Q1
2-s2.0-85188989228,2025,2025 Sep,Re-evaluating GPT-4’s bar exam performance,,Artificial Intelligence and Law,,Article,Martínez E.,"Massachusetts Institute of Technology, Cambridge, United States",10.1007/s10506-024-09396-9,2-s2.0-85188989228,27,Q1,Q1
2-s2.0-105035032688,2025,2025 Sep,Enhancing charge prediction through the collaboration of large and small models,,Computer Law and Security Review,,Article,Wei B.,"Zhejiang University, Hangzhou, China",10.1016/j.clsr.2025.106168,2-s2.0-105035032688,0,Q1,Q1
2-s2.0-105022011858,2025,2025 Sep,Libel via Language Models,,Osgoode Hall Law Journal,,Article,Wills P.,,10.60082/2817-5069.4099,2-s2.0-105022011858,0,Q2,Q2
2-s2.0-105029636953,2025,2025 Sep,The European Artificial Intelligence Act: Market Guarantee or Defense of Rights?,,Revista Espanola De Derecho Constitucional,,Article,Presno Linera M.Á.,"Universidad de Oviedo, Oviedo, Spain",10.18042/cepc/redc.135.01,2-s2.0-105029636953,1,Q1,Q1
2-s2.0-85193240498,2025,2025 Sep,Self-training improves few-shot learning in legal artificial intelligence tasks,,Artificial Intelligence and Law,,Article,Zhou Y.,"Guizhou University, Guiyang, China",10.1007/s10506-024-09403-z,2-s2.0-85193240498,2,Q1,Q1
2-s2.0-105034988258,2025,2025 Sep,LLMs for legal reasoning: A unified framework and future perspectives,,Computer Law and Security Review,,Article,Nguyen H.T.,"Imperial College London, London, United Kingdom",10.1016/j.clsr.2025.106165,2-s2.0-105034988258,5,Q1,Q1
2-s2.0-105034995166,2025,2025 Sep,The algorithmic muse and the public domain: Why copyright's legal philosophy precludes protection for generative AI outputs,,Computer Law and Security Review,,Article,Elmahjub E.,"Qatar University, Doha, Qatar",10.1016/j.clsr.2025.106170,2-s2.0-105034995166,2,Q1,Q1
2-s2.0-105030461650,2025,2025 Sep,The paradigmatic situation of AI in Colombia (Latin America) and Spain (European Union),,Novum Jus,,Article,Bello Paredes S.A.,"Universidad de Burgos, Burgos, Spain",10.14718/NovumJus.2025.19.3.8,2-s2.0-105030461650,0,Q1,Q1
2-s2.0-105035026530,2025,2025 Sep,A Comparative review of Symbolism and Connectionism in AI&Law: Tracing evolution and exploring integration,,Computer Law and Security Review,,Article,Wei B.,"Zhejiang University, Hangzhou, China",10.1016/j.clsr.2025.106166,2-s2.0-105035026530,0,Q1,Q1
2-s2.0-105016506559,2025,2025 Sep,Does compliance with the global anticorruption regime require the use of artificial intelligence?,,American Business Law Journal,,Article,Nichols P.M.,"Wharton School of the University of Pennsylvania, Philadelphia, United States",10.1111/ablj.70000,2-s2.0-105016506559,0,Q2,Q2
2-s2.0-105017031089,2025,2025 Sep,On the Carrot and the Stick That Unfair Competition Law Can Offer to AI-Based Work-Like Output,,Grur International,,Article,Militsyna K.,"Max Planck Institute for Innovation and Competition, Munich, Germany",10.1093/grurint/ikaf098,2-s2.0-105017031089,0,Q2,Q2
2-s2.0-105034979190,2025,2025 Sep,"Identification and visual representation of explicit legal definitions, their relations and implicit actors in regulatory documents",,Computer Law and Security Review,,Article,Sai C.,"Technische Universität München, Munich, Germany",10.1016/j.clsr.2025.106174,2-s2.0-105034979190,1,Q1,Q1
2-s2.0-105016481495,2025,2025 Sep,"Input out, output in: Towards positive-sum solutions to AI-copyright tensions",,Journal of Intellectual Property Law and Practice,,Article,Zhang J.,"Technische Universität München, Munich, Germany",10.1093/jiplp/jpaf037,2-s2.0-105016481495,0,Q2,Q2
2-s2.0-105034978889,2025,2025 Sep,Beyond the AI-copyright wars: towards European dataset law?,,Computer Law and Security Review,,Article,Teilmann-Lock S.,"Copenhagen Business School, Frederiksberg, Denmark",10.1016/j.clsr.2025.106190,2-s2.0-105034978889,1,Q1,Q1
2-s2.0-105015727026,2025,2025 Sep,Fair Work for Platform Workers: Lessons from the EU Directive and Beyond,,Industrial Law Journal,,Article,Fredman S.,"University of the Western Cape, Bellville, South Africa",10.1093/indlaw/dwaf018,2-s2.0-105015727026,12,Q1,Q1
2-s2.0-105016625505,2025,2025 Sep,From safe harbours to over-enforcement: The rise of AI and copyright monitoring,,Journal of Intellectual Property Law and Practice,,Article,Lu C.C.,"National Chengchi University, Taipei, Taiwan",10.1093/jiplp/jpaf053,2-s2.0-105016625505,0,Q2,Q2
2-s2.0-105031511767,2025,2025 Sep,Constitutionalisation of Space by the European Union: A Perspective,,Air and Space Law,,Article,Smith L.J.,"Leuphana Universität Lüneburg, Luneburg, Germany",10.54648/aila2025049,2-s2.0-105031511767,1,Q2,Q2
2-s2.0-105021873867,2025,2025 Sep,AI in the Banking Sector: Lessons from the Schufa Case,,Bialostockie Studia Prawnicze,,Article,Plakolli-Kasumi L.,"Universiteti i Prishtinës, Pristina, Serbia",10.15290/bsp.2025.30.03.10,2-s2.0-105021873867,0,Q2,Q2
2-s2.0-105030478289,2025,2025 Sep,The Structural Inadequacy of Public International Law to Address Existential Risks,,Novum Jus,,Article,Justiniano Velasco Arellanes F.,"Universidad de Sonora, Hermosillo, Mexico",10.14718/NovumJus.2025.19.3.1,2-s2.0-105030478289,0,Q1,Q1
2-s2.0-105035018529,2025,2025 Sep,Agile and iterative governance: China's regulatory response to AI,,Computer Law and Security Review,,Article,Xiao B.,"Chongqing University, Chongqing, China",10.1016/j.clsr.2025.106183,2-s2.0-105035018529,0,Q1,Q1
2-s2.0-85192347004,2025,2025 Sep,Exploring explainable AI in the tax domain,,Artificial Intelligence and Law,,Article,Górski Ł.,"University College London, London, United Kingdom",10.1007/s10506-024-09395-w,2-s2.0-85192347004,9,Q1,Q1
2-s2.0-105021018938,2025,2025 Sep,"The Problem of the Adequacy of Legal Solutions Adopted by the Polish Legislator for Online Shareholder Meetings in Companies, with Particular Emphasis on the Regulation of Simple Joint-Stock Companies",,Bialostockie Studia Prawnicze,,Article,Szczepańska K.,"Uniwersytet im. Adama Mickiewicza w Poznaniu, Poznan, Poland",10.15290/bsp.2025.30.03.03,2-s2.0-105021018938,0,Q2,Q2
2-s2.0-105035015044,2025,2025 Sep,Personal data controllers and device producers: Mind the gap,,Computer Law and Security Review,,Article,Koulierakis E.,"National and Kapodistrian University of Athens, Athens, Greece",10.1016/j.clsr.2025.106172,2-s2.0-105035015044,0,Q1,Q1
2-s2.0-105008189542,2025,2025 Sep,AI Mimicking and Interpreting Humans: Legal and Ethical Reflections,,Journal of Bioethical Inquiry,,Article,Paterson J.M.,"University of Melbourne, Melbourne, Australia",10.1007/s11673-025-10424-9,2-s2.0-105008189542,3,Q1,Q1
2-s2.0-105011161806,2025,2025 Sep,Why We Should Recognize AI as an Inventor,,Journal of Bioethical Inquiry,,Article,Bayındır A.S.,"University of Galway, Galway, Ireland",10.1007/s11673-025-10429-4,2-s2.0-105011161806,3,Q1,Q1
2-s2.0-85193216331,2025,2025 Sep,Intermediate factors and precedential constraint,,Artificial Intelligence and Law,,Article,Bench-Capon T.,"University of Liverpool, Liverpool, United Kingdom",10.1007/s10506-024-09405-x,2-s2.0-85193216331,3,Q1,Q1
2-s2.0-105019783715,2025,2025 Aug,ChatGPT and Legal Education in Indonesia: Examining Readiness and Implications,,Journal of Indonesian Legal Studies,,Article,Asyari H.A.,"Universiteit Utrecht, Utrecht, Netherlands",10.15294/jils.v10i1.19338,2-s2.0-105019783715,0,Q1,Q1
2-s2.0-105018852089,2025,2025 Aug,Deepfake as Evidence in Civil Proceedings: Considerations Against the Background of Polish Civil Proceedings,,Prawo I Wiez,,Article,Michalik P.,"Uniwersytet Szczecinski, Szczecin, Poland",10.36128/PRIW.VI57.1206,2-s2.0-105018852089,0,Q2,Q2
2-s2.0-105018877956,2025,2025 Aug,The Legal Status of Administrative Staff in the Statutes of Polish Universities,,Prawo I Wiez,,Article,Górak-Sosnowska K.,"Szkola Glówna Handlowa w Warszawie, Warsaw, Poland",10.36128/PRIW.VI57.1357,2-s2.0-105018877956,0,Q2,Q2
2-s2.0-105018876286,2025,2025 Aug,Security in the Era of Cybersecurity Threats,,Prawo I Wiez,,Article,Bierecki D.,"Università degli Studi di Udine, Udine, Italy",10.36128/PRIW.VI57.1476,2-s2.0-105018876286,3,Q2,Q2
2-s2.0-105031372688,2025,2025 Aug,CIVIL LIABILITY FOR AUTONOMOUS ARTIFICIAL INTELLIGENCE SYSTEMS UNDER UAE LAW,,Malaysian Journal of Syariah and Law,,Article,Khalifa Almazrouei S.S.,"Universiti Malaya, Kuala Lumpur, Malaysia",10.33102/mjsl.vol13no3.818,2-s2.0-105031372688,0,Q1,Q1
2-s2.0-105032437658,2025,2025 Aug,FATWA PARAMETERS IN LIGHT OF THE MAQASID SYARIAH,,Malaysian Journal of Syariah and Law,,Article,Ismail A.M.,"Universiti Sains Islam Malaysia, Nilai, Malaysia",10.33102/mjsl.vol13no3.1244,2-s2.0-105032437658,0,Q1,Q1
2-s2.0-105006428296,2025,2025 Aug,"The Death of the Legal Author: Authority, Intention, and Law-Creation in the Advent of GenAI",,Law and Philosophy,,Article,Rabanos J.A.,"University of Belgrade, Belgrade, Serbia",10.1007/s10982-025-09524-9,2-s2.0-105006428296,2,Q2,Q2
2-s2.0-105013752481,2025,2025 Aug,Copyright of photography and artificial intelligence: a tale of two technologies,,Journal of Intellectual Property Law and Practice,,Article,Le V.A.,"Durham Law School, Durham, United Kingdom",10.1093/jiplp/jpaf039,2-s2.0-105013752481,0,Q2,Q2
2-s2.0-105033789213,2025,2025 Aug,Key elements for the regulation of algorithmic discrimination in the peruvian legal framework,,Ius Et Praxis,,Article,Espinoza-Escobar J.H.,"Universidad Rey Juan Carlos, Madrid, Spain",10.4067/S0718-00122025000200163,2-s2.0-105033789213,0,Q2,Q2
2-s2.0-105014948968,2025,2025 Aug,Designing an AI-Driven Legislation Framework to Improve Indonesia's Law-Making Transparency and Public Participation,,Yustisia,,Article,Arifin F.,"Universitas Pasundan, Bandung, Indonesia",10.20961/yustisia.v14i2.98092,2-s2.0-105014948968,3,Q2,Q2
2-s2.0-105004050663,2025,2025 Aug,"Evaluating Free Legal Translation Tools between Arabic and English: A Comparative Study of Google Translate, ChatGPT, and Gemini",,International Journal for the Semiotics of Law,,Article,Farghal T.,"Al-Balqa Applied University, Salt, Jordan",10.1007/s11196-025-10282-z,2-s2.0-105004050663,2,Q2,Q2
2-s2.0-105014422010,2025,2025 Aug,Algorithm Power and Legal Boundaries: Rights Conflicts and Governance Responses in the Era of Artificial Intelligence,,Laws,,Article,He J.,"Dongguk University, Seoul, Seoul, South Korea",10.3390/laws14040054,2-s2.0-105014422010,1,Q2,Q2
2-s2.0-105014367371,2025,2025 Aug,Authorship and Ownership Issues Raised by AI-Generated Works: A Comparative Analysis,,Laws,,Review,Gaidartzi A.,"University of Nicosia, Nicosia, Cyprus",10.3390/laws14040057,2-s2.0-105014367371,3,Q2,Q2
2-s2.0-105006786024,2025,2025 Aug,Satire Versus Illicit: Policy Issues Regarding the Creation of Deepfakes Using AI Technology,,Behavioral Sciences and the Law,,Article,Peters C.S.,"Western Kentucky University, Bowling Green, United States",10.1002/bsl.2726,2-s2.0-105006786024,1,Q2,Q2
2-s2.0-105002997879,2025,2025 Aug,AI Adoption in Legal Translation: A Study of Intrinsic Motivation among Saudi Students,,International Journal for the Semiotics of Law,,Article,Brashi A.,"Umm Al-Qura University, Makkah, Saudi Arabia",10.1007/s11196-025-10273-0,2-s2.0-105002997879,2,Q2,Q2
2-s2.0-105008405669,2025,2025 Aug,"Integrating Corpora and AI Tools in the Teaching, Learning, and Assessing of Arabic/English Legal Translation",,International Journal for the Semiotics of Law,,Article,El-Farahaty H.,"University of Leeds, Leeds, United Kingdom",10.1007/s11196-025-10281-0,2-s2.0-105008405669,1,Q2,Q2
2-s2.0-105022741449,2025,2025 Aug,Reimagining usages of international trade in the era of artificial intelligence (AI),,Uniform Law Review,,Article,Praštalo B.,"Brunel Law School, Uxbridge, United Kingdom",10.1093/ulr/unaf039,2-s2.0-105022741449,0,Q2,Q2
2-s2.0-105014481554,2025,2025 Aug,Copyright Implications and Legal Responses to AI Training: A Chinese Perspective,,Laws,,Article,You L.,"University of International Business and Economics, Beijing, China",10.3390/laws14040043,2-s2.0-105014481554,1,Q2,Q2
2-s2.0-105014801583,2025,2025 Aug,AI-Induced Fatalities: A Criminal Law Perspective from Indonesia and International Perspective,,Yustisia,,Article,Taniady V.,"Monash University, Melbourne, Australia",10.20961/yustisia.v14i2.101636,2-s2.0-105014801583,1,Q2,Q2
2-s2.0-105015406350,2025,2025 Aug,Consumer Attention in the Digital Era: Modernizing the Likelihood of Confusion Standard,,Grur International,,Article,Giordani L.,"Università Bocconi, Milan, Italy",10.1093/grurint/ikaf084,2-s2.0-105015406350,0,Q2,Q2
2-s2.0-105026485884,2025,2025 Aug,Personal data all the way down: an Australian perspective on privacy regulation of generative AI,,International Data Privacy Law,,Review,Hartridge S.,"The University of Queensland, Brisbane, Australia",10.1093/idpl/ipaf022,2-s2.0-105026485884,0,Q1,Q1
2-s2.0-105033734500,2025,2025 Aug,Protection of personal information: challenges for the protection of biometric data in Chile,,Ius Et Praxis,,Article,Sanz-Salguero F.J.,"Pontificia Universidad Católica de Valparaíso, Valparaiso, Chile",10.4067/S0718-00122025000200003,2-s2.0-105033734500,0,Q2,Q2
2-s2.0-105013803109,2025,2025 Aug,Trade secrecy in automated decisions: against the myth of irreconcilability and the imposition of patents,,Journal of Intellectual Property Law and Practice,,Article,Gikay A.A.,"Brunel University London, Uxbridge, United Kingdom",10.1093/jiplp/jpaf038,2-s2.0-105013803109,0,Q2,Q2
2-s2.0-105003910146,2025,2025 Aug,"Assessing Environmental, Safety, Regulatory, and Dispute Resolution Challenges in Hydrogen Pipeline Infrastructure",,Journal of Legal Affairs and Dispute Resolution in Engineering and Construction,,Article,Timalsina S.,"College of Engineering and Physical Sciences, Laramie, United States",10.1061/JLADAH.LADR-1272,2-s2.0-105003910146,1,Q2,Q2
2-s2.0-105014979305,2025,2025 Jul,The implementation of the right to understand court rulings through artificial intelligence: boundaries and opportunities,,Revista De Internet Derecho Y Politica,,Article,Pijoan M.J.,"Universidad Nacional de Educacion a Distancia, Madrid, Spain",10.7238/idp.v0i43.433076,2-s2.0-105014979305,1,Q2,Q2
2-s2.0-105017696172,2025,2025 Jul,Preventing AI Crime Towards A New Legal Paradigm: Lessons From United States,,Journal of Human Rights Culture and Legal System,,Article,Wisnubroto A.,"William & Mary, Williamsburg, United States",10.53955/jhcls.v5i2.606,2-s2.0-105017696172,1,Q1,Q1
2-s2.0-105027882611,2025,2025 Jul,"The Language of Law, the Language of Artificial Intelligence. A first reflection",,Rivista Italiana Di Informatica E Diritto,,Article,Iannuzzi A.,,10.32091/RIID0251,2-s2.0-105027882611,0,Q2,Q2
2-s2.0-105030483962,2025,2025 Jul,"Ethical integration of AI in judicial systems: Advancing fairness, transparency, and judicial efficiency",,Rivista Italiana Di Informatica E Diritto,,Article,Vukatana K.,,10.32091/RIID0256,2-s2.0-105030483962,0,Q2,Q2
2-s2.0-105019793497,2025,2025 Jul,Human rights protection and artificial intelligence: a critical analysis of the european regulation on dual-use items,,Rivista Italiana Di Informatica E Diritto,,Article,Quintavalla A.,"Erasmus Universiteit Rotterdam, Rotterdam, Netherlands",10.32091/RIID0239,2-s2.0-105019793497,1,Q2,Q2
2-s2.0-105020911715,2025,2025 Jul,The legality of autonomous weapons systems under international humanitarian law: What the law says and how it could be improved,,Rivista Italiana Di Informatica E Diritto,,Article,Amoroso D.,"Università degli Studi di Cagliari, Spain",10.32091/RIID0237,2-s2.0-105020911715,1,Q2,Q2
2-s2.0-105015770401,2025,2025 Jul,LAW AND ANTI-ANTHROPOCENTRIC (AND ANTI-HUMANIST) TRENDS IN AI. A REFLECTION,,Biolaw Journal,,Article,Donadoni P.,"Università degli Studi di Genova, Genoa, Italy",,2-s2.0-105015770401,1,Q2,Q2
2-s2.0-105025728714,2025,2025 Jul,Quality public data for the growth of the country,,Rivista Italiana Di Informatica E Diritto,,Article,Macrì I.,,10.32091/RIID0246,2-s2.0-105025728714,0,Q2,Q2
2-s2.0-105015188393,2025,2025 Jul,Artificial Intelligence and Administrative Discretion in Disciplinary Proceedings: Between Technological Efficiency and Legal Limits,,Revista Juridica Portucalense,,Article,Magalhães B.,"Universidade Portucalense Infante D.Henrique, Porto, Portugal",10.34625/issn.2183-2705(38)2025.ic-1,2-s2.0-105015188393,0,Q2,Q2
2-s2.0-105019756720,2025,2025 Jul,Workers under the aegis of Artificial Intelligence: New Risks and Challenges in the Light of Data Protection,,Revista Juridica Portucalense,,Article,Santos E.,"School of Technology and Management, Leiria, Portugal",10.34625/issn.2183-2705(38)2025.ic-22,2-s2.0-105019756720,1,Q2,Q2
2-s2.0-85210745727,2025,2025 Jul,Generative artificial intelligence is not a mere tool: Revisiting Indonesian Copyright Law,,Journal of World Intellectual Property,,Article,Nasakti G.H.,"Universitas Pembangunan Nasional Veteran Jakarta, Jakarta, Indonesia",10.1111/jwip.12335,2-s2.0-85210745727,0,Q2,Q2
2-s2.0-105035008648,2025,2025 Jul,Leveraging process mining and event log enrichment in European public procurement analysis: a case study,,Computer Law and Security Review,,Article,Nai R.,"Università degli Studi di Torino, Turin, Italy",10.1016/j.clsr.2025.106144,2-s2.0-105035008648,4,Q1,Q1
2-s2.0-105034998137,2025,2025 Jul,AI-driven alternative and online dispute resolution in the European Union: An analysis of the legal framework and a proposed categorization,,Computer Law and Security Review,,Article,Nicuesa A.E.V.,"Universitat Oberta de Catalunya, Barcelona, Spain",10.1016/j.clsr.2025.106145,2-s2.0-105034998137,1,Q1,Q1
2-s2.0-85219002962,2025,2025 Jul,Effects of psychological torture and cybertorture with emerging digital technologies under anti-torture legal obligations in China: A mixed methods research in risks and remedies,,International Journal of Law and Psychiatry,,Article,Hai M.,"Qinghai Minzu University, Xining, China",10.1016/j.ijlp.2025.102081,2-s2.0-85219002962,9,Q2,Q2
2-s2.0-85212174549,2025,2025 Jul,"Navigating Artificial Intelligence in Malaysian Healthcare: Research Developments, Ethical Dilemmas, and Governance Strategies",,Asian Bioethics Review,,Article,Phang K.C.,"Universiti Malaya, Kuala Lumpur, Malaysia",10.1007/s41649-024-00314-4,2-s2.0-85212174549,2,Q1,Q1
2-s2.0-105025935827,2025,2025 Jul,Actuarial Criminal Policy and judicial decision-making by artificial intelligence systems: the rescue of legal principles,,A E C Revista De Direito Administrativo E Constitucional,,Article,Souza L.T.d.,"Universidade Federal de Juiz de Fora, Juiz de Fora, Brazil",10.21056/aec.v25i101.2071,2-s2.0-105025935827,0,Q1,Q1
2-s2.0-105035003541,2025,2025 Jul,AI-driven civil litigation: Navigating the right to a fair trial,,Computer Law and Security Review,,Article,Selçuk S.,"Boğaziçi Üniversitesi, Bebek, Turkey",10.1016/j.clsr.2025.106136,2-s2.0-105035003541,5,Q1,Q1
2-s2.0-105013092168,2025,2025 Jul,The contingencies of copyright and some big questions of our time,,Journal of Intellectual Property Law and Practice,,Article,Carvalho J.,"Goethe-Universität Frankfurt am Main, Frankfurt am Main, Germany",10.1093/jiplp/jpaf024,2-s2.0-105013092168,0,Q2,Q2
2-s2.0-105013086143,2025,2025 Jul,The problem of pleadings in AI copyright litigation: Lessons from Getty v Stability (UK) and Doe v GitHub (US),,Journal of Intellectual Property Law and Practice,,Article,Guildea B.,"Johnson Hana, Ireland",10.1093/jiplp/jpaf022,2-s2.0-105013086143,1,Q2,Q2
2-s2.0-85210768172,2025,2025 Jul,Japan's legal framework for copyright protection of AI-generated works: A comparative law analysis exploring the possibility of Japan's adoption of the UK legislative approach,,Journal of World Intellectual Property,,Article,Takeuchi S.S.,"Yamaguchi University, Yamaguchi, Japan",10.1111/jwip.12333,2-s2.0-85210768172,1,Q2,Q2
2-s2.0-105011947268,2025,2025 Jul,The risk-based approach in the ai act: a new paradigm for regulating artificial intelligence,,Federalismi It,,Article,D'antino D.V.,,,2-s2.0-105011947268,0,Q2,Q2
2-s2.0-105006701714,2025,2025 Jul,Artificial intelligence in forensic mental health: A review of applications and implications,,Journal of Forensic and Legal Medicine,,Review,Olawade D.B.,"University of East London, London, United Kingdom",10.1016/j.jflm.2025.102895,2-s2.0-105006701714,13,Q1,Q1
2-s2.0-105034973070,2025,2025 Jul,"Artificial intelligence, human vulnerability and multi-level resilience",,Computer Law and Security Review,,Article,Teo S.A.,"Raoul Wallenberg Institute of Human Rights and Humanitarian Law, Lund, Sweden",10.1016/j.clsr.2025.106134,2-s2.0-105034973070,5,Q1,Q1
2-s2.0-85207245771,2025,2025 Jul,Criminal Sentencing and Artificial Intelligence: What is the Input Problem?,,Criminal Law and Philosophy,,Article,Ryberg J.,"Roskilde Universitet, Roskilde, Denmark",10.1007/s11572-024-09739-2,2-s2.0-85207245771,3,Q1,Q1
2-s2.0-105016518026,2025,2025 Jul,"AI-Involved Inventions and Patentability: Emotional Perception AI v Comptroller-General of Patents, Designs and Trade Marks",,Modern Law Review,,Article,Arıkan Ö.,,10.1111/1468-2230.12954,2-s2.0-105016518026,0,Q1,Q1
2-s2.0-105006452353,2025,2025 Jul,Integrating environmental sustainability into EU data law and governance: The case of health data,,Review of European Comparative and International Environmental Law,,Article,Santamaría Echeverría E.,"Erasmus Universiteit Rotterdam, Rotterdam, Netherlands",10.1111/reel.12614,2-s2.0-105006452353,0,Q1,Q1
2-s2.0-105021959999,2025,2025 Jul,Law Enforcement in Autonomous Shipping: Rethinking Jurisdictional Challenges under UNCLOS,,International and Comparative Law Quarterly,,Article,Stępień B.,"Uniwersytet Jagielloński, Krakow, Poland",10.1017/S0020589325101103,2-s2.0-105021959999,1,Q1,Q1
2-s2.0-105011503742,2025,2025 Jul,Leveraging automated technologies for law-making in Italy: Generative AI and constitutional challenges,,Parliamentary Affairs,,Article,Citino Y.M.,"Sant'Anna Scuola Universitaria Superiore Pisa, Pisa, Italy",10.1093/pa/gsae040,2-s2.0-105011503742,9,Q1,Q1
2-s2.0-85198616818,2025,2025 Jul,Promising for patients or deeply disturbing? The ethical and legal aspects of deepfake therapy,,Journal of Medical Ethics,,Article,Hoek S.,"Technische Universität München, Munich, Germany",10.1136/jme-2024-109985,2-s2.0-85198616818,11,Q1,Q1
2-s2.0-105013121119,2025,2025 Jul,Inventorship in the age of AI: Examining the USPTO Guidance on AI-assisted inventions,,Journal of Intellectual Property Law and Practice,,Article,Aboy M.,"National Law School of India University, Bengaluru, Bengaluru, India",10.1093/jiplp/jpaf019,2-s2.0-105013121119,5,Q2,Q2
2-s2.0-85218686331,2025,2025 Jul,The application of AI technologies: Enforcement of trademark rights on e-commerce marketplaces,,Journal of World Intellectual Property,,Article,Pokrovskaya A.V.,"RUDN University, Moscow, Russian Federation",10.1111/jwip.12352,2-s2.0-85218686331,0,Q2,Q2
2-s2.0-85219222360,2025,2025 Jul,Cognitive biases in forensic psychiatry: A scoping review,,International Journal of Law and Psychiatry,,Article,Buongiorno L.,"Sapienza Università di Roma, Rome, Italy",10.1016/j.ijlp.2025.102083,2-s2.0-85219222360,14,Q2,Q2
2-s2.0-105011146110,2025,2025 Jun,Legal Assessment of Bias and Discrimination of AI Tools in Higher Education and Research,,Prawo I Wiez,,Article,Bitar M.,"Vellore Institute of Technology, Vellore, India",10.36128/PRIW.VI56.896,2-s2.0-105011146110,2,Q2,Q2
2-s2.0-105008414894,2025,2025 Jun,"Beyond possessive agency: TikTok, YouTube, and the inadequacies of GDPR, OSA, DSA, and AIA",,Onati Socio Legal Series,,Article,Mbioh W.,"University of Kent, Canterbury, United Kingdom",10.35295/osls.iisl.2237,2-s2.0-105008414894,0,Q2,Q2
2-s2.0-105003723162,2025,2025 Jun,Hallucination-Free? Assessing the Reliability of Leading AI Legal Research Tools,,Journal of Empirical Legal Studies,,Article,Magesh V.,"Stanford University, Stanford, United States",10.1111/jels.12413,2-s2.0-105003723162,58,Q1,Q1
2-s2.0-105008128453,2025,2025 Jun,Authorship and Ownership of AI-Generated Works in Indonesia: A Doctrinal and Comparative Review,,Jurnal Media Hukum,,Article,Praja C.B.E.,"Universitas Islam Indonesia, Yogyakarta, Indonesia",10.18196/jmh.v32i1.25383,2-s2.0-105008128453,0,Q1,Q1
2-s2.0-105009309150,2025,2025 Jun,Algorithmic Bias as a Core Legal Dilemma in the Age of Artificial Intelligence: Conceptual Basis and the Current State of Regulation,,Laws,,Article,Lendvai G.F.,"Eötvös Loránd Tudományegyetem, Budapest, Hungary",10.3390/laws14030041,2-s2.0-105009309150,9,Q2,Q2
2-s2.0-85214682061,2025,2025 Jun,Integrating AI Into Arbitration: Balancing Efficiency With Fairness and Legal Compliance,,Conflict Resolution Quarterly,,Article,Alhasan T.K.,"Al-Ahliyya Amman University, Amman, Jordan",10.1002/crq.21470,2-s2.0-85214682061,38,Q2,Q2
2-s2.0-105009315269,2025,2025 Jun,AI Moderation and Legal Frameworks in Child-Centric Social Media: A Case Study of Roblox,,Laws,,Article,Chawki M.,"Naif Arab University for Security Sciences, Riyadh, Saudi Arabia",10.3390/laws14030029,2-s2.0-105009315269,7,Q2,Q2
2-s2.0-105005079225,2025,2025 Jun,The legitimacy of modern data processing in the workplace,,European Labour Law Journal,,Article,Warter J.,"Universität Salzburg, Salzburg, Austria",10.1177/20319525251332923,2-s2.0-105005079225,0,Q2,Q2
2-s2.0-86000571145,2025,2025 Jun,"Access to technology, access to justice: China's artificial intelligence application in criminal proceedings",,International Journal of Law Crime and Justice,,Article,Wu W.,"Shanghai Jiao Tong University, Shanghai, China",10.1016/j.ijlcj.2025.100741,2-s2.0-86000571145,7,Q2,Q2
2-s2.0-105021244800,2025,2025 Jun,Presidential Regulation,,Yale Journal on Regulation,,Article,Meyer T.,"Duke University, Durham, United States",,2-s2.0-105021244800,1,Q1,Q1
2-s2.0-85178295557,2025,2025 Jun,Enhancing legal judgment summarization with integrated semantic and structural information,,Artificial Intelligence and Law,,Article,Dan J.,"Huazhong University of Science and Technology, Wuhan, China",10.1007/s10506-023-09381-8,2-s2.0-85178295557,9,Q1,Q1
2-s2.0-105006432395,2025,2025 Jun,Data privacy and the regulation of ridesharing platforms,,American Business Law Journal,,Article,Stemler A.,"Harvard University, Cambridge, United States",10.1111/ablj.12259,2-s2.0-105006432395,0,Q2,Q2
2-s2.0-85209948290,2025,2025 Jun,Truly Risk-based Regulation of Artificial Intelligence How to Implement the EU’s AI Act,,European Journal of Risk Regulation,,Article,Ebers M.,"Tartu Ülikool, Tartu, Estonia",10.1017/err.2024.78,2-s2.0-85209948290,27,Q1,Q1
2-s2.0-85216091752,2025,2025 Jun,The AI Act Roller Coaster: The Evolution of Fundamental Rights Protection in the Legislative Process and the Future of the Regulation,,European Journal of Risk Regulation,,Article,Palmiotto F.,"Hertie School, Berlin, Germany",10.1017/err.2024.97,2-s2.0-85216091752,9,Q1,Q1
2-s2.0-85185095994,2025,2025 Jun,Combining prompt-based language models and weak supervision for labeling named entity recognition on legal documents,,Artificial Intelligence and Law,,Article,Oliveira V.,"Universidade de São Paulo, Sao Paulo, Brazil",10.1007/s10506-023-09388-1,2-s2.0-85185095994,7,Q1,Q1
2-s2.0-85203064338,2025,2025 Jun,Does the Media’s Partisanship Influence News Coverage on Artificial Intelligence Issues? Media Coverage Analysis on Artificial Intelligence Issues,,Social Science Computer Review,,Article,Chang M.,"Korea University, Seoul, South Korea",10.1177/08944393241268526,2-s2.0-85203064338,4,Q1,Q1
2-s2.0-105005591522,2025,2025 Jun,Algorithm-facilitated discrimination: a socio-legal study of the use by employers of artificial intelligence hiring systems,,Journal of Law and Society,,Article,Sheard N.,"Melbourne Law School, Melbourne, Australia",10.1111/jols.12535,2-s2.0-105005591522,1,Q1,Q1
2-s2.0-105014426855,2025,2025 Jun,"MACHINE TRANSLATION OUTPUTS IN SPANISH–CHINESE LEGAL TRANSLATION: COMPARISONS OF DIFFERENT LEGAL GENRES AND DOMESTIC VS. NON-DOMESTIC SYSTEMS, ERROR ANALYSIS AND IMPLICATIONS FOR POST-EDITING",,Revista De Llengua I Dret,,Article,Feng H.,"Wuhan University, Wuhan, China",10.58992/rld.i83.2025.4368,2-s2.0-105014426855,0,Q2,Q2
2-s2.0-105009358648,2025,2025 Jun,The ‘law of code’: the EU and China’s converging legal discourse on regulating algorithms,,International Journal of Legal Discourse,,Article,Migliorini S.,"University of Macau, Taipa, Macao",10.1515/ijld-2025-2004,2-s2.0-105009358648,4,Q2,Q2
2-s2.0-105005615247,2025,2025 Jun,Illumina/Grail in light of the Draghi Report: Decoding a paradigm to catch killer acquisitions,,Maastricht Journal of European and Comparative Law,,Article,Tyagi K.,"Universiteit Maastricht, Maastricht, Netherlands",10.1177/1023263X251340229,2-s2.0-105005615247,1,Q2,Q2
2-s2.0-105004379659,2025,2025 Jun,A review of laser printer classification and identification,,Forensic Science International,,Review,Zhao Y.,"East China University of Political Science and Law, Shanghai, China",10.1016/j.forsciint.2025.112491,2-s2.0-105004379659,1,Q2,Q2
2-s2.0-85210492611,2025,2025 Jun,Caught in the Labyrinth of Unemployment: A Legal Analysis of Technology’s Transformative Role in Reshaping Active Labor Policies in Greece,,International Journal for the Semiotics of Law,,Article,Alexopoulou S.,"Panteion University of Social and Political Sciences, Athens, Greece",10.1007/s11196-024-10225-0,2-s2.0-85210492611,0,Q2,Q2
2-s2.0-105005641631,2025,2025 Jun,The Use of Facial Recognition Technologies in the Context of Peaceful Protest: The Risk of Mass Surveillance Practices and the Implications for the Protection of Human Rights,,European Journal of Risk Regulation,,Article,Gabrielli G.,"Università degli Studi di Milano, Milan, Italy",10.1017/err.2025.26,2-s2.0-105005641631,4,Q1,Q1
2-s2.0-85214567015,2025,2025 Jun,"Sino-Arab Free Trade Agreements, AI Diplomacy, and the Realisation of AI and Sustainability Goals in the Middle East",,Asian Journal of Law and Society,,Article,Truby J.,"National University of Singapore, Singapore City, Singapore",10.1017/als.2024.39,2-s2.0-85214567015,3,Q2,Q2
2-s2.0-85204915704,2025,2025 Jun,"A Robust Governance for the AI Act: AI Office, AI Board, Scientific Panel, and National Authorities",,European Journal of Risk Regulation,,Article,Novelli C.,"University of California, Berkeley, Berkeley, United States",10.1017/err.2024.57,2-s2.0-85204915704,21,Q1,Q1
2-s2.0-105000012019,2025,2025 Jun,Recommendations for the use of symptom checker apps in the healthcare context—based on the results from the CHECK.APP project,,Ethik in Der Medizin,,Article,Langmann E.,"Eberhard Karls Universität Tübingen, Tubingen, Germany",10.1007/s00481-025-00851-y,2-s2.0-105000012019,2,Q2,Q2
2-s2.0-85212962286,2025,2025 Jun,AI surveillance: Reclaiming privacy through informational control,,European Labour Law Journal,,Article,Carter C.,"Faculty of Law, Cambridge, United Kingdom",10.1177/20319525241306327,2-s2.0-85212962286,4,Q2,Q2
2-s2.0-105020769556,2025,2025 Jun,AI Act and National Parliaments How the EU is Regulating Democracy in the Digital Era,,Ragion Pratica,,Article,Bresciani P.F.,"Alma Mater Studiorum Università di Bologna, Bologna, Italy",10.1415/116757,2-s2.0-105020769556,2,Q2,Q2
2-s2.0-105009626975,2025,2025 May,Civil Service Ethics in Germany from an International Perspective – Between a Role Model and Latecomer,,Central European Public Administration Review,,Article,Demmke C.,"Vaasan Yliopisto, Vaasa, Finland",10.17573/cepar.2025.1.03,2-s2.0-105009626975,1,Q2,Q2
2-s2.0-105008571597,2025,2025 May,International Humanitarian Law in the face of the challenging autonomous weapons systems: a sufficient legislative framework»?,,Anuario Espanol De Derecho Internacional,,Article,Hellman Moreno J.,"Universidad Complutense de Madrid, Madrid, Spain",10.15581/010.41.343-382,2-s2.0-105008571597,0,Q2,Q2
2-s2.0-105008991781,2025,2025 May,Can Moroccan Law Ensure Substantive Justice in Protecting Private Life from AI’s Impact?,,Substantive Justice International Journal of Law,,Article,Ezzerouali S.,"Université Ibn Zohr, Agadir, Morocco",10.56087/substantivejustice.v8i1.333,2-s2.0-105008991781,0,Q2,Q2
2-s2.0-105006818795,2025,2025 May,Deepfakes and Victimology: Exploring the Impact of Digital Manipulation on Victims,,Substantive Justice International Journal of Law,,Article,Ali M.,"University of Muhammadiyah Jakarta, Central Jakarta, Indonesia",10.56087/substantivejustice.v8i1.306,2-s2.0-105006818795,4,Q2,Q2
2-s2.0-86000797882,2025,2025 May,"Generative AI, Reproductions Inside the Model, and the Making Available to the Public",,IIC International Review of Intellectual Property and Competition Law,,Article,Dornis T.W.,"Gottfried Wilhelm Leibniz Universität Hannover, Hannover, Germany",10.1007/s40319-025-01582-9,2-s2.0-86000797882,5,Q1,Q1
2-s2.0-105008398721,2025,2025 May,Intellectual Property Challenges for AI-Driven Creativity: A Focus on Copyright and Patents in Emerging Economies,,Lex Scientia Law Review,,Article,Sudirman L.,"Universitas Pelita Harapan, Tangerang, Indonesia",10.15294/lslr.v9i1.20611,2-s2.0-105008398721,3,Q2,Q2
2-s2.0-105010865169,2025,2025 May,Understanding authorship in Artificial Intelligence-assisted works,,Journal of Intellectual Property Law and Practice,,Article,Fritz J.,,10.1093/jiplp/jpae119,2-s2.0-105010865169,7,Q2,Q2
2-s2.0-105032858604,2025,2025 May,COPYRIGHT'S LATENT SPACE: GENERATIVE AI AND THE LIMITS OF FAIR USE,,Cornell Law Review,,Article,Ard B.J.,"University of Wisconsin Law School, Madison, United States",,2-s2.0-105032858604,2,Q1,Q1
2-s2.0-105007334986,2025,2025 May,Integrating Artificial Intelligence in Indonesia’s Arbitration: Navigating Legal and Political Challenges,,Yuridika,,Article,Herliana,"Universiteit van Amsterdam, Amsterdam, Netherlands",10.20473/ydk.v40i2.62700,2-s2.0-105007334986,0,Q2,Q2
2-s2.0-105003247156,2025,2025 May,Advancements in estimating post-mortem interval in medico-legal practice: A comprehensive review,,Legal Medicine,,Review,Singh J.,"Banaras Hindu University, Varanasi, India",10.1016/j.legalmed.2025.102627,2-s2.0-105003247156,10,Q2,Q2
2-s2.0-105015579392,2025,2025 May,Artificial Intelligence and the New Social Order: Challenges for Legal Teaching and Learning,,Novum Jus,,Article,Palma E.E.,"Universidad de Chile, Santiago, Chile",10.14718/NovumJus.2025.19.2.11,2-s2.0-105015579392,0,Q1,Q1
2-s2.0-105002332341,2025,2025 May,"Artificial Intelligence, Criminal Infringement and Intent – Is the Protection Really Equal for All Works?",,IIC International Review of Intellectual Property and Competition Law,,Article,Tammenlehto L.,"Itä-Suomen yliopisto, Kuopio, Finland",10.1007/s40319-025-01592-7,2-s2.0-105002332341,2,Q1,Q1
2-s2.0-105006489286,2025,2025 May,Diverging Approaches to Intellectual Property and a Reform Proposal Prompted by AI,,Grur International,,Article,Ghidini G.,"Università degli Studi di Milano, Milan, Italy",10.1093/grurint/ikaf026,2-s2.0-105006489286,2,Q2,Q2
2-s2.0-105008900109,2025,2025 May,Digital Mental Health Tools and AI Therapy Chatbots: A Balanced Approach to Regulation,,Hastings Center Report,,Article,Palmer A.,,10.1002/hast.4979,2-s2.0-105008900109,9,Q1,Q1
2-s2.0-105008826833,2025,2025 May,Law as a Lamppost,,Iowa Law Review,,Article,Freilich J.,"Boston University, Boston, United States",,2-s2.0-105008826833,0,Q1,Q1
2-s2.0-105004774244,2025,2025 May,Expert consensus on the deployment of DeepSeek in medical institutions,,Chinese Medical Ethics,,Article,Cao Y.,"Tsinghua University, Beijing, China",10.12026/j.issn.1001-8565.2025.05.19,2-s2.0-105004774244,3,Q2,Q2
2-s2.0-105008319602,2025,2025 May,Advancing Nursing Practice Through Artificial Intelligence: Unlocking Its Transformative Impact,,Online Journal of Issues in Nursing,,Article,Shepherd J.,,10.3912/OJIN.Vol30No02Man01,2-s2.0-105008319602,2,Q2,Q2
2-s2.0-105008905361,2025,2025 Apr,The Use of Interdisciplinary Approach in International Law Study in the Digital Era 5.0: Highlights and Future Research Directions,,Prawo I Wiez,,Article,Long Tran T.,"Ho Chi Minh City University of Law, Ho Chi Minh City, Viet Nam",10.36128/PRIW.VI55.1245,2-s2.0-105008905361,0,Q2,Q2
2-s2.0-105030982355,2025,2025 Apr,"GENERATIVE ARTIFICIAL INTELLIGENCE IN SMALL VALUE CONSUMER CLAIMS: HALLUCINATION RISK, SYSTEM DESIGN, AND GOVERNANCE IN ONLINE DISPUTE RESOLUTION",,University of New South Wales Law Journal,,Article,Vivitan,"University of Melbourne, Melbourne, Australia",10.53637/QKHJ4842,2-s2.0-105030982355,0,Q2,Q2
2-s2.0-85216268295,2025,2025 Apr,"Generative AI, copyright and the AI Act",,Computer Law and Security Review,,Article,Quintais J.P.,"Universiteit van Amsterdam, Amsterdam, Netherlands",10.1016/j.clsr.2025.106107,2-s2.0-85216268295,30,Q1,Q1
2-s2.0-85219290718,2025,2025 Apr,"The rise of technology courts, or: How technology companies re-invent adjudication for a digital world",,Computer Law and Security Review,,Article,Helberger N.,"Universiteit van Amsterdam, Amsterdam, Netherlands",10.1016/j.clsr.2025.106118,2-s2.0-85219290718,5,Q1,Q1
2-s2.0-105015065541,2025,2025 Apr,Artificial Intelligence on judicial systems in Latin America: A review of challenges and opportunities,,A E C Revista De Direito Administrativo E Constitucional,,Article,Pérez-Pacheco Y.,"Universidad Autónoma del Estado de México, Toluca, Mexico",10.21056/aec.v25i100.2027,2-s2.0-105015065541,1,Q1,Q1
2-s2.0-105006841180,2025,2025 Apr,Legal Reform in Village Law-Making Process Using Artificial Intelligence: Is It Necessary?,,Journal of Law and Legal Reform,,Article,Al-Fatih S.,"Dhofar University, Salalah, Oman",10.15294/jllr.v6i2.21116,2-s2.0-105006841180,4,Q1,Q1
2-s2.0-105005712765,2025,2025 Apr,The Role of Law in AI-Based Business Ecosystems: A Contextualized Perspective from Islamic Law,,Jurnal Ilmiah Mizani,,Article,Arifardhani Y.,"Universiti Teknologi MARA, Shah Alam, Malaysia",10.29300/mzn.v12i1.6961,2-s2.0-105005712765,1,Q2,Q2
2-s2.0-105014438422,2025,2025 Apr,CHALLENGES IN THE IMPLEMENTATION OF CIVIL LIABILITY UNDER THE ARTIFICIAL INTELLIGENCE BILL OF LAW (MESSAGE No. 063-371),,Revista Chilena De Derecho Privado,,Article,Durand-González J.B.,"Universidad de Chile, Santiago, Chile",10.32995/S0718-80722025931,2-s2.0-105014438422,0,Q2,Q2
2-s2.0-85214796420,2025,2025 Apr,Detection and prevention of spear phishing attacks: A comprehensive survey,,Computers and Security,,Review,Birthriya S.K.,"National Institute of Technology Kurukshetra, Kurukshetra, India",10.1016/j.cose.2025.104317,2-s2.0-85214796420,24,Q1,Q1
2-s2.0-105004191390,2025,2025 Apr,Beyond Human Bias: An LLM-Driven Comparative Analysis of the Indian Penal Code (1860) and Bharatiya Nyaya Sanhita (2023),,Statute Law Review,,Article,Mohanty P.,"XLRI, Jamshedpur, Jamshedpur, India",10.1093/slr/hmaf014,2-s2.0-105004191390,1,Q2,Q2
2-s2.0-105003228923,2025,2025 Apr,"What will justice in the European Union look like in 10 years, and how could the legal professions in the EU innovate together?",,Era Forum,,Article,Depasquale F.,,10.1007/s12027-025-00825-z,2-s2.0-105003228923,0,Q2,Q2
2-s2.0-86000327258,2025,2025 Apr,Control and Compensation. A Comparative Analysis of Copyright Exceptions for Training Generative AI,,IIC International Review of Intellectual Property and Competition Law,,Article,de la Durantaye K.,"Humboldt-Universität zu Berlin, Berlin, Germany",10.1007/s40319-025-01569-6,2-s2.0-86000327258,5,Q1,Q1
2-s2.0-105001943455,2025,2025 Apr,Responsibility is an adequate requirement for authorship: A reply to Levy,,Journal of Medical Ethics,,Article,Helgesson G.,"Karolinska Institutet, Stockholm, Sweden",10.1136/jme-2024-110245,2-s2.0-105001943455,2,Q1,Q1
2-s2.0-105003442949,2025,2025 Apr,"An Adaptive Conceptualisation of Artificial Intelligence and the Law, Regulation and Ethics",,Laws,,Article,Uhumuavbi I.,"Tashkent State University of Law, Tashkent, Uzbekistan",10.3390/laws14020019,2-s2.0-105003442949,5,Q2,Q2
2-s2.0-85216279768,2025,2025 Apr,To err is human: Managing the risks of contracting AI systems,,Computer Law and Security Review,,Article,Herbosch M.,"KU Leuven, Leuven, Belgium",10.1016/j.clsr.2025.106110,2-s2.0-85216279768,4,Q1,Q1
2-s2.0-105003467081,2025,2025 Apr,Use of Drones in Disasters in the European Union: Privacy Issues and Lessons Learned from the COVID-19 Pandemic and Mass Surveillance Jurisprudence of the ECtHR and the CJEU,,Laws,,Article,Maniadaki M.,"Foundation for Research and Technology-Hellas, Heraklion, Greece",10.3390/laws14020027,2-s2.0-105003467081,1,Q2,Q2
2-s2.0-85210297469,2025,2025 Apr,Facial recognition technology in law enforcement: Regulating data analysis of another kind,,Computer Law and Security Review,,Article,Simmler M.,"University of St. Gallen, St Gallen, Switzerland",10.1016/j.clsr.2024.106092,2-s2.0-85210297469,8,Q1,Q1
2-s2.0-85211039556,2025,2025 Apr,Evolving cybersecurity of AI-featured digital products and services: Rise of standardisation and certification?,,Computer Law and Security Review,,Article,Rampášek M.,"Univerzita Komenského v Bratislave, Bratislava, Slovakia",10.1016/j.clsr.2024.106093,2-s2.0-85211039556,6,Q1,Q1
2-s2.0-85218170662,2025,2025 Apr,"My AI, my code, my secret – Trade secrecy, informational transparency and meaningful litigant participation under the European Union's AI Liability Directive Proposal",,Computer Law and Security Review,,Article,Grozdanovski L.,"Université de Liège, Liege, Belgium",10.1016/j.clsr.2025.106117,2-s2.0-85218170662,1,Q1,Q1
2-s2.0-85212039022,2025,2025 Apr,Biometric data landscape in Southeast Asia: Challenges and opportunities for effective regulation,,Computer Law and Security Review,,Article,Lim A.C.M.,"National University of Singapore, Singapore City, Singapore",10.1016/j.clsr.2024.106095,2-s2.0-85212039022,0,Q1,Q1
2-s2.0-105016491620,2025,2025 Apr,Don't throw the baby out with the bathwater: Protecting children against CSAM deepfakes without banning ai technology,,Family Court Review,,Article,Ende J.,"Hofstra University, Hempstead, United States",10.1111/fcre.12854,2-s2.0-105016491620,0,Q2,Q2
2-s2.0-105004909910,2025,2025 Apr,INTELLECTUAL PROPERTY LAW AS LABOR POLICY,,New York University Law Review,,Article,Tang X.,"University of California, Atlanta, United States",,2-s2.0-105004909910,3,Q1,Q1
2-s2.0-105003502720,2025,2025 Apr,"Emerging Technologies, Law and Policies",,Laws,,Editorial,Salmerón-Manzano E.,"International University of La Rioja, Logrono, Spain",10.3390/laws14020028,2-s2.0-105003502720,2,Q2,Q2
2-s2.0-105006763074,2025,2025 Apr,A critical juncture: Reimagining nursing professional identity and regulation in the ethical integration of innovation and technology in healthcare,,Journal of Nursing Regulation,,Article,Johnson E.A.,"University of Alabama at Birmingham School of Nursing, Birmingham, United States",10.1016/j.jnr.2025.03.005,2-s2.0-105006763074,7,Q1,Q1
2-s2.0-105008540134,2025,2025 Apr,AI as an Environmental Challenge: Mapping Safeguards in EU Environmental and Climate Law to Address the ‘Silence’ in the EU AI Act,,European Energy and Environmental Law Review,,Article,Pouikli K.,"Universiteit Utrecht, Utrecht, Netherlands",10.54648/eelr2025003,2-s2.0-105008540134,2,Q1,Q1
2-s2.0-105001954385,2025,2025 Apr,The Paradox of Lawful Text and Data Mining? Some Experiences from the Research Sector and Where We (Should) Go from Here,,Grur International,,Article,Szkalej K.,"Universiteit van Amsterdam, Amsterdam, Netherlands",10.1093/grurint/ikaf029,2-s2.0-105001954385,6,Q2,Q2
2-s2.0-105001424234,2025,2025 Mar,Examining synergies between UAE corporate social responsibility laws and corporate governance frameworks,,Journal of Money Laundering Control,,Article,AlTawil T.N.,"Yarmouk University, Irbid, Jordan",10.1108/JMLC-03-2024-0053,2-s2.0-105001424234,1,Q1,Q1
2-s2.0-105028098734,2025,2025 Mar,AUTOMATED JUSTICE: BETWEEN THE ARTIFICIAL INTELLIGENCES THAT FAKE AND THOSE THAT PERSUADE,,Lex Social,,Article,García J.E.,"Magistrado Especialista en la Jurisdicción Social, Spain",10.46661/lexsocial.11652,2-s2.0-105028098734,0,Q2,Q2
2-s2.0-105003557109,2025,2025 Mar,The legal regulation of Artificial intelligence (AI) in Europe: two decisive (but insufficient) steps of the Council of Europe and the European Union,,Cuadernos De Derecho Transnacional,,Article,Elena C. D.G.,"Universidad Rey Juan Carlos, Madrid, Spain",10.20318/cdt.2025.9334,2-s2.0-105003557109,2,Q2,Q2
2-s2.0-105003748131,2025,2025 Mar,Neurorights: legal relevance and regulation through comparative law,,Cuadernos De Derecho Transnacional,,Article,Herrero M.T.P.,"Universidad Carlos III de Madrid, Getafe, Spain",10.20318/cdt.2025.9346,2-s2.0-105003748131,1,Q2,Q2
2-s2.0-105004224843,2025,2025 Mar,Culpa in contrahendo: from the historical perspective to the challenges of the new industrial revolution. A look at the basic regulations (1215/2012 and 864/2007) and their link with the new pre-contractual dispute resolution mechanisms,,Cuadernos De Derecho Transnacional,,Article,Martínez Ortiz P.J.,"Universidad de Murcia, Murcia, Spain",10.20318/cdt.2025.9341,2-s2.0-105004224843,0,Q2,Q2
2-s2.0-105002400271,2025,2025 Mar,Automated Question Type Coding of Forensic Interviews and Trial Testimony in Child Sexual Abuse Cases,,Law and Human Behavior,,Article,Szojka Z.A.,"University of Greenwich, London, United Kingdom",10.1037/lhb0000590,2-s2.0-105002400271,1,Q1,Q1
2-s2.0-105000904070,2025,2025 Mar,Developing Artificial Intelligence Legislation in Thailand: Lessons from the European Union,,Journal of Human Rights Culture and Legal System,,Article,Netipatalachoochote S.,"Université de Lyon, Lyon, France",10.53955/jhcls.v5i1.424,2-s2.0-105000904070,0,Q1,Q1
2-s2.0-105002086137,2025,2025 Mar,"AI, justice and the P.A.: the ethical and anthropological challenge",,Federalismi It,,Article,Di Benetazzo C.,"Università degli Studi di Padova, Padua, Italy",,2-s2.0-105002086137,0,Q2,Q2
2-s2.0-86000428365,2025,2025 Mar,Web scraping: Jurisprudence and legal doctrines,,Journal of World Intellectual Property,,Article,Fontana A.G.,"Pegaso Digital University, Naples, Italy",10.1111/jwip.12331,2-s2.0-86000428365,4,Q2,Q2
2-s2.0-105003046350,2025,2025 Mar,ChatGPT as a Fourth Arbitrator? The Ethics and Risks of Using Large Language Models in Arbitration,,Arbitration International,,Article,Moreira J.I.,"University of Macau, Taipa, Macao",10.1093/arbint/aiae031,2-s2.0-105003046350,7,Q1,Q1
2-s2.0-85217064200,2025,2025 Mar,Potentials and Challenges of Large Language Models (LLMs) in the Context of Administrative Decision-Making,,European Journal of Risk Regulation,,Article,Pesch P.J.,"Friedrich-Alexander-Universität Erlangen-Nürnberg, Erlangen, Germany",10.1017/err.2024.99,2-s2.0-85217064200,7,Q1,Q1
2-s2.0-86000431896,2025,2025 Mar,The EU's Artificial Intelligence Act and copyright,,Journal of World Intellectual Property,,Note,Guadamuz A.,"University of Sussex, Brighton, United Kingdom",10.1111/jwip.12330,2-s2.0-86000431896,3,Q2,Q2
2-s2.0-105004821292,2025,2025 Mar,"Judicial Administration 4.0: strengths, challenges and opportunities of a proactive approach to AI regulation in Spain",,Taltech Journal of European Studies,,Article,García Torres M.L.,"Universidad Alfonso X El Sabio, Madrid, Spain",10.2478/bjes-2025-0007,2-s2.0-105004821292,0,Q1,Q1
2-s2.0-86000350730,2025,2025 Mar,The use of artificial intelligence in the police and judicial investigation of online child sex grooming crimes in Spain,,Revista De Internet Derecho Y Politica,,Article,Paisal M.S.,"Universitat de Lleida, Lleida, Spain",10.7238/idp.v0i42.430914,2-s2.0-86000350730,0,Q2,Q2
2-s2.0-105026602628,2025,2025 Mar,LEGAL RECONSTRUCTION FOR AUTONOMOUS VEHICLE USE IN INDONESIA: CHALLENGES AND SOLUTIONS IN THE AGE OF ARTIFICIAL INTELLIGENCE,,Masalah Masalah Hukum,,Article,Djohan N.H.,"Universitas Diponegoro, Semarang, Indonesia",10.14710/mmh.54.1.2025.13-24,2-s2.0-105026602628,1,Q2,Q2
2-s2.0-105003038357,2025,2025 Mar,From algorithms to awards: Exploring the technological and legal boundaries of AI's contributions to the work of arbitrators,,Arbitration International,,Article,Stefer D.,"Law Clerk, Braunschweig, Germany",10.1093/arbint/aiae046,2-s2.0-105003038357,2,Q1,Q1
2-s2.0-105026601028,2025,2025 Mar,REASSESSING LEGAL RECOGNITION OF AI: HUMAN DIGNITY AND THE CHALLENGE OF AI AS A LEGAL SUBJECT IN INDONESIA,,Masalah Masalah Hukum,,Article,Disemadi H.S.,"Faculty of Law, Batam City, Indonesia",10.14710/mmh.54.1.2025.1-12,2-s2.0-105026601028,2,Q2,Q2
2-s2.0-86000169909,2025,2025 Mar,Duty of literacy: an applicable principle in administrative decision-making with artificial intelligence,,Revista De Internet Derecho Y Politica,,Article,Díaz Díez C.A.,"Universidad Autónoma de Madrid, Madrid, Spain",10.7238/idp.v0i42.431907,2-s2.0-86000169909,0,Q2,Q2
2-s2.0-86000378638,2025,2025 Mar,Integrating legal event and context information for Chinese similar case analysis,,Artificial Intelligence and Law,,Article,Dan J.,"Huazhong University of Science and Technology, Wuhan, China",10.1007/s10506-023-09377-4,2-s2.0-86000378638,4,Q1,Q1
2-s2.0-85207449836,2025,2025 Mar,Artificial Intelligence and Administrative Discretion: Exploring Adaptations and Boundaries,,European Journal of Risk Regulation,,Article,Carlos Covilla J.,"Universitat Pompeu Fabra Barcelona, Barcelona, Spain",10.1017/err.2024.76,2-s2.0-85207449836,8,Q1,Q1
2-s2.0-85215124948,2025,2025 Mar,Artificial intelligence governance: Understanding how public organizations implement it,,Government Information Quarterly,,Article,de Almeida P.G.R.,"Universidade de Brasília, Brasília, Brazil",10.1016/j.giq.2024.102003,2-s2.0-85215124948,14,Q1,Q1
2-s2.0-105009298292,2025,2025 Mar,Balancing risk and social good: Proactive law as a strategy in AI governance,,Taltech Journal of European Studies,,Article,Vági R.,"Eötvös Loránd Tudományegyetem, Budapest, Hungary",10.2478/bjes-2025-0005,2-s2.0-105009298292,0,Q1,Q1
2-s2.0-105004798896,2025,2025 Mar,Current AI applications by Estonian tax authorities and use case scenarios,,Taltech Journal of European Studies,,Article,Künnapas K.,"Tallinna Tehnikaülikool, Tallinn, Estonia",10.2478/bjes-2025-0010,2-s2.0-105004798896,2,Q1,Q1
2-s2.0-105003172975,2025,2025 Mar,United Kingdom Patent Decisions Overview 2024,,IIC International Review of Intellectual Property and Competition Law,,Article,Trigg R.,"University of Oxford, Oxford, United Kingdom",10.1007/s40319-025-01573-w,2-s2.0-105003172975,0,Q1,Q1
2-s2.0-105000101405,2025,2025 Mar,Report on the European Copyright Society’s Conference of 2024,,Grur International,,Article,Gurlitt D.,"Goethe-Universität Frankfurt am Main, Frankfurt am Main, Germany",10.1093/grurint/ikae141,2-s2.0-105000101405,0,Q2,Q2
2-s2.0-105007473753,2025,2025 Mar,Policing AI-generated crimes: an ethnographic study on anti-cybercrime police in China,,Security Journal,,Article,Qiu Y.,"Shanxi Police College, Taiyun, China",10.1057/s41284-025-00491-3,2-s2.0-105007473753,4,Q2,Q2
2-s2.0-105017466607,2025,2025 Mar,Whose [Crime] is it Anyway?,,Journal of International Criminal Justice,,Article,Carpenter C.,"University of Cambridge, Cambridge, United Kingdom",10.1093/jicj/mqae055,2-s2.0-105017466607,2,Q1,Q1
2-s2.0-105020741848,2025,2025 Mar,Metaverse crimes in virtual (Un)reality: Fraud and sexual offences under English law,,Journal of Economic Criminology,,Article,Karapatakis A.,"University of Liverpool, Liverpool, United Kingdom",10.1016/j.jeconc.2024.100118,2-s2.0-105020741848,6,Q1,Q1
2-s2.0-105008927240,2025,2025 Feb,The issue of marking the products of generative artificial intelligence in the light of the polish act on combating unfair competition,,Prawo I Wiez,,Article,Jasińska K.,"Andrzej Frycz Modrzewski Krakow University, Krakow, Poland",10.36128/PRIW.VI54.1169,2-s2.0-105008927240,2,Q2,Q2
2-s2.0-105008562659,2025,2025 Feb,Artificial Intelligence and the Improvement of Proceedings Before Administrative Courts: Some Reflections on the Application of Selected Legal Systems,,Prawo I Wiez,,Article,Kowalski M.,"Akademii Leona Koźmińskiego w Warszawie, Warsaw, Poland",10.36128/PRIW.VI54.1161,2-s2.0-105008562659,1,Q2,Q2
2-s2.0-105008697947,2025,2025 Feb,Risk Assessment on the Basis of the Council of Europe Framework Convention on AI: the Example of Uses in the Field of Law,,Prawo I Wiez,,Article,Więckowski Z.,"Cardinal Stefan Wyszynski University in Warsaw, Warsaw, Poland",10.36128/PRIW.VI54.1171,2-s2.0-105008697947,1,Q2,Q2
2-s2.0-105008528084,2025,2025 Feb,Artificial Intelligence in e-Administration,,Prawo I Wiez,,Article,Bierecki D.,"Uniwersytet Warminsko-Mazurski w Olsztynie, Olsztyn, Poland",10.36128/PRIW.VI54.1201,2-s2.0-105008528084,9,Q2,Q2
2-s2.0-105008898626,2025,2025 Feb,Key legal and organisational challenges in the implementation of ai systems in local government,,Prawo I Wiez,,Article,Szpyt K.,"University of Warsaw, Warsaw, Poland",10.36128/PRIW.VI54.1048,2-s2.0-105008898626,3,Q2,Q2
2-s2.0-105008549461,2025,2025 Feb,The Obligation to Provide Safe and Healthy Working Conditions Within the Meaning of Art. 207 § 2 of the Labour Code. Guidelines of Labour Law Literature and Current Challenges. Outline of the Problem,,Prawo I Wiez,,Article,Jarota M.,"Katolicki Uniwersytet Lubelski Jana Pawła II, Lublin, Poland",10.36128/PRIW.VI54.372,2-s2.0-105008549461,0,Q2,Q2
2-s2.0-105008284053,2025,2025 Feb,Generative artificial intelligence applied to evidence evaluation in an acquisitive prescription case,,Rivista Italiana Di Informatica E Diritto,,Article,Navarro D.S.,"Universidad Nacional del Nordeste, Corrientes, Argentina",10.32091/RIID0208,2-s2.0-105008284053,0,Q2,Q2
2-s2.0-105009908266,2025,2025 Feb,The new Artificial Intelligence and the problem of its legal regulation. The european strategy and the long legislative process of the AI Act,,Rivista Italiana Di Informatica E Diritto,,Article,Fam Eli E.,,10.32091/RIID0224,2-s2.0-105009908266,1,Q2,Q2
2-s2.0-105008937098,2025,2025 Feb,AI and judicial functions: some preliminary issues in light of the constitutional framework,,Rivista Italiana Di Informatica E Diritto,,Article,Francaviglia M.,"Università degli Studi di Genova, Genoa, Italy",10.32091/RIID0225,2-s2.0-105008937098,0,Q2,Q2
2-s2.0-85218768968,2025,2025 Feb,"Constitutionalism in front of artificial intelligence: new challenges, what solutions?",,Rivista Italiana Di Informatica E Diritto,,Article,Caramaschi O.,,10.32091/RIID0204,2-s2.0-85218768968,1,Q2,Q2
2-s2.0-105009736429,2025,2025 Feb,Notes about the functionality of the administrative act with the expert systems aid,,Rivista Italiana Di Informatica E Diritto,,Article,Contaldo A.,"Università degli Studi Roma Tre, Rome, Italy",10.32091/RIID0152,2-s2.0-105009736429,0,Q2,Q2
2-s2.0-85204282407,2025,2025 Feb,Generative AI Hallucinations and Legal Liability in Jordanian Civil Courts: Promoting the Responsible Use of Conversational Chat Bots,,International Journal for the Semiotics of Law,,Article,Khawaldeh A.M.,"Amman Arab University, Amman, Jordan",10.1007/s11196-024-10199-z,2-s2.0-85204282407,2,Q2,Q2
2-s2.0-85217528927,2025,2025 Feb,ChatGPT-driven medical intelligent decision-making：ethics，law，and regulation,,Chinese Medical Ethics,,Article,Li J.,"Northwest University of Political Science and Law, Xi'an, China",10.12026/j.issn.1001-8565.2025.02.01,2-s2.0-85217528927,5,Q2,Q2
2-s2.0-85188425564,2025,2025 Feb,AI-Powered Contracts: a Critical Analysis,,International Journal for the Semiotics of Law,,Article,Giampieri P.,"Università degli Studi di Camerino, Camerino, Italy",10.1007/s11196-024-10137-z,2-s2.0-85188425564,6,Q2,Q2
2-s2.0-86000432114,2025,2025 Feb,The Illusory Standard of Significant Human Contribution to AI-Assisted Inventions after the DABUS Decision of the German Federal Court of Justice,,IIC International Review of Intellectual Property and Competition Law,,Article,Kim D.,"Max Planck Institute for Innovation and Competition, Munich, Germany",10.1007/s40319-025-01567-8,2-s2.0-86000432114,1,Q1,Q1
2-s2.0-85207905324,2025,2025 Feb,Delay Analysis in Construction Contracts: Assessing Claims and Legal Implications,,Journal of Legal Affairs and Dispute Resolution in Engineering and Construction,,Article,Azzam O.M.,"Cairo University, Giza, Egypt",10.1061/JLADAH.LADR-1198,2-s2.0-85207905324,3,Q2,Q2
2-s2.0-85216694717,2025,2025 Feb,Ai-related disciplines: A comparative analysis of regional trade agreements and national regulatory approaches,,Journal of World Trade,,Article,Li S.,"University of International Business and Economics, Beijing, China",10.54648/trad2025002,2-s2.0-85216694717,1,Q1,Q1
2-s2.0-105029847038,2025,2025 Jan,"INTERNATIONAL JUDICIAL COMPETENCE AND NECESSARY COHABITATION BETWEEN THE “BRUSSELS I BIS” REGULATION, THE EU GENERAL DATA PROTECTION REGULATION AND THE NEW EUROPEAN ARTIFICIAL INTELLIGENCE REGULATION (IN CASES OF NON-CONTRACTUAL CIVIL LIABILITY FOR IMPROPER USE OF ARTIFICIAL INTELLIGENCE SYSTEMS)",,Revista Espanola De Derecho Internacional,,Article,Giménez A.O.,"Universidad Miguel Hernández de Elche, Elche, Spain",10.36151/REDI.77.2.16,2-s2.0-105029847038,0,Q2,Q2
2-s2.0-105001945435,2025,2025 Jan,Generative AI systems in legal practice offering quality legal services while upholding legal ethics,,International Journal of Law in Context,,Article,Terzidou K.,"University of Luxembourg, Esch-sur-Alzette, Luxembourg",10.1017/S1744552325000047,2-s2.0-105001945435,2,Q2,Q2
2-s2.0-105026702415,2025,2025 Jan,Legal Education in the Age of Generative Artificial Intelligence,,Law Technology and Humans,,Article,Abbasi Z.,"University of London, London, United Kingdom",10.5204/lthj.4330,2-s2.0-105026702415,0,Q2,Q2
2-s2.0-105000058183,2025,2025 Jan,Information extraction from employment tribunal judgments using a large language model,,Artificial Intelligence and Law,,Article,Ribeiro de Faria J.,"Department of Computer Science and Technology, Cambridge, United Kingdom",10.1007/s10506-025-09443-z,2-s2.0-105000058183,3,Q1,Q1
2-s2.0-105026793946,2025,2025 Jan,Responsible Legal Augmentation: Integrating Generative AI into Legal Practice,,Law Technology and Humans,,Article,Abbasi Z.,"Royal Holloway, University of London, Egham, United Kingdom",10.5204/lthj.4200,2-s2.0-105026793946,0,Q2,Q2
2-s2.0-105003415738,2025,2025 Jan,Classifying legal interpretations using large language models,,Artificial Intelligence and Law,,Article,Dugac G.,"Universität Zürich, Zurich, Switzerland",10.1007/s10506-025-09447-9,2-s2.0-105003415738,6,Q1,Q1
2-s2.0-105002641266,2025,2025 Jan,Investigating legal question generation using large language models,,Artificial Intelligence and Law,,Article,Deroy A.,"Indian Institute of Technology Kharagpur, Kharagpur, India",10.1007/s10506-025-09452-y,2-s2.0-105002641266,2,Q1,Q1
2-s2.0-105015510633,2025,2025 Jan,"THE CHATBOT JUDGE: REFLECTIONS ON THE IMPORTANCE OF ITALIAN GUARANTEES, TAKING A CUE FROM A RECENT DECISION OF THE COLOMBIAN CONSTITUTIONAL COURT",,Biolaw Journal,,Note,Barbareschi S.,"Università degli Studi Roma Tre, Rome, Italy",,2-s2.0-105015510633,0,Q2,Q2
2-s2.0-105005094038,2025,2025 Jan,Specialized or general AI? a comparative evaluation of LLMs’ performance in legal tasks,,Artificial Intelligence and Law,,Article,Guo X.,"Zhejiang University, Hangzhou, China",10.1007/s10506-025-09460-y,2-s2.0-105005094038,4,Q1,Q1
2-s2.0-105004376309,2025,2025 Jan,"(Generative) Artificial Intelligence in the Third Decade of the 21st Century and Beyond – Selected European Legal, Regulatory and Supervisory Aspects with a Particular View on Companies in Financial Markets",,European Business Law Review,,Article,Deipenbrock G.,"Fachhochschule Münster - Abteilung Steinfurt, Steinfurt, Germany",10.54648/eulr2025009,2-s2.0-105004376309,0,Q2,Q2
2-s2.0-85195553915,2025,2025 Jan,ChatGPT for good? Taking ‘beneficence’ seriously in the regulation of generative artificial intelligence,,International Review of Law Computers and Technology,,Article,Singh Chauhan K.D.,"O.P. Jindal Global University, Sonipat, India",10.1080/13600869.2024.2364989,2-s2.0-85195553915,0,Q1,Q1
2-s2.0-105006899040,2025,2025 Jan,Legal text classification in Korean sexual offense cases: from traditional machine learning to large language models with XAI insights,,Artificial Intelligence and Law,,Article,Lee J.,"Electronics and Telecommunications Research Institute, Daejeon, South Korea",10.1007/s10506-025-09454-w,2-s2.0-105006899040,0,Q1,Q1
2-s2.0-85217641271,2025,2025 Jan,Leveraging large language models for abstractive summarization of Italian legal news,,Artificial Intelligence and Law,,Article,Benedetto I.,"Politecnico di Torino, Turin, Italy",10.1007/s10506-025-09431-3,2-s2.0-85217641271,8,Q1,Q1
2-s2.0-105011583539,2025,2025 Jan,"Application of artificial intelligence as a way of digitalizing the system of justice: legal, economic and social issues",,Via Inveniendi Et Iudicandi,,Article,Teremetskyi V.,"Kharkiv National University of Internal Affairs, Kharkiv, Ukraine",10.15332/19090528.11118,2-s2.0-105011583539,0,Q1,Q1
2-s2.0-105010753061,2025,2025 Jan,Enhancing legal question answering with data generation and knowledge distillation from large language models,,Artificial Intelligence and Law,,Article,Italiani P.,"Alma Mater Studiorum Università di Bologna, Cesena, Cesena, Italy",10.1007/s10506-025-09463-9,2-s2.0-105010753061,4,Q1,Q1
2-s2.0-105002750128,2025,2025 Jan,Artificial Intelligence and Legal Analysis: Implications for Legal Education and the Profession,,Law Library Journal,,Article,Peoples L.F.,"Oklahoma City University, Oklahoma City, United States",,2-s2.0-105002750128,1,Q2,Q2
2-s2.0-105017021204,2025,2025 Jan,The application dilemmas and solutions of medical generative artificial intelligence from the perspective of law：focusing on ChatGPT,,Chinese Medical Ethics,,Article,Ke J.,"Hubei University of Chinese Medicine, Wuhan, China",10.12026/j.issn.1001-8565.2025.09.07,2-s2.0-105017021204,0,Q2,Q2
2-s2.0-105005808352,2025,2025 Jan,"Legal Scholarship Through the Lens of Generative AI, Darkly",,Law Library Journal,,Article,Martineau A.,"University of Minnesota Law Library, United States",,2-s2.0-105005808352,0,Q2,Q2
2-s2.0-85212069837,2025,2025 Jan,Artificial intelligence as a tool for detecting deception in 911 homicide calls,,Journal of Criminal Justice,,Article,Markey P.M.,"Villanova University, Villanova, United States",10.1016/j.jcrimjus.2024.102337,2-s2.0-85212069837,0,Q1,Q1
2-s2.0-85218705260,2025,2025 Jan,Enhancing legal assistance with AI: a comprehensive approach to intent classification and domain specific model tuning,,Artificial Intelligence and Law,,Article,Bhatnagar M.,"O.P. Jindal Global University, Sonipat, India",10.1007/s10506-025-09441-1,2-s2.0-85218705260,5,Q1,Q1
2-s2.0-85218863129,2025,2025 Jan,Topic classification of case law using a large language model and a new taxonomy for UK law: AI insights into summary judgment,,Artificial Intelligence and Law,,Article,Sargeant H.,"Notre Dame Law School, Notre Dame, United States",10.1007/s10506-025-09434-0,2-s2.0-85218863129,7,Q1,Q1
2-s2.0-105017684026,2025,2025 Jan,JURISTS OF THE GAPS: LARGE LANGUAGE MODELS AND THE QUIET EROSION OF LEGAL AUTHORITY,,Masaryk University Journal of Law and Technology,,Article,Tritto P.P.,"Universidad Panamericana, Mexico City, Mexico",10.5817/MUJLT2025-2-4,2-s2.0-105017684026,1,Q2,Q2
2-s2.0-105002590702,2025,2025 Jan,Generative AI and Finding the Law,,Law Library Journal,,Article,Callister P.D.,"University of Missouri-Kansas City, Kansas City, United States",,2-s2.0-105002590702,4,Q2,Q2
2-s2.0-105029624962,2025,2025 Jan,Early PLT Student Perceptions of the Integration of Generative Artificial Intelligence in Legal Education,,Law Technology and Humans,,Article,Landy N.,"Queensland University of Technology, Brisbane, Australia",10.5204/lthj.4031,2-s2.0-105029624962,0,Q2,Q2
2-s2.0-105010061272,2025,2025 Jan,Performance of LLMs on VITA test: potential for AI-assisted tax returns for low income taxpayers,,Artificial Intelligence and Law,,Article,Gogani-Khiabani S.,"College of Engineering and Applied Science, Boulder, United States",10.1007/s10506-025-09465-7,2-s2.0-105010061272,1,Q1,Q1
2-s2.0-105006680166,2025,2025 Jan,Charting the ethical landscape of generative AI-augmented clinical documentation,,Journal of Medical Ethics,,Article,Sun Q.W.,"Yale School of Medicine, New Haven, United States",10.1136/jme-2024-110656,2-s2.0-105006680166,6,Q1,Q1
2-s2.0-105003129517,2025,2025 Jan,Copyright and Generative AI: Opinion,,Journal of Intellectual Property Information Technology and E Commerce Law,,Review,Dusollier S.,,,2-s2.0-105003129517,6,Q2,Q2
2-s2.0-105018005553,2025,2025 Jan,LegisSearch: navigating legislation with graphs and large language models,,Artificial Intelligence and Law,,Article,Colombo A.,"Politecnico di Milano, Milan, Italy",10.1007/s10506-025-09482-6,2-s2.0-105018005553,0,Q1,Q1
2-s2.0-85184736165,2025,2025 Jan,Navigating the legal complexities of telesurgery in China: An assessment of tort liability and the path forward,,Medicine Science and the Law,,Article,Xue J.,"Zhejiang Police College, Hangzhou, China",10.1177/00258024241229831,2-s2.0-85184736165,3,Q2,Q2
2-s2.0-105021029145,2025,2025 Jan,Large Language Models (LLMs) as Jurors: Assessing the Potential of LLMs in Legal Contexts,,Law and Human Behavior,,Article,Sun Y.,"Turun yliopisto, Turku, Finland",10.1037/lhb0000620,2-s2.0-105021029145,1,Q1,Q1
2-s2.0-105011053851,2025,2025 Jan,On Software Bugs and Legal Bugs: Product Liability in the Age of Code,,Indiana Law Journal,,Article,Lubin A.,"Maurer School of Law, Bloomington, United States",,2-s2.0-105011053851,2,Q2,Q2
2-s2.0-105016470125,2025,2025 Jan,NEW CHALLENGES IN LEGAL REGULATION: CERTIFICATION AND LABELING OF ARTIFICIAL INTELLIGENCE SYSTEMS,,Relacoes Internacionais no Mundo Atual,,Article,Tiuria Y.,"National Technical University Kharkiv Polytechnic Institute, Kharkiv, Ukraine",,2-s2.0-105016470125,0,Q2,Q2
2-s2.0-105015452140,2025,2025 Jan,"The Evaporation of the Signifier: Law, Semiotics, and AI’s Hollow Texts",,International Journal for the Semiotics of Law,,Article,Ruhil O.,"Indian Institute of Technology Delhi, New Delhi, India",10.1007/s11196-025-10366-w,2-s2.0-105015452140,0,Q2,Q2
2-s2.0-105017623417,2025,2025 Jan,ARTIFICIAL INTELLIGENCE IN THE SERVICE OF PARLIAMENTS: SOME ARGUMENTS FOR THE NECESSITY OF A NORMATIVE LEGAL FRAMEWORK AT THE EUROPEAN LEVEL,,Masaryk University Journal of Law and Technology,,Article,Szentgáli-Tóth B.,"ELTE Centre for Social Sciences, Budapest, Hungary",10.5817/MUJLT2025-2-6,2-s2.0-105017623417,0,Q2,Q2
2-s2.0-105030628099,2025,2025 Jan,Digital humanism and regulatory sovereignty: the governance of artificial intelligence between European and national law,,Federalismi It,,Article,di Fernanda F.,"Università Telematica Pegaso, Naples, Italy",,2-s2.0-105030628099,0,Q2,Q2
2-s2.0-105003849789,2025,2025 Jan,Protecting AI-Generated Images as Works of Fine Art in China: Magnifying the Legacy of Art to Copyright,,Law Technology and Humans,,Article,Lin X.,"Universiteit Maastricht, Maastricht, Netherlands",10.5204/lthj.3825,2-s2.0-105003849789,1,Q2,Q2
2-s2.0-105024114768,2025,2025 Jan,"Copyright and Research in Latin America: Law, Courts, and Perceptions",,Grur International,,Article,Valente M.G.,"Universidade Federal do Rio de Janeiro, Rio de Janeiro, Brazil",10.1093/grurint/ikae149,2-s2.0-105024114768,1,Q2,Q2
2-s2.0-105000053121,2025,2025 Jan,Leveraging LLMs for legal terms extraction with limited annotated data,,Artificial Intelligence and Law,,Article,Breton J.,"Research Organization of Information and Systems National Institute of Informatics, Tokyo, Japan",10.1007/s10506-025-09448-8,2-s2.0-105000053121,8,Q1,Q1
2-s2.0-105011100591,2025,2025 Jan,Bridging the divide: technical research and application on legal judgment prediction,,Artificial Intelligence and Law,,Review,Zhang C.,"Xi'an Jiaotong University, Xi'an, China",10.1007/s10506-025-09473-7,2-s2.0-105011100591,3,Q1,Q1
2-s2.0-105026308292,2025,2025 Jan,Outsourcing Judgement: A Kantian Account of Legal Judgement and LLMs,,International Journal for the Semiotics of Law,,Article,Cambi A.,"Universiteit Gent, Ghent, Belgium",10.1007/s11196-025-10409-2,2-s2.0-105026308292,0,Q2,Q2
2-s2.0-105016249078,2025,2025 Jan,Toward a global standard for ethical AI regulation: addressing gaps in AI-driven biometric and high-resolution satellite imaging in the EU AI Act,,Law Innovation and Technology,,Article,Yazici T.,"University of Miami, Coral Gables, United States",10.1080/17579961.2025.2470589,2-s2.0-105016249078,4,Q1,Q1
2-s2.0-105031600292,2025,2025 Jan,"Judging without a soul: an approach to the legal, ethical, and philosophical challenges and implications of artificial intelligence applied to jurisdictional function",,Indret,,Article,López A.T.,"Universidad Nacional de Educacion a Distancia, Madrid, Spain",10.31009/InDret.2025.i4.13,2-s2.0-105031600292,0,Q2,Q2
2-s2.0-105006856076,2025,2025 Jan,Artificial Intelligence in Civil Justice: Comparative Legal Analysis and Practical Frameworks for Indonesia,,Jambura Law Review,,Article,Maskanah U.,"Universitas Pasundan, Bandung, Indonesia",10.33756/jlr.v7i1.27786,2-s2.0-105006856076,5,Q2,Q2
2-s2.0-105029952481,2025,2025 Jan,From ancient healing to modern litigation: a historical journey through medical negligence and tort law,,Journal of Medical Ethics and History of Medicine,,Article,Mashayekh M.,"Kharazmi University, Tehran, Iran",10.18502/jmehm.v18i19.20604,2-s2.0-105029952481,0,Q1,Q1
2-s2.0-85218272263,2025,2025 Jan,Effectiveness in retrieving legal precedents: exploring text summarization and cutting-edge language models toward a cost-efficient approach,,Artificial Intelligence and Law,,Article,Mentzingen H.,"NOVA Information Management School, Universidade Nova de Lisboa, Lisbon, Portugal",10.1007/s10506-025-09440-2,2-s2.0-85218272263,6,Q1,Q1
2-s2.0-105019218410,2025,2025 Jan,The AI-Enhanced Trafficking Threat: Examining the Technological Evolution of Trafficking in Persons Operations with AI Tools,,Journal of Human Trafficking,,Note,Levesque J.,,10.1080/23322705.2025.2572911,2-s2.0-105019218410,1,Q1,Q1
2-s2.0-105003162742,2025,2025 Jan,Comparative insights and future directions of AI in the courts of the Baltic States,,International Journal of Law and Information Technology,,Article,Limante A.,"Vilniaus Universitetas, Vilnius, Lithuania",10.1093/ijlit/eaaf002,2-s2.0-105003162742,2,Q1,Q1
2-s2.0-105026608827,2025,2025 Jan,Public Policy and the Enforcement of AI-Generated Arbitral Awards,,Journal of International Arbitration,,Article,Mahdouri A.A.,"The University of Manchester, Manchester, United Kingdom",10.54648/joia2025047,2-s2.0-105026608827,0,Q2,Q2
2-s2.0-105028621044,2025,2025 Jan,"Becoming, Doing, Being: GenAI and the Promise of Professional Identity in Law",,Law Technology and Humans,,Article,Bell F.,"UNSW Faculty of Law & Justice, Australia",10.5204/lthj.4120,2-s2.0-105028621044,0,Q2,Q2
2-s2.0-105011345857,2025,2025 Jan,"TRACS-LLM: LLM-based traffic accident criminal sentencing prediction focusing on imprisonment, probation, and fines",,Artificial Intelligence and Law,,Article,Min H.,"Soonchunhyang University, Asan, South Korea",10.1007/s10506-025-09472-8,2-s2.0-105011345857,0,Q1,Q1
2-s2.0-105024334686,2025,2025 Jan,A Corpus-Based Analysis of ChatGPT English Translation of Terms in the Civil Code of the People’s Republic of China (Contract) from the Perspective of Functional Theories of Translation,,International Journal for the Semiotics of Law,,Article,Xu Y.,"Zhejiang Normal University, Jinhua, China",10.1007/s11196-025-10394-6,2-s2.0-105024334686,0,Q2,Q2
2-s2.0-105021824789,2025,2025 Jan,Introduction to the special issue on applications and evaluation of large language models in the legal domain,,Artificial Intelligence and Law,,Editorial,Conrad J.G.,"University of Glasgow, Glasgow, United Kingdom",10.1007/s10506-025-09487-1,2-s2.0-105021824789,0,Q1,Q1
2-s2.0-85184473348,2025,2025 Jan,Artificial intelligence in medicine and the negative outcome penalty paradox,,Journal of Medical Ethics,,Article,Appel J.M.,"Icahn School of Medicine at Mount Sinai, New York, United States",10.1136/jme-2023-109848,2-s2.0-85184473348,5,Q1,Q1
2-s2.0-105010578694,2025,2025 Jan,LegalAnalytics: bridging visual explanations and workload streamline in Brazilian Supreme Court appeals,,Artificial Intelligence and Law,,Article,Resck L.,"Universidade de São Paulo, Sao Paulo, Brazil",10.1007/s10506-025-09446-w,2-s2.0-105010578694,1,Q1,Q1
2-s2.0-105018503948,2025,2025 Jan,Modernising the Arbitration Industry: The Potential of an AI-Arbitration Legal Framework in Malaysia,,Manchester Journal of Transnational Islamic Law and Practice,,Article,Labanieh M.F.,"Universiti Utara Malaysia, Sintok, Malaysia",,2-s2.0-105018503948,0,Q2,Q2
2-s2.0-105008194979,2025,2025 Jan,"Jurisdiccional/automated systems in the legal order: Types of programs, risks and judicial review",,Revista De Derecho Politico,,Article,García Majado P.,"Universidad de Oviedo, Oviedo, Spain",10.5944/rdp.123.2025.45504,2-s2.0-105008194979,1,Q1,Q1
2-s2.0-105016266352,2025,2025 Jan,Do Specialized Medical LLMs Demand a Radically New Approach Under the EU's Medical Device Regulation?,,Journal of Law Medicine and Ethics,,Review,Smith H.L.,"University of Michigan, Ann Arbor, Ann Arbor, United States",10.1017/jme.2025.10136,2-s2.0-105016266352,0,Q2,Q2
2-s2.0-105009612207,2025,2025 Jan,The Constitutional Courts of Romania and Colombia on Cyber Interference and Artificial Intelligence,,Diritto Pubblico Comparato Ed Europeo,,Article,Losano M.G.,"Accademia delle Scienze di Torino, Turin, Italy",10.17394/116459,2-s2.0-105009612207,0,Q2,Q2
2-s2.0-105012378920,2025,2025 Jan,"THE DILEMMA OF REASONING, MOTIVATION AND ALGORITHMIC JUDICIAL DECISION-MAKING (IA): THE POSSIBILITY OF THE IMPOSSIBLE?",,Teoria Y Derecho,,Article,Barona Vilar S.,"Universitat de València, Valencia, Spain",10.36151/TD.2024.109,2-s2.0-105012378920,0,Q1,Q1
2-s2.0-86000265367,2025,2025 Jan,Artificial intelligence (AI) and financial technology (FinTech) in Tanzania; legal and regulatory issues,,International Journal of Law and Management,,Article,Ally A.M.,"Open University of Tanzania, Dar Es Salaam, Tanzania",10.1108/IJLMA-07-2024-0251,2-s2.0-86000265367,5,Q1,Q1
2-s2.0-85213941375,2025,2025 Jan,ChatGPT stories of success and failure: a move forward in the legal profession?,,International Journal of the Legal Profession,,Article,Ordu A.,"Yakın Doğu Üniversitesi, Nicosia, Cyprus",10.1080/09695958.2024.2430008,2-s2.0-85213941375,0,Q2,Q2
2-s2.0-105003829567,2025,2025 Jan,"Narratives, Frontier Technologies, and the Law",,Law Technology and Humans,,Review,Marcos H.,"Universiteit Maastricht, Maastricht, Netherlands",10.5204/lthj.3910,2-s2.0-105003829567,2,Q2,Q2
2-s2.0-105005108553,2025,2025 Jan,Advancing prompt-based language models in the legal domain: adaptive strategies and research challenges,,Artificial Intelligence and Law,,Review,Sheik R.,"National Institute of Technology Tiruchirappalli, Tiruchirappalli, India",10.1007/s10506-025-09459-5,2-s2.0-105005108553,0,Q1,Q1
2-s2.0-105012422877,2025,2025 Jan,Decoding labour labels: untangling the employment puzzle for gig workers,,International Review of Law Computers and Technology,,Article,Ibrahim O.,"University of Lagos, Lagos, Nigeria",10.1080/13600869.2025.2500803,2-s2.0-105012422877,0,Q1,Q1
2-s2.0-105008407449,2025,2025 Jan,Legal regulation of employee monitoring in the digital age: Between security and privacy,,International Journal of Law and Information Technology,,Article,Lutsenko O.Y.,"State Biotechnological University, Kharkiv, Ukraine",10.1093/ijlit/eaaf008,2-s2.0-105008407449,0,Q1,Q1
2-s2.0-105021435260,2025,2025 Jan,Building from scratch: a multi-agent framework with human-in-the-loop for multilingual legal terminology mapping,,Artificial Intelligence and Law,,Article,Meng L.,"Shanghai University, Shanghai, China",10.1007/s10506-025-09490-6,2-s2.0-105021435260,0,Q1,Q1
2-s2.0-85217802616,2025,2025 Jan,An LLMs-based neuro-symbolic legal judgment prediction framework for civil cases,,Artificial Intelligence and Law,,Article,Wei B.,"Zhejiang University, Hangzhou, China",10.1007/s10506-025-09433-1,2-s2.0-85217802616,9,Q1,Q1
2-s2.0-105018760495,2025,2025 Jan,LLMES: an LLMs-based expert system for quality management system audits,,Artificial Intelligence and Law,,Article,Li Y.,"Shenzhen University, Shenzhen, China",10.1007/s10506-025-09480-8,2-s2.0-105018760495,0,Q1,Q1
2-s2.0-105008692361,2025,2025 Jan,Defence of Rights and Role of Lawyers in the Application of Artificial Intelligence Systems,,European Business Law Review,,Article,Alpa G.,"Sapienza Università di Roma, Rome, Italy",10.54648/eulr2025024,2-s2.0-105008692361,0,Q2,Q2
2-s2.0-105026678426,2025,2025 Jan,GenAI as Whetstone: A Socratic Framework for Sharpening Critical Thinking in Legal Education,,Law Technology and Humans,,Article,Koroye T.,"University of Bradford, Bradford, United Kingdom",10.5204/lthj.4053,2-s2.0-105026678426,0,Q2,Q2
2-s2.0-105009626363,2025,2025 Jan,The «race» to regulate artificial intelligence: a comparative overview,,Diritto Pubblico Comparato Ed Europeo,,Review,Stiano A.,"Università degli Studi di Foggia, Foggia, Italy",10.17394/116456,2-s2.0-105009626363,0,Q2,Q2
2-s2.0-105009947384,2025,2025 Jan,"Health and Health-Related Connected Objects: Regulatory Intersections, Grey Zones and Blind Spots",,European Journal of Health Law,,Article,Nordberg A.,"Université Paris-Saclay, Gif-sur-Yvette, France",10.1163/15718093-bja10149,2-s2.0-105009947384,1,Q2,Q2
2-s2.0-105028661878,2025,2025 Jan,Chain of Prompts and Memories for Accessible Symbolic Applications in the Legal Domain,,Law Technology and Humans,,Article,Billi M.,"Alma Mater Studiorum Università di Bologna, Bologna, Italy",10.5204/lthj.4010,2-s2.0-105028661878,1,Q2,Q2
2-s2.0-105004360223,2025,2025 Jan,Identifying open-texture in regulations using LLMs,,Artificial Intelligence and Law,,Article,Guitton C.,"Universität Zürich, Zurich, Switzerland",10.1007/s10506-025-09450-0,2-s2.0-105004360223,4,Q1,Q1
2-s2.0-85217900110,2025,2025 Jan,DATA PROTECTION CHALLENGES IN SMART CITIES: AN EXAMINATION OF THE MALAYSIAN LEGAL FRAMEWORK,,Uum Journal of Legal Studies,,Article,Pour H.N.,"Universiti Malaya, Kuala Lumpur, Malaysia",10.32890/uumjls2025.16.1.7,2-s2.0-85217900110,0,Q2,Q2
2-s2.0-105030665179,2025,2025 Jan,IT TAKES (AT LEAST) TWO TO TANGO IN THE RHYTHM OF AI-ENABLED DISCRIMINATION: HOW THE AI ACT COMPLEMENTS EU NONDISCRIMINATION LAW,,Croatian Yearbook of European Law and Policy,,Article,Lamprinoudis K.,"Universiteit Leiden, Leiden, Netherlands",10.3935/cyelp.21.2025.615,2-s2.0-105030665179,0,Q2,Q2
2-s2.0-105036016574,2025,2025 Jan,From Curators to Creators: Navigating Regulatory Challenges for General- Purpose Generative AI in Europe,,Journal of Intellectual Property Information Technology and E Commerce Law,,Article,Pérez G.E.M.,"Universitat Pompeu Fabra Barcelona, Barcelona, Spain",,2-s2.0-105036016574,0,Q2,Q2
2-s2.0-86000386408,2025,2025 Jan,Trajectories of legal work in the context of machine learning AI: conceptualising mediated evolution,,International Journal of the Legal Profession,,Article,Faulconbridge J.,"Department of Organisation, Work and Technology, Lancaster University Management School, Lancaster, United Kingdom",10.1080/09695958.2025.2458039,2-s2.0-86000386408,3,Q2,Q2
2-s2.0-105000681099,2025,2025 Jan,Semantic role extraction in law texts: a comparative analysis of language models for legal information extraction,,Artificial Intelligence and Law,,Article,Bakker R.M.,"Universiteit Utrecht, Utrecht, Netherlands",10.1007/s10506-025-09437-x,2-s2.0-105000681099,6,Q1,Q1
2-s2.0-105022622735,2025,2025 Jan,REGULATORY FRAMEWORK FOR THE USE OF ARTIFICIAL INTELLIGENCE IN EUROPEAN HIGHER EDUCATION,,Juridicas Cuc,,Article,Tabacu A.E.,"National University of Science and Technology POLITEHNICA Bucharest, Bucharest, Romania",10.17981/juridcuc.21.1.2025.07,2-s2.0-105022622735,1,Q2,Q2
2-s2.0-105023997413,2025,2025 Jan,Information extraction framework for spanish notarized documents using end-to-end data,,Artificial Intelligence and Law,,Article,Villa-García P.A.,"Universidad Politécnica de Madrid, Madrid, Spain",10.1007/s10506-025-09496-0,2-s2.0-105023997413,0,Q1,Q1
2-s2.0-105005746150,2025,2025 Jan,From European Standards to Responsible Use of AI in Clinical Practice,,European Journal of Health Law,,Article,Jessen R.,"Universiteit van Amsterdam, Amsterdam, Netherlands",10.1163/15718093-bja10143,2-s2.0-105005746150,6,Q2,Q2
2-s2.0-105026356796,2025,2025 Jan,The manufacturer´s liability in the age of industrialized construction,,Indret,,Article,Abad P.P.C.,"Universidad de Zaragoza, Zaragoza, Spain",10.31009/InDret.2025.i3.05,2-s2.0-105026356796,0,Q2,Q2
2-s2.0-105014780936,2025,2025 Jan,Artificial Intelligence in Education (AIED): Towards More Effective Regulation,,European Journal of Risk Regulation,,Article,Colonna L.,"Stockholms universitet, Stockholm, Sweden",10.1017/err.2025.10039,2-s2.0-105014780936,0,Q1,Q1
2-s2.0-105027837730,2025,2025 Jan,Weight of gender in artificial intelligence models’ implementation in the European Union non-discrimination laws,,Law Ethics and Technology,,Article,Albrengues A.,"King's College London, London, United Kingdom",10.55092/let20250007,2-s2.0-105027837730,0,Q2,Q2
2-s2.0-105022514050,2025,2025 Jan,Deconstructing ‘Responsible AI’: An Examination of Legal and Ethical Accountability Through Virtue Jurisprudence,,International Journal for the Semiotics of Law,,Article,Zhou S.,"The University of Hong Kong, Hong Kong, Hong Kong",10.1007/s11196-025-10388-4,2-s2.0-105022514050,0,Q2,Q2
2-s2.0-105026726615,2025,2025 Jan,Testing the Frontier: Generative AI in Legal Education and Beyond,,Law Technology and Humans,,Article,Hyde-Vaamonde C.,"King's College London, London, United Kingdom",10.5204/lthj.4037,2-s2.0-105026726615,0,Q2,Q2
2-s2.0-105003839845,2025,2025 Jan,Bias in Adjudication and the Promise of AI: Challenges to Procedural Fairness,,Law Technology and Humans,,Article,Peluso Lopes G.,"Tilburg Institute for Law, Technology, and Society, Tilburg, Netherlands",10.5204/lthj.3812,2-s2.0-105003839845,3,Q2,Q2
2-s2.0-105015307206,2025,2025 Jan,Beyond black boxes and biases: advancing artificial intelligence in sentencing,,Current Issues in Criminal Justice,,Article,Alimardani A.,"University of Wollongong, Wollongong, Australia",10.1080/10345329.2025.2527994,2-s2.0-105015307206,0,Q1,Q1
2-s2.0-86000470873,2025,2025 Jan,Legal responsibility for errors caused by artificial intelligence (AI) in the public sector,,International Journal of Law and Management,,Article,Al-Dulaimi A.O.M.,"University of Anbar, Ramadi, Iraq",10.1108/IJLMA-08-2024-0295,2-s2.0-86000470873,11,Q1,Q1
2-s2.0-85184178384,2025,2025 Jan,Copyright Protection for AI-Generated Works: Exploring Originality and Ownership in a Digital Landscape,,Asian Journal of International Law,,Article,Gaffar H.,"Sultan Qaboos University, Muscat, Oman",10.1017/S2044251323000735,2-s2.0-85184178384,51,Q2,Q2
2-s2.0-105003768198,2025,2025 Jan,Make privacy policies longer and appoint LLM readers,,Artificial Intelligence and Law,,Article,Pałka P.,"Alma Mater Studiorum Università di Bologna, Bologna, Italy",10.1007/s10506-025-09442-0,2-s2.0-105003768198,3,Q1,Q1
2-s2.0-105024811060,2025,2025 Jan,Preventive legal technology for micro-entities: improving access to justice in commercial contract analysis,,International Review of Law Computers and Technology,,Article,Weinstein S.,"Universitetet i Oslo, Oslo, Norway",10.1080/13600869.2025.2602106,2-s2.0-105024811060,0,Q1,Q1
2-s2.0-105003925535,2025,2025 Jan,The Use of Artificial Intelligence in Arbitration: Friends with Benefits,,Vniversitas,,Article,Acero G.D.F.,"Universidad Católica de Colombia, Bogota, Colombia",10.11144/Javeriana.vj74.uaia,2-s2.0-105003925535,1,Q2,Q2
2-s2.0-105027985428,2025,2025 Jan,"Legal aspects of electronic agents: smart contract, algorithmic personhood, and computational logic",,Rivista Italiana Di Informatica E Diritto,,Article,Fontana G.,"Universitas Mercatorum, Rome, Italy",10.32091/RIID0235,2-s2.0-105027985428,0,Q2,Q2
2-s2.0-105009890797,2025,2025 Jan,Automating IRAC Analysis in Malaysian Contract Law using a Semi-Structured Knowledge Base,,Artificial Intelligence and Law,,Article,Kang X.,"Monash University, Melbourne, Australia",10.1007/s10506-025-09467-5,2-s2.0-105009890797,2,Q1,Q1
2-s2.0-105018928452,2025,2025 Jan,AI Guidelines in International Arbitration: Revolutionary or Cautionary? A Comparative Analysis,,Journal of International Arbitration,,Article,Perera D.,"HFW, Singapore City, Singapore",10.54648/joia2025041,2-s2.0-105018928452,0,Q2,Q2
2-s2.0-105006682635,2025,2025 Jan,"Interoperability in the area of freedom, security, and justice and the new Artificial Intelligence act: First insights into the multiple identity detection procedure.",,Indret,,Article,Tassinari F.,"Universidad del Pais Vasco, Leioa, Spain",10.31009/InDret.2025.i2.08,2-s2.0-105006682635,0,Q2,Q2
2-s2.0-105009127986,2025,2025 Jan,"Augusto Cerri, Artificial intelligence and law: further reflections",,Diritto Pubblico,,Article,Cerri A.,"Sapienza Università di Roma, Rome, Italy",10.1438/117048,2-s2.0-105009127986,0,Q1,Q1
2-s2.0-105023073786,2025,2025 Jan,"Alignment Problem as Cultural and Legal Challenge: Artificial Intelligence, Interpretability, and Searching for Sense",,Studia Iuridica Lublinensia,,Article,Kasprowicz K.,"Uniwersytet Marii Curie-Sklodowskiej w Lublinie, Lublin, Poland",10.17951/sil.2025.34.2.441-479,2-s2.0-105023073786,0,Q2,Q2
2-s2.0-105012898671,2025,2025 Jan,Reformulations to the Theory of Human and Fundamental Rights based on Artificial Intelligence,,Via Inveniendi Et Iudicandi,,Article,Hernández García J.J.,"Universidad de la Costa, Barranquilla, Colombia",10.15332/19090528.11113,2-s2.0-105012898671,1,Q1,Q1
2-s2.0-105008313665,2025,2025 Jan,Rethinking How Laws Are Made: Indonesia’s Legal Method Dilemma,,Journal of Sustainable Development and Regulatory Issues,,Article,Al-Fatih S.,"Universitas Muhammadiyah Malang, Malang, Indonesia",10.53955/jsderi.v3i2.32,2-s2.0-105008313665,6,Q2,Q2
2-s2.0-105027121681,2025,2025 Jan,Legal personality and Artificial Intelligence. Bases of impossible assimilations.,,Indret,,Article,Escolar M.P.,"Universidad de Valladolid, Valladolid, Spain",10.31009/InDret.2025.i3.02,2-s2.0-105027121681,0,Q2,Q2
2-s2.0-105024573910,2025,2025 Jan,Carefully Tailored: Doctrinal Methods and Empirical Contributions,,Oxford Journal of Legal Studies,,Article,Theil S.,"University of Cambridge, Cambridge, United Kingdom",10.1093/ojls/gqaf029,2-s2.0-105024573910,6,Q2,Q2
2-s2.0-105017038681,2025,2025 Jan,Digital Monsters: Reconciling AI Narratives as Investigations of Legal Personhood for Artificial Intelligence,,Law Technology and Humans,,Article,Edwards Q.,"University of the Sunshine Coast, Sippy Downs, Australia",10.5204/lthj.3856,2-s2.0-105017038681,0,Q2,Q2
2-s2.0-86000470254,2025,2025 Jan,Artificial intelligence and Islamic finance industry: problems and oversight,,International Journal of Law and Management,,Article,Arsyad I.,"Universitas Sebelas Maret, Surakarta, Indonesia",10.1108/IJLMA-07-2024-0236,2-s2.0-86000470254,10,Q1,Q1
2-s2.0-105015848569,2025,2025 Jan,The role of explainability and human intervention in AI decisions: jurisdictional and regulatory aspects,,Information and Communications Technology Law,,Article,Rajendra J.B.,"Taylor's University Malaysia, Subang Jaya, Malaysia",10.1080/13600834.2025.2537514,2-s2.0-105015848569,4,Q1,Q1
2-s2.0-85207068645,2025,2025 Jan,Regulating algorithmic care in the European Union: evolving doctor–patient models through the Artificial Intelligence Act (AI-Act) and the liability directives,,Medical Law Review,,Article,Solaiman B.,"Weill Cornell Medicine-Qatar, Doha, Qatar",10.1093/medlaw/fwae033,2-s2.0-85207068645,27,Q1,Q1
2-s2.0-105008073242,2025,2025 Jan,A Practical Guide and Case Study on How to Instruct LLMs for Automated Coding During Content Analysis,,Social Science Computer Review,,Article,Farjam M.,"Universität Hamburg, Hamburg, Germany",10.1177/08944393251349541,2-s2.0-105008073242,4,Q1,Q1
2-s2.0-105007337818,2025,2025 Jan,Regulating the use of artificial intelligence in the doctor-patient relationship? A primer on supranational and national legal frameworks,,Biolaw Journal,,Article,Fasan M.,"Università di Trento, Trento, Italy",10.15168/2284-4503-3473,2-s2.0-105007337818,2,Q2,Q2
2-s2.0-105016046936,2025,2025 Jan,Grappling with Judicial Discretion in Complex Times,,Journal of Law Medicine and Ethics,,Review,Weber S.B.,"Morehouse School of Medicine, Atlanta, United States",10.1017/jme.2025.10152,2-s2.0-105016046936,0,Q2,Q2
2-s2.0-105016170273,2025,2025 Jan,Considering religious moderation in Islamic law through AI ChatGPT and Bahsul Masail of Nahdlatul Ulama,,Law Innovation and Technology,,Article,Faizin N.,"Universitas Negeri Malang, Malang, Indonesia",10.1080/17579961.2025.2469351,2-s2.0-105016170273,4,Q1,Q1
2-s2.0-105010713443,2025,2025 Jan,Regulating AI for a truthful tomorrow: addressing disinformation in the EU Artificial Intelligence Act,,International Journal of Law and Information Technology,,Article,Mesarčík M.,"Univerzita Komenského v Bratislave, Bratislava, Slovakia",10.1093/ijlit/eaaf014,2-s2.0-105010713443,3,Q1,Q1
2-s2.0-105008384581,2025,2025 Jan,Political-electoral rights in Mexico in the face of the challenges of Artificial Intelligence,,Revista De Derecho Politico,,Article,Cortés I.E.D.,"Università degli Studi della Campania Luigi Vanvitelli, Naples, Italy",10.5944/rdp.123.2025.45516,2-s2.0-105008384581,0,Q1,Q1
2-s2.0-105012861772,2025,2025 Jan,"Narratives, Frontier Technologies, and the Law (Part II): Towards a Feminist Turn in Law and Technology",,Law Technology and Humans,,Review,Ishak S.B.,"Universiteit Maastricht, Maastricht, Netherlands",10.5204/lthj.4126,2-s2.0-105012861772,0,Q2,Q2
2-s2.0-105023106782,2025,2025 Jan,Challenges and Opportunities for Visual Analytics in Jurisprudence,,Artificial Intelligence and Law,,Article,Fürst D.,"ETH Zürich, Zurich, Switzerland",10.1007/s10506-025-09494-2,2-s2.0-105023106782,0,Q1,Q1
2-s2.0-105011162374,2025,2025 Jan,Multiplicity as an AI Governance Principle,,Indiana Law Journal,,Article,Shur-Ofry M.,"Hebrew University of Jerusalem, Jerusalem, Israel",,2-s2.0-105011162374,1,Q2,Q2
2-s2.0-105007040486,2025,2025 Jan,Enhancing creativity and innovation through the protection of AI-generated works: an analysis of international legal systems and lessons for Africa,,International Review of Law Computers and Technology,,Article,Tsebee D.,"Tech Hive Advisory, Lagos, Nigeria",10.1080/13600869.2025.2506923,2-s2.0-105007040486,0,Q1,Q1
2-s2.0-105027838770,2025,2025 Jan,Enhancing data protection in AI-driven investment and robo-advisory services: a comparative analysis of EU and China regulatory approaches,,Law Ethics and Technology,,Article,Liang G.,"King's College London, London, United Kingdom",10.55092/let20250002,2-s2.0-105027838770,0,Q2,Q2
2-s2.0-85219032508,2025,2025 Jan,Administrative decision-making and artificial intelligence,,Federalismi It,,Article,Di San Luca D.G.C.,"Università degli Studi della Campania Luigi Vanvitelli, Naples, Italy",,2-s2.0-85219032508,0,Q2,Q2
2-s2.0-105012148278,2025,2025 Jan,ARTIFICIAL INTELLIGENCE AND CRIMINAL PROCEEDINGS; SPECIAL REFERENCE TO PRECAUTIONARY MEASURES,,Teoria Y Derecho,,Article,Planchadell Gargallo A.,"Universidad Jaume I, Castellon de la Plana, Spain",10.36151/TD.2024.110,2-s2.0-105012148278,0,Q1,Q1
2-s2.0-105011669141,2025,2025 Jan,The Mirage of Artificial Intelligence Terms of Use Restrictions,,Indiana Law Journal,,Article,Henderson P.,"School of Engineering and Applied Science, Princeton, United States",,2-s2.0-105011669141,0,Q2,Q2
2-s2.0-105009623727,2025,2025 Jan,Artificial Intelligence in the Digital Economy: Multilateral and Regional Legal Challenges from the Perspective of the Indo-Pacific,,Journal of World Investment and Trade,,Article,Neuwirth R.J.,"University of Macau, Taipa, Macao",10.1163/22119000-12340374,2-s2.0-105009623727,1,Q1,Q1
2-s2.0-105012394121,2025,2025 Jan,DIGITALISATION AND ARTIFICIAL INTELLIGENCE IN INSURANCE: MANIFESTATIONS AND LEGAL FRAMEWORK,,Teoria Y Derecho,,Article,Paredes M.L.M.,"Universidad de Oviedo, Oviedo, Spain",10.36151/TD.2024.107,2-s2.0-105012394121,0,Q1,Q1
2-s2.0-105024690346,2025,2025 Jan,‘Making the office a global technological leader’: digital evidence and technological innovation at the ICC,,International Journal of Human Rights,,Article,Dalar M.,"Eskişehir Osmangazi Üniversitesi, Eskisehir, Turkey",10.1080/13642987.2025.2602138,2-s2.0-105024690346,0,Q1,Q1
2-s2.0-105025411289,2025,2025 Jan,Integrating artificial intelligence (AI) into corporate insolvency mechanism in India: a new era of resolution,,International Journal of Law and Management,,Article,Panda B.N.P.,"XIM University, Harirajpur, India",10.1108/IJLMA-09-2025-0388,2-s2.0-105025411289,1,Q1,Q1
2-s2.0-105006823916,2025,2025 Jan,RANDOM THOUGHTS ON THE SUBJECT OF ARTIFICIAL INTELLIGENCE AND HEALTH DATA,,Biolaw Journal,,Article,Mattace G.,"Università di Parma, Parma, Italy",10.15168/2284-4503-3474,2-s2.0-105006823916,0,Q2,Q2
2-s2.0-105010708727,2025,2025 Jan,Technology Neutrality as a Way to Future-Proof Regulation: The Case of the Artificial Intelligence Act,,European Journal of Risk Regulation,,Article,Ojanen A.,"Turun yliopisto, Turku, Finland",10.1017/err.2025.10024,2-s2.0-105010708727,4,Q1,Q1
2-s2.0-105017067336,2025,2025 Jan,Governance risks and benefit measurement norms of medical artificial intelligence,,Chinese Medical Ethics,,Article,Pan Y.,"Anhui Medical University, Hefei, China",10.12026/j.issn.1001-8565.2025.09.02,2-s2.0-105017067336,0,Q2,Q2
2-s2.0-105017814303,2025,2025 Jan,Preparing Students for Legal Research on the NextGen UBE Bar Exam,,Law Library Journal,,Article,Johnson A.G.,"Mercer University College of Pharmacy, Mercer, United States",,2-s2.0-105017814303,0,Q2,Q2
2-s2.0-85197371772,2025,2025 Jan,"Programming utopia: artificial intelligence, judgement, and the prospect of jurisgenesis",,Law and Humanities,,Article,Ellrod B.M.,"Wake Forest University, Winston Salem, United States",10.1080/17521483.2024.2366090,2-s2.0-85197371772,0,Q2,Q2
2-s2.0-105005842348,2025,2025 Jan,"Robot Prosecutors and the Future of Criminal Justice in Indonesia: Innovation, Ethics, and Legal Implications",,Padjadjaran Jurnal Ilmu Hukum,,Article,Anggraeny K.D.,"Universitas Ahmad Dahlan, Yogyakarta, Indonesia",10.22304/pjih.v12n1.a2,2-s2.0-105005842348,1,Q2,Q2
2-s2.0-105011736059,2025,2025 Jan,Artificial Intelligence and Illicit Drugs: A World of Possibilities,,Deviant Behavior,,Article,Weisheit R.A.,"Illinois State University, Chicago, United States",10.1080/01639625.2025.2537441,2-s2.0-105011736059,1,Q1,Q1
2-s2.0-105030714355,2025,2025 Jan,FROM THE AI ACT TO A EUROPEAN AI AGENCY: COMPLETING THE UNION’S REGULATORY ARCHITECTURE,,Croatian Yearbook of European Law and Policy,,Article,Pavlidis G.,"Neapolis University Pafos, Paphos, Cyprus",10.3935/cyelp.21.2025.610,2-s2.0-105030714355,1,Q2,Q2
2-s2.0-105010302450,2025,2025 Jan,Transparency of the public administration: discussion and analysis from the perspective of artificial intelligence,,Revista De Derecho Administrativo Economico,,Article,Romero L.F.,"Universidad Central de Chile, Santiago, Chile",10.7764/redad.41.8,2-s2.0-105010302450,0,Q2,Q2
2-s2.0-105021415161,2025,2025 Jan,"Cost–benefit analysis of deploying shallow, deep learning and generative models for legal text classification",,Artificial Intelligence and Law,,Article,O’Connell E.,"Ulster University, Coleraine, United Kingdom",10.1007/s10506-025-09484-4,2-s2.0-105021415161,0,Q1,Q1
2-s2.0-85217942048,2025,2025 Jan,THE CHALLENGES OF HUMAN RIGHTS IN THE ERA OF ARTIFICIAL INTELLIGENCE,,Uum Journal of Legal Studies,,Article,Ahmad N.,"Universiti Islam Sultan Sharif Ali, Bandar Seri Begawan, Brunei Darussalam",10.32890/uumjls2025.16.1.9,2-s2.0-85217942048,15,Q2,Q2
2-s2.0-105029660078,2025,2025 Jan,Disclosure Puzzles in Patent Law,,University of Chicago Law Review,,Article,Masur J.S.,"Stanford Law School, Stanford, United States",,2-s2.0-105029660078,0,Q1,Q1
2-s2.0-105001981071,2025,2025 Jan,Technical Challenges of Rightsholders’ Opt-out From Gen AI Training after Robert Kneschke v. LAION,,Journal of Intellectual Property Information Technology and E Commerce Law,,Article,Havlikova S.,"Masaryk University, Brno, Czech Republic",,2-s2.0-105001981071,1,Q2,Q2
2-s2.0-85219080459,2025,2025 Jan,ARTIFICIAL INTELLIGENCE IN CORPORATE GOVERNANCE,,Corporate Law and Governance Review,,Article,Ustahaliloğlu M.K.,"Osmaniye Korkut Ata University, Osmaniye, Turkey",10.22495/clgrv7i1p11,2-s2.0-85219080459,8,Q2,Q2
2-s2.0-105035093437,2025,2025 Jan,ARTIFICIAL INCOMPETENCE? UNPACKING AI’S SHORTCOMINGS IN CONTRACT DRAFTING AND NEGOTIATION,,Southern California Law Review,,Article,Snell C.,"USC Gould School of Law, Los Angeles, United States",,2-s2.0-105035093437,0,Q1,Q1
2-s2.0-105009626742,2025,2025 Jan,A method of legal judgment prediction via prompt learning and charge keywords fusion,,Artificial Intelligence and Law,,Article,Li J.,"Xiangtan University, Xiangtan, China",10.1007/s10506-025-09469-3,2-s2.0-105009626742,1,Q1,Q1
2-s2.0-105024329450,2025,2025 Jan,AI and Legal Labels: How Algorithms Shape Criminal Justice,,International Journal for the Semiotics of Law,,Article,Shekhawat V.,"Manipal University Jaipur, Jaipur, India",10.1007/s11196-025-10405-6,2-s2.0-105024329450,0,Q2,Q2
2-s2.0-105023113825,2025,2025 Jan,The Role of Artificial Intelligence in the Regulation of Financial Liabilities in International Law,,Studia Iuridica Lublinensia,,Article,Huseynov I.,"ADA University, Baku, Azerbaijan",10.17951/sil.2025.34.2.407-417,2-s2.0-105023113825,0,Q2,Q2
2-s2.0-105015099529,2025,2025 Jan,"Principles of digital government, ethical framework for artificial intelligence, and administrative function in Colombia",,Pro Jure Revista De Derecho,,Article,Poveda M.C.,"Universidad Católica de Colombia, Bogota, Colombia",10.4151/SO2810-76592025064-1458,2-s2.0-105015099529,0,Q1,Q1
2-s2.0-105005736498,2025,2025 Jan,Human Rights and Artificial Intelligence in Healthcare-Related Settings: A Grammar of Human Rights Approach,,European Journal of Health Law,,Article,Molbæk-Steensig H.,"University of Oxford, Oxford, United Kingdom",10.1163/15718093-bja10146,2-s2.0-105005736498,2,Q2,Q2
2-s2.0-85219106141,2025,2025 Jan,THE EU AI ACT: BETWEEN THE ROCK OF PRODUCT SAFETY AND THE HARD PLACE OF FUNDAMENTAL RIGHTS,,Common Market Law Review,,Article,Almada M.,"University of Luxembourg, Esch-sur-Alzette, Luxembourg",10.54648/cola2025004,2-s2.0-85219106141,31,Q1,Q1
2-s2.0-105001941968,2025,2025 Jan,The Promise and Perils of China's Regulation of Artificial Intelligence,,Columbia Journal of Transnational Law,,Article,Zhang A.H.,"USC Gould School of Law, Los Angeles, United States",,2-s2.0-105001941968,9,Q2,Q2
2-s2.0-105014259815,2025,2025 Jan,Regulatory coordination problems in countering political and commercial disinformation,,Federalismi It,,Article,Di Rossi E.A.,"Università degli Studi di Urbino Carlo Bo, Urbino, Italy",,2-s2.0-105014259815,0,Q2,Q2
2-s2.0-105023968820,2025,2025 Jan,"Dawn of a new information frontier? Artificial intelligence, the Aarhus Convention, and the right of access to environmental information",,Law Innovation and Technology,,Article,Whittaker S.,"University of Otago, Dunedin, New Zealand",10.1080/17579961.2025.2593768,2-s2.0-105023968820,0,Q1,Q1
2-s2.0-105022853324,2025,2025 Jan,"AI, copyright, and business: navigating global legal challenges in the era of generative content and digital replicas",,International Review of Law Computers and Technology,,Article,Kalyvaki M.,"Cleveland State University, Cleveland, United States",10.1080/13600869.2025.2590795,2-s2.0-105022853324,0,Q1,Q1
2-s2.0-105022091012,2025,2025 Jan,The Possibility of Using Artificial Intelligence in the Process of Composite Sketching,,Studia Iuridica Lublinensia,,Article,Kagan K.,"Uniwersytet Marii Curie-Sklodowskiej w Lublinie, Lublin, Poland",10.17951/sil.2025.34.2.419-439,2-s2.0-105022091012,0,Q2,Q2
2-s2.0-105029352016,2025,2025 Jan,LLMs as media technology: implications under article 10 ECHR,,International Journal of Law and Information Technology,,Article,Bouché G.,,10.1093/ijlit/eaaf027,2-s2.0-105029352016,1,Q1,Q1
2-s2.0-105023153441,2025,2025 Jan,Ai evidence in criminal proceedings in China: challenges and solutions,,Asia Pacific Law Review,,Article,Wang C.,"China University of Political Science and Law, Beijing, China",10.1080/10192557.2025.2583310,2-s2.0-105023153441,0,Q1,Q1
2-s2.0-105025145946,2025,2025 Jan,Can AI tools enhance access to remedies as envisaged under the UN guiding principles on business and human rights: yay or nay? A critical assessment,,International Review of Law Computers and Technology,,Article,Hoekstra J.,"The University of Edinburgh, Edinburgh, United Kingdom",10.1080/13600869.2025.2602109,2-s2.0-105025145946,0,Q1,Q1
2-s2.0-105012379696,2025,2025 Jan,"LABOUR LAW, ARTIFICIAL INTELLIGENCE AND THE PROTECTION OF PERSONS",,Teoria Y Derecho,,Article,Rodríguez-Piñero Royo M.,"Universidad de Sevilla, Sevilla, Spain",10.36151/TD.2024.108,2-s2.0-105012379696,0,Q1,Q1
2-s2.0-85219092892,2025,2025 Jan,LEXOPTIMA: THE PROMISE OF AI-ENA LED LEGAL SYSTEMS,,University of Toronto Law Journal,,Article,Becher S.,"University of Toronto, Toronto, Canada",10.3138/utlj-2024-0002,2-s2.0-85219092892,3,Q2,Q2
2-s2.0-105004324384,2025,2025 Jan,How should an explanation be? A mapping of technical and legal desiderata of explanations for machine learning models,,International Review of Law Computers and Technology,,Article,Bringas Colmenarejo A.,"Università di Pisa, Pisa, Italy",10.1080/13600869.2025.2497633,2-s2.0-105004324384,0,Q1,Q1
2-s2.0-105024348048,2025,2025 Jan,Between Human and Machine: A Dual Translational Approach to Qur’anic Legal Terminologies and Semantics,,International Journal for the Semiotics of Law,,Article,Hassanein H.S.A.,"Prince Sattam Bin Abdulaziz University, Al Kharj, Saudi Arabia",10.1007/s11196-025-10399-1,2-s2.0-105024348048,0,Q2,Q2
2-s2.0-105018501922,2025,2025 Jan,The Role of Artificial Intelligence in Optimising the Use of Islamic Shari’ah in Achieving Transparency to Combat Corruption in Government Contracts in Iraq,,Manchester Journal of Transnational Islamic Law and Practice,,Article,Alwassiti G.,"Tarbiat Modares University, Tehran, Iran",,2-s2.0-105018501922,0,Q2,Q2
2-s2.0-105015165161,2025,2025 Jan,The five-fold paths for cultivating medical students’professional faith under the background of artificial intelligence,,Chinese Medical Ethics,,Article,Liu D.,"Xi'an Medical University, Xi'an, China",10.12026/j.issn.1001-8565.2025.08.14,2-s2.0-105015165161,0,Q2,Q2
2-s2.0-105004307989,2025,2025 Jan,"Bias in AI (Supported) Decision Making: Old Problems, New Technologies",,International Journal for Court Administration,,Article,Krištofík A.,"Masaryk University, Brno, Czech Republic",10.36745/ijca.598,2-s2.0-105004307989,4,Q1,Q1
2-s2.0-85197559327,2025,2025 Jan,"‘AI is not an Inventor’: Thaler v Comptroller of Patents, Designs and Trademarks and the Patentability of AI Inventions",,Modern Law Review,,Article,Matulionyte R.,,10.1111/1468-2230.12907,2-s2.0-85197559327,1,Q1,Q1
2-s2.0-105000264635,2025,2025 Jan,A new era of public procurement: critical issues of procuring artificial intelligence systems to produce public services,,International Journal of Law and Management,,Article,Aboelazm K.S.,"University of Sharjah, Sharjah, United Arab Emirates",10.1108/IJLMA-06-2024-0208,2-s2.0-105000264635,10,Q1,Q1
2-s2.0-105024106252,2025,2025 Jan,Human Right to Work and Humanlike AI at Work: Technological Unemployment as a Legal and Ethical Issue,,Studia Iuridica Lublinensia,,Article,Campa R.,"Uniwersytet Jagielloński, Krakow, Poland",10.17951/sil.2025.34.2.375-394,2-s2.0-105024106252,0,Q2,Q2
2-s2.0-105027886847,2025,2025 Jan,"Ethical, legal, and governance dimensions of responsible research and innovation: global perspectives and challenges in emerging technologies",,Law Ethics and Technology,,Article,Levy H.V.,"HVL Legal and Strategic Advisory, Ra'anana, Israel",10.55092/let20250012,2-s2.0-105027886847,4,Q2,Q2
2-s2.0-105025652105,2025,2025 Jan,"Emerging Voices, Shared Frameworks: Student-Led AI Legal Reflections Within Indo-Russian Student Panel “Navigating the Legal Challenges of Artificial Intelligence in the Digital Age: Ethics and Regulations”",,Brics Law Journal,,Review,Zorina A.,"University of Tyumen, Tyumen, Russian Federation",10.21684/2412-2343-2025-12-3-200-209,2-s2.0-105025652105,0,Q2,Q2
2-s2.0-105015215423,2025,2025 Jan,The construction of a hierarchical and classified science and technology ethics governance system，international experience and China’s strategies,,Chinese Medical Ethics,,Article,Zhao X.,"Shanghai Academy of Social Sciences, Shanghai, China",10.12026/j.issn.1001-8565.2025.08.01,2-s2.0-105015215423,1,Q2,Q2
2-s2.0-85218695716,2025,2025 Jan,LegItBART: a summarization model for Italian legal documents,,Artificial Intelligence and Law,,Article,Benedetto I.,"Politecnico di Torino, Turin, Italy",10.1007/s10506-025-09436-y,2-s2.0-85218695716,8,Q1,Q1
2-s2.0-105004289923,2025,2025 Jan,Lessons from China’s Smart Court Reform,,International Journal for Court Administration,,Article,Reiling D.,,10.36745/ijca.679,2-s2.0-105004289923,2,Q1,Q1
2-s2.0-105012597393,2025,2025 Jan,On Regulating Downstream AI Developers,,European Journal of Risk Regulation,,Article,Williams S.,"Centre for the Governance of AI, Oxford, United Kingdom",10.1017/err.2025.10020,2-s2.0-105012597393,1,Q1,Q1
2-s2.0-105004172415,2025,2025 Jan,"NEW TECHNOLOGIES, NEW BUSINESS MODELS AND THE LEGAL SERVICES MARKET IN LATIN AMERICAN REGION",,Revista Direito Gv,,Article,Faim K.B.,"Fundacao Getulio Vargas, Rio de Janeiro, Brazil",10.1590/2317-6172202507,2-s2.0-105004172415,0,Q2,Q2
2-s2.0-105015342185,2025,2025 Jan,AI in healthcare: Regulatory guidelines and judge-made negligence principles for AI implementers,,Medical Law International,,Article,Chan G.K.Y.,"Singapore Management University, Singapore City, Singapore",10.1177/09685332251362405,2-s2.0-105015342185,1,Q2,Q2
2-s2.0-105029693818,2025,2025 Jan,Gaps in criminal liability arising from machines equipped with artificial intelligence,,Politica Criminal,,Article,Navarro-Dolmestch R.,"Universidade da Coruña, A Coruna, Spain",10.4067/s0718-33992025000200077,2-s2.0-105029693818,0,Q1,Q1
2-s2.0-105016629119,2025,2025 Jan,Human-Centric AI Governance: An Adaptive Public International Law Framework for Ethical and Inclusive AI Regulation in Public Health,,Journal of Law Medicine and Ethics,,Article,Sedeeq F.S.,"Yakın Doğu Üniversitesi, Nicosia, Cyprus",10.1017/jme.2025.10175,2-s2.0-105016629119,5,Q2,Q2
2-s2.0-85213738885,2025,2025 Jan,Speech Certainty: Algorithmic Speech and the Limits of the First Amendment,,Stanford Law Review,,Article,Austin M.,,,2-s2.0-85213738885,3,Q1,Q1
2-s2.0-105011946857,2025,2025 Jan,Automation Bias in the AI Act: On the Legal Implications of Attempting to De-Bias Human Oversight of AI,,European Journal of Risk Regulation,,Article,Laux J.,"Oxford Social Sciences Division, Oxford, United Kingdom",10.1017/err.2025.10033,2-s2.0-105011946857,3,Q1,Q1
2-s2.0-105023692269,2025,2025 Jan,Beyond relationalism: distinguishing moral and legal personhood after Jecker and Atuire,,Journal of Medical Ethics,,Article,Sakr J.,"Prince Sultan University, Riyadh, Saudi Arabia",10.1136/jme-2025-111520,2-s2.0-105023692269,1,Q1,Q1
2-s2.0-105015857575,2025,2025 Jan,Algorithmic authoritarianism: Artificial intelligence's threat to privacy and freedom in the global south,,Information and Communications Technology Law,,Article,Balarabe K.,"O.P. Jindal Global University, Sonipat, India",10.1080/13600834.2025.2541124,2-s2.0-105015857575,2,Q1,Q1
2-s2.0-105010051876,2025,2025 Jan,Non-computable law: revolutionizing AI to address the hard problems of computational law,,International Journal of Law and Information Technology,,Article,Dehnavi E.,"Shiraz University, Shiraz, Iran",10.1093/ijlit/eaaf013,2-s2.0-105010051876,0,Q1,Q1
2-s2.0-105012973118,2025,2025 Jan,Using GPT-4o as a factor extractor for Brazilian consumer law judgments*,,Artificial Intelligence and Law,,Article,Pereira L.d.C.R.,"Universidade Federal de Santa Catarina, Florianopolis, Brazil",10.1007/s10506-025-09466-6,2-s2.0-105012973118,1,Q1,Q1
2-s2.0-105027874683,2025,2025 Jan,"Revisiting patent law paradigms: legal, economic, and ethical implications of AI-driven inventions in the biosciences: introducing the universal model of augmented invention",,Law Ethics and Technology,,Article,Levy H.V.,"HVL Legal & Life Sciences Strategic Advisory, Ra'anana, Israel",10.55092/let20250006,2-s2.0-105027874683,1,Q2,Q2
2-s2.0-105025714796,2025,2025 Jan,The Impact of Digitalisation on the Development of the Law of the Sea,,International Journal of Marine and Coastal Law,,Article,Zou K.,"Dalian Maritime University, Dalian, China",10.1163/15718085-bja10257,2-s2.0-105025714796,0,Q1,Q1
2-s2.0-105010726057,2025,2025 Jan,Proliferation of e-Evidence: Reliability Standards and the Right to a Fair Trial,,European Journal of Crime Criminal Law and Criminal Justice,,Article,Okunrobo Perez S.,"Institut Europeacute;en d'Administration Publique, Maastricht, Netherlands",10.1163/15718174-bja10070,2-s2.0-105010726057,1,Q2,Q2
2-s2.0-105025171037,2025,2025 Jan,Does AI in Healthcare Need an Editor-in-Chief? A Leading Example of True Human Oversight,,European Journal of Health Law,,Article,Goffin T.,"Universiteit Ghent, Faculteit Geneeskunde en Gezondheidswetenschappen, Ghent, Belgium",10.1163/15718093-12423581,2-s2.0-105025171037,0,Q2,Q2
2-s2.0-105024088502,2025,2025 Jan,The price of automated case law annotation: comparing the cost and performance of GPT-4o and student annotators,,Artificial Intelligence and Law,,Article,Schepers I.,"Rijksuniversiteit Groningen, Groningen, Netherlands",10.1007/s10506-025-09495-1,2-s2.0-105024088502,0,Q1,Q1
2-s2.0-105001519439,2025,2025 Jan,"AI at Risk in the EU: It's Not Regulation, It's Implementation",,European Journal of Risk Regulation,,Article,Arnal J.,"Centre for European Policy Studies, Brussels, Belgium",10.1017/err.2025.19,2-s2.0-105001519439,8,Q1,Q1
2-s2.0-105017031415,2025,2025 Jan,Ethical risks and avoidance approaches of artificial intelligence-generated content technology in achieving the“resurrection”of the deceased,,Chinese Medical Ethics,,Article,Zhao K.,"Shanxi Medical University, Taiyuan, China",10.12026/j.issn.1001-8565.2025.09.11,2-s2.0-105017031415,0,Q2,Q2
2-s2.0-105003828971,2025,2025 Jan,Forgotten Boundaries in Law: On AI and Neurotechnology,,Law Technology and Humans,,Article,Deibel T.,"University College Dublin, Dublin, Ireland",10.5204/lthj.3814,2-s2.0-105003828971,0,Q2,Q2
2-s2.0-105029694010,2025,2025 Jan,AI and gender-based violence: the automation of risk assessment,,Politica Criminal,,Article,Coddou Mc Manus A.,"Pontificia Universidad Católica de Chile, Santiago, Chile",10.4067/s0718-33992025000200346,2-s2.0-105029694010,0,Q1,Q1
2-s2.0-105000340409,2025,2025 Jan,Legislating for the Future,,University of Chicago Law Review,,Article,Gould J.S.,"University of California, Berkeley, Berkeley, United States",,2-s2.0-105000340409,0,Q1,Q1
2-s2.0-105000947986,2025,2025 Jan,Criminal investigation and digital technologies: some considerations on predictive policing and the admissibility of digital evidence,,Revista Brasileira De Direito Processual Penal,,Article,Cavalcante Vieira A.B.,"Universidade Federal de Alagoas, Maceio, Brazil",10.22197/rbdpp.v11i1.1072,2-s2.0-105000947986,0,Q2,Q2
2-s2.0-105022717747,2025,2025 Jan,Applying Precautions in Target Verification with AI Decision Support Systems,,Israel Law Review,,Article,Wolf R.,"The University of Queensland, Brisbane, Australia",10.1017/S0021223725100071,2-s2.0-105022717747,1,Q1,Q1
2-s2.0-105005422967,2025,2025 Jan,Reasonable AI: A Negligence Standard,,Vanderbilt Law Review,,Article,Diamantis M.E.,"University of Iowa College of Law, Iowa City, United States",,2-s2.0-105005422967,2,Q1,Q1
2-s2.0-105025368415,2025,2025 Jan,"Public access, privatisation, and the architecture of digital justice",,International Review of Law Computers and Technology,,Article,Wu H.,"Yale University, New Haven, United States",10.1080/13600869.2025.2602110,2-s2.0-105025368415,0,Q1,Q1
2-s2.0-105017405315,2025,2025 Jan,The right to human interaction,,Federalismi It,,Article,Monoriti D.A.,"LUISS University, Rome, Italy",,2-s2.0-105017405315,0,Q2,Q2
2-s2.0-105022446490,2025,2025 Jan,Overcoming sentencing inconsistency - a proposal for algorithmic guidelines and juridical misalignment index,,Artificial Intelligence and Law,,Article,Kiejnich-Kruk K.,"Uniwersytet im. Adama Mickiewicza w Poznaniu, Poznan, Poland",10.1007/s10506-025-09492-4,2-s2.0-105022446490,0,Q1,Q1
2-s2.0-105016185952,2025,2025 Jan,Operationalising the definition of general-purpose AI: assessing four approaches,,Law Innovation and Technology,,Article,Uuk R.,"KU Leuven, Leuven, Belgium",10.1080/17579961.2025.2469344,2-s2.0-105016185952,3,Q1,Q1
2-s2.0-105029361153,2025,2025 Jan,The EU AI Act: a proactive framework for comprehensive AI regulation,,International Journal of Law and Information Technology,,Article,Mahmutovic A.,"Al Yamamah University, Riyadh, Saudi Arabia",10.1093/ijlit/eaaf028,2-s2.0-105029361153,1,Q1,Q1
2-s2.0-105018322196,2025,2025 Jan,"Standards and the EU AI act: legitimacy, state of play, and future challenges",,Information and Communications Technology Law,,Article,Leyden A.,"Örebro Universitet, Orebro, Sweden",10.1080/13600834.2025.2570966,2-s2.0-105018322196,2,Q1,Q1
2-s2.0-105016133772,2025,2025 Jan,A proportionality-by-design approach for mobile mental health and wellbeing applications,,Law Innovation and Technology,,Article,Chan H.Y.,"NUS Yong Loo Lin School of Medicine, Singapore City, Singapore",10.1080/17579961.2025.2469343,2-s2.0-105016133772,1,Q1,Q1
2-s2.0-85218756164,2025,2025 Jan,DO AIS DREAM OF ELECTRIC BOARDS?,,Northwestern University Law Review,,Article,Rhee R.J.,"University of Florida, Gainesville, United States",,2-s2.0-85218756164,0,Q1,Q1
2-s2.0-105006883139,2025,2025 Jan,"AI, RULE OF LAW AND DEMOCRACY: TOWARDS A RADICAL AND DISRUPTIVE DEMOCRACY – NEW PARADIGMS AND EMERGING RESISTANCES",,Relacoes Internacionais no Mundo Atual,,Article,Cantarini P.,"USP, Rio de Janeiro, Brazil",10.21902/Revrima.v1i47.7890,2-s2.0-105006883139,0,Q2,Q2
2-s2.0-105010251702,2025,2025 Jan,"Identifiability, as a Data Risk: Is a Uniform Approach to Anonymisation About to Emerge in the EU?",,European Journal of Risk Regulation,,Article,Stalla-Bourdillon S.,"VUB, Brussels, Belgium",10.1017/err.2025.16,2-s2.0-105010251702,1,Q1,Q1
2-s2.0-105019690765,2025,2025 Jan,AI-Based Profiling by Tax Authorities: Exploring GDPR Constraints and Explainability,,EC Tax Review,,Article,Peeters B.,"Universiteit Antwerpen, Antwerpen, Belgium",10.54648/ecta2025034,2-s2.0-105019690765,0,Q1,Q1
2-s2.0-105025583481,2025,2025 Jan,Systemic Risk Management and the Constitutional Limits of Delegating Political Discretion: An Analysis of the DSA and the AI Act,,European Journal of Risk Regulation,,Article,Palumbo A.,"KU Leuven, Leuven, Belgium",10.1017/err.2025.10069,2-s2.0-105025583481,0,Q1,Q1
2-s2.0-105023437324,2025,2025 Jan,"“Low Risk, High Happiness”: A Review of Openly Declared Ethical and Legal Practices in Voice Biomarker Health-Tech Start-Ups",,Health Care Analysis,,Article,Gallois H.,"Simon Fraser University, Burnaby, Canada",10.1007/s10728-025-00539-w,2-s2.0-105023437324,1,Q2,Q2
2-s2.0-105027887862,2025,2025 Jan,Negotiating ethical and technological ought in AI governance law: a SCOT analysis of GDPR Articles 22/25 and EU AI Act Recital 27,,Law Ethics and Technology,,Article,Khwaja N.,"Weill Cornell Medicine-Qatar, Doha, Qatar",10.55092/let20250004,2-s2.0-105027887862,0,Q2,Q2
2-s2.0-85215433790,2025,2025 Jan,"A Review of Grey Literature on Standards, Guidelines, Policies, and Regulations Regarding the Use of Robots in Nursing Practice",,Journal of Nursing Regulation,,Article,Adeyemo A.,"University of Limerick, Limerick, Ireland",10.1016/S2155-8256(25)00030-4,2-s2.0-85215433790,2,Q1,Q1
2-s2.0-85218111025,2025,2025 Jan,Tax Administration AI: The Holy Grail to Overcome Information Asymmetry in Tax Enforcement?,,Intertax,,Article,Ehrke-Rabel T.,"Universität Graz, Graz, Austria",10.54648/taxi2025019,2-s2.0-85218111025,1,Q1,Q1
2-s2.0-105024808989,2025,2025 Jan,"AI-driven enforcement of human rights in global supply chains: enhancing transparency, accountability, and corporate compliance",,International Review of Law Computers and Technology,,Article,Yadav A.,"University of Delhi, New Delhi, India",10.1080/13600869.2025.2602108,2-s2.0-105024808989,0,Q1,Q1
2-s2.0-105011403456,2025,2025 Jan,China's online pharmacy: its regulatory policy and a future research agenda for the emerging AI age,,Medical Law Review,,Article,Xiao P.,"Guangzhou University, Guangzhou, China",10.1093/medlaw/fwaf024,2-s2.0-105011403456,0,Q1,Q1
2-s2.0-105029679678,2025,2025 Jan,Governance-by-Design as an Enabler of AI in Digital Health in Sub-Saharan Africa,,Law Technology and Humans,,Article,Townsend B.A.,"Faculty of Social Sciences, York, United Kingdom",10.5204/lthj.3975,2-s2.0-105029679678,0,Q2,Q2
2-s2.0-105003969664,2025,2025 Jan,An “A-eye” to the future of arbitration: a new world or a better world?,,International Journal of Law and Information Technology,,Article,Alnaber R.,,10.1093/ijlit/eaaf006,2-s2.0-105003969664,1,Q1,Q1
2-s2.0-85218960382,2025,2025 Jan,Stereotypes as Character Evidence,,Stanford Law Review,,Article,Bavli H.J.,,,2-s2.0-85218960382,0,Q1,Q1
2-s2.0-105019064767,2025,2025 Jan,GPT vs human legal texts annotations: A comparative study with privacy policies,,Artificial Intelligence and Law,,Article,Cevallos-Salas D.,"Escuela Politécnica Nacional, Quito, Ecuador",10.1007/s10506-025-09488-0,2-s2.0-105019064767,0,Q1,Q1
2-s2.0-105011190400,2025,2025 Jan,Pediatrics 4.0: the Transformative Impacts of the Latest Industrial Revolution on Pediatrics,,Health Care Analysis,,Article,Onur D.,"Izmir Tepecik Eğitim ve Araştırma Hastanesi, Izmir, Turkey",10.1007/s10728-025-00536-z,2-s2.0-105011190400,1,Q2,Q2
2-s2.0-105012301711,2025,2025 Jan,"Copyright Exceptions and Fair Use Defences for AI Training Done for ""Research"" and ""Learning,"" or the Inescapable Licensing Horizon",,European Journal of Risk Regulation,,Article,Rosati E.,"Stockholms universitet, Stockholm, Sweden",10.1017/err.2025.10035,2-s2.0-105012301711,3,Q1,Q1
2-s2.0-105022627787,2025,2025 Jan,Do Regulatory Factors Explain China’s Increasing Attractivity for Medical Device Development? A Comparison of the EU and Chinese Medical Device Landscapes,,European Journal of Risk Regulation,,Article,Su R.,"Vrije Universiteit Brussel, Brussels, Belgium",10.1017/err.2025.10063,2-s2.0-105022627787,0,Q1,Q1
2-s2.0-105009054626,2025,2025 Jan,"New technologies, public administration and the relationship with citizens. Brief remarks on current trends",,Diritto Pubblico,,Article,Del Gatto S.,"Università degli Studi di Macerata, Macerata, Italy",10.1438/117045,2-s2.0-105009054626,0,Q1,Q1
2-s2.0-105028030217,2025,2025 Jan,Elements of Artificial Administrative Intelligence (A-AI). On specific legal aspects of automation in public administration,,Diritto Pubblico,,Article,Forte P.,"Università degli Studi del Sannio, Benevento, Italy",10.1438/118293,2-s2.0-105028030217,1,Q1,Q1
2-s2.0-105017015495,2025,2025 Jan,Addressing Inequitable Openness in Licences for Sharing African Data and Datasets Through the Nwulite Obodo Open Data Licence,,Law Technology and Humans,,Article,Okorie C.I.,"University of Pretoria, Pretoria, South Africa",10.5204/lthj.4001,2-s2.0-105017015495,0,Q2,Q2
2-s2.0-105009627170,2025,2025 Jan,Law and Digital Transformation in the Indo-Pacific: An International Economic Law Perspective,,Journal of World Investment and Trade,,Article,Chaisse J.,"City University of Hong Kong, Hong Kong, Hong Kong",10.1163/22119000-12340376,2-s2.0-105009627170,6,Q1,Q1
2-s2.0-105017875747,2025,2025 Jan,THE EU AI ACT AND THE CHALLENGE OF PROTECTING FUNDAMENTAL RIGHTS,,Common Market Law Review,,Article,Ho-Dac M.,"Université d'Artois, Arras, France",,2-s2.0-105017875747,1,Q1,Q1
2-s2.0-105000777597,2025,2025 Jan,The fight for fair trial rights and the paradigm shift in evidence: from liberalism to mass surveillance in criminal proceedings in Europe,,Revista Brasileira De Direito Processual Penal,,Article,Winter L.B.,"Universidad Complutense de Madrid, Madrid, Spain",10.22197/rbdpp.v11i1.1164,2-s2.0-105000777597,0,Q2,Q2
2-s2.0-105014769631,2025,2025 Jan,"Transparency, labour market, trade unions: an help by IA?",,Federalismi It,,Article,Deleonardis N.,"Università degli studi di Bari Aldo Moro, Bari, Italy",,2-s2.0-105014769631,0,Q2,Q2
2-s2.0-105015469079,2025,2025 Jan,Cultural Heritage exposed by digitization: but is all that glitters really gold? A look at the cultural goods and “evils” of the digital revolution.,,Federalismi It,,Article,Mitrotti D.A.,"Università degli Studi di Perugia, Perugia, Italy",,2-s2.0-105015469079,0,Q2,Q2
2-s2.0-105014768938,2025,2025 Jan,Clashing Frameworks: the EU AI Act and Arbitration,,European Journal of Risk Regulation,,Article,Migliorini S.,"University of Macau, Taipa, Macao",10.1017/err.2025.10043,2-s2.0-105014768938,1,Q1,Q1
2-s2.0-105005544591,2025,2025 Jan,Autonomous weapon systems and meaningful human control,,International Journal of Law and Information Technology,,Article,Sehrawat V.,"The University of Sydney, Sydney, Australia",10.1093/ijlit/eaaf007,2-s2.0-105005544591,0,Q1,Q1
2-s2.0-105018778057,2025,2025 Jan,Employer’s Vicarious Liability for Damage Caused by an AI Worker: Comparative Law Perspective,,Utrecht Law Review,,Article,Gredka-Ligarska I.,"Uniwersytet Śląski w Katowicach, Katowice, Poland",10.36633/ulr.1063,2-s2.0-105018778057,1,Q2,Q2
2-s2.0-105024843062,2025,2025 Jan,Autonomous weapon systems and international criminal justice: is deterrence still possible?,,International Journal of Human Rights,,Article,Güneysu G.,"Anadolu Üniversitesi, Eskisehir, Turkey",10.1080/13642987.2025.2594775,2-s2.0-105024843062,0,Q1,Q1
2-s2.0-105013182641,2025,2025 Jan,Cybersecurity of weapon systems: International law requirements and technical standards,,Journal of Cybersecurity,,Article,Kajander A.,"The University of Queensland, Brisbane, Australia",10.1093/cybsec/tyaf017,2-s2.0-105013182641,1,Q1,Q1
2-s2.0-105016144102,2025,2025 Jan,A right to explanation for algorithmic credit decisions in the UK,,Law Innovation and Technology,,Article,Lui A.T.,"Liverpool John Moores University, Liverpool, United Kingdom",10.1080/17579961.2025.2469352,2-s2.0-105016144102,0,Q1,Q1
2-s2.0-105018095404,2025,2025 Jan,Unmasking the silent threat: understanding cybercrimes targeting female students of Kashmir university—a mixed-method analysis,,Journal of Cybersecurity,,Article,Yaqoob S.S.,"University of Kashmir, Srinagar, India",10.1093/cybsec/tyaf026,2-s2.0-105018095404,0,Q1,Q1
2-s2.0-105024107873,2026,2026 Dec,Structuring Macau’s Criminal Court Judgments with Large Language Models: Methodological Innovations for Data Accuracy and Sample Selection Bias,,Asian Journal of Criminology,,Article,Liu J.,"University of Macau, Taipa, Macao",10.1007/s11417-025-09475-z,2-s2.0-105024107873,0,Q1,Q1
2-s2.0-105030946660,2026,2026 Dec,"“First, do no harm” in the digital era: examining the practicality of the European Health Data Space proposal and ethical implications of artificial intelligence: A systematic literature review",,BMC Medical Ethics,,Review,Mateus M.,"Imperial College London, London, United Kingdom",10.1186/s12910-025-01372-5,2-s2.0-105030946660,0,Q1,Q1
2-s2.0-105023108142,2026,2026 Dec,Upholding civil rights through commitment to the rule of law in advocacy,,Security Journal,,Article,Mukaldyeva G.,"Farabi University, Almaty, Kazakhstan",10.1057/s41284-025-00522-z,2-s2.0-105023108142,0,Q2,Q2
2-s2.0-105035306861,2026,2026 Dec,Artificial intelligence fosters forensic odontology-a narrative review,,Egyptian Journal of Forensic Sciences,,Review,Gaber A.M.,"Klinikum der Universität München, Munich, Germany",10.1186/s41935-026-00536-7,2-s2.0-105035306861,0,Q2,Q2
2-s2.0-105033289345,2026,2026 Dec,Ethical concerns and strategies for implementing artificial intelligence in healthcare: a review of empirical studies,,BMC Medical Ethics,,Article,Wubineh B.Z.,"Itä-Suomen yliopisto, Kuopio, Finland",10.1186/s12910-026-01404-8,2-s2.0-105033289345,0,Q1,Q1
2-s2.0-105028926014,2026,2026 Dec,Eagle Eyes: How the Chicago Police Department’s Video Surveillance Network is Used to Fight Crime and its Fourth Amendment Implications,,Journal of Criminal Law and Criminology,,Article,McInerney J.,"Northwestern Pritzker School of Law, Chicago, United States",,2-s2.0-105028926014,0,Q2,Q2
2-s2.0-105037062410,2026,2026 Dec,Shifting Structural Power: The Tech Energy Transition,,Indiana Law Journal,,Article,Stein A.L.,"University of Florida, Gainesville, United States",,2-s2.0-105037062410,0,Q2,Q2
2-s2.0-105032834846,2026,2026 Jul,Factor extraction from pretrial detention decisions by Italian and Brazilian Supreme Courts: A knowledge graph perspective,,Computer Law and Security Review,,Article,Dal Pont T.R.,"Alma Mater Studiorum Università di Bologna, Bologna, Italy",10.1016/j.clsr.2026.106280,2-s2.0-105032834846,0,Q1,Q1
2-s2.0-105034483784,2026,2026 Jul,"Comparing the right to an explanation of judicial AI by function; studies on the EU, Brazil, and China",,Computer Law and Security Review,,Article,Metikoš L.,"Universiteit van Amsterdam, Amsterdam, Netherlands",10.1016/j.clsr.2026.106302,2-s2.0-105034483784,0,Q1,Q1
2-s2.0-105035099978,2026,2026 Jul,"Accuracy paradox: Addressing epistemic, manipulative, and societal risks of hallucination in AI governance",,Computer Law and Security Review,,Article,Li Z.,"The University of Sheffield, Sheffield, United Kingdom",10.1016/j.clsr.2026.106311,2-s2.0-105035099978,0,Q1,Q1
2-s2.0-105036055909,2026,2026 Jul,Information extraction in legal texts: Investigating LLMs’ performance on traffic accident verdicts,,Computer Law and Security Review,,Article,Huang H.H.,"National Central University, Taoyuan, Taiwan",10.1016/j.clsr.2026.106313,2-s2.0-105036055909,0,Q1,Q1
2-s2.0-105034461971,2026,2026 Jul,"Human in the loop: Balancing artificial intelligence, clinical judgment, and legal responsibility",,International Journal of Law and Psychiatry,,Article,Kelly B.D.,"Tallaght University Hospital, Dublin, Ireland",10.1016/j.ijlp.2026.102226,2-s2.0-105034461971,0,Q2,Q2
2-s2.0-105033230669,2026,2026 Jul,"Predictive policing and predictive justice: Ethics, data protection, and the AI act",,Computer Law and Security Review,,Article,Gallese C.,"Tilburg Institute for Law, Technology, and Society, Tilburg, Netherlands",10.1016/j.clsr.2026.106282,2-s2.0-105033230669,0,Q1,Q1
2-s2.0-105033844630,2026,2026 Jul,Judicial expert frameworks as inspiration for the use of AI in courts,,Computer Law and Security Review,,Article,Hendrickx V.,"KU Leuven, Leuven, Belgium",10.1016/j.clsr.2026.106306,2-s2.0-105033844630,0,Q1,Q1
2-s2.0-105031783812,2026,2026 Jul,Legal process mining for the analysis of public procurement workflows,,Computer Law and Security Review,,Article,Nai R.,"Alma Mater Studiorum Università di Bologna, Bologna, Italy",10.1016/j.clsr.2026.106283,2-s2.0-105031783812,0,Q1,Q1
2-s2.0-105032074259,2026,2026 Jul,A methodology for compliance of AI systems,,Computer Law and Security Review,,Article,Amantea I.A.,"Alma Mater Studiorum Università di Bologna, Bologna, Italy",10.1016/j.clsr.2026.106272,2-s2.0-105032074259,0,Q1,Q1
2-s2.0-105032174509,2026,2026 Jul,Adjudicative AI and distributive justice,,Computer Law and Security Review,,Article,Huq A.Z.,"The University of Chicago Law School, Chicago, United States",10.1016/j.clsr.2026.106284,2-s2.0-105032174509,0,Q1,Q1
2-s2.0-105035489814,2026,2026 Jul,The role of public service chatbots in raising awareness of computer crimes: A systematic literature review,,Computer Law and Security Review,,Article,Pimentel L.,"University of Trás-os-Montes and Alto Douro, Vila Real, Portugal",10.1016/j.clsr.2026.106328,2-s2.0-105035489814,0,Q1,Q1
2-s2.0-105036450908,2026,2026 Jul,Mediating under the shadow of AI: Public reactions to procedural and substantive roles of AI in court-annexed mediation,,Computer Law and Security Review,,Article,Park H.J.,"Hanyang University, Seoul, South Korea",10.1016/j.clsr.2026.106323,2-s2.0-105036450908,0,Q1,Q1
2-s2.0-105035404705,2026,2026 Jul,Elusive reliability: Techno-legal considerations on the challenges of maintaining and reviewing performance of AI in military applications,,Computer Law and Security Review,,Article,Klonowska K.,"Sciences Po Paris, Paris, France",10.1016/j.clsr.2026.106318,2-s2.0-105035404705,0,Q1,Q1
2-s2.0-105031596537,2026,2026 Jul,Human in control: Shared decision-making with clinical decision-support systems under the Artificial Intelligence Act,,Computer Law and Security Review,,Article,Kaltenbrunner S.,"Universität Wien, Vienna, Austria",10.1016/j.clsr.2026.106281,2-s2.0-105031596537,0,Q1,Q1
2-s2.0-105036494256,2026,2026 Jul,Accountable AI in the boardroom: A doctrinal and empirical analysis through corporate reports,,Computer Law and Security Review,,Article,Zhao J.,"Shandong University of Science and Technology, Qingdao, China",10.1016/j.clsr.2026.106325,2-s2.0-105036494256,0,Q1,Q1
2-s2.0-105034618046,2026,2026 Jul,The imaginary of informed consent: Rethinking approaches to data use for AI in healthcare,,Computer Law and Security Review,,Article,Sengupta A.,"Fundacao Getulio Vargas, Rio de Janeiro, Brazil",10.1016/j.clsr.2026.106309,2-s2.0-105034618046,0,Q1,Q1
2-s2.0-105035749310,2026,2026 Jul,AI-enabled decision support systems and the reconfiguration of proportionality in international humanitarian law,,Computer Law and Security Review,,Article,Abbasi A.Y.,"Zhongnan University of Economics and Law, Wuhan, China",10.1016/j.clsr.2026.106319,2-s2.0-105035749310,0,Q1,Q1
2-s2.0-105035809181,2026,2026 Jul,Transparency in human-AI interaction – An analysis of Article 50(1) AI Act,,Computer Law and Security Review,,Article,Block M.J.,"Radboud Universiteit, Nijmegen, Netherlands",10.1016/j.clsr.2026.106327,2-s2.0-105035809181,0,Q1,Q1
2-s2.0-105034382383,2026,2026 Jul,Positioning synthetic data under EU data protection law,,Computer Law and Security Review,,Article,Bartholdy M.,"Aalborg University, Aalborg, Denmark",10.1016/j.clsr.2026.106310,2-s2.0-105034382383,0,Q1,Q1
2-s2.0-105032999903,2026,2026 Jul,Data from the Sky: The oversight of police drones in England and Wales,,Computer Law and Security Review,,Article,Paul A.,"University of Northumbria, Newcastle, United Kingdom",10.1016/j.clsr.2026.106301,2-s2.0-105032999903,0,Q1,Q1
2-s2.0-105030350814,2026,2026 Jun,AI in the international governance of land-based marine pollution: Legal frameworks and multilateral approaches,,Marine Policy,,Article,Islam M.S.,"Ankara Üniversitesi, Ankara, Turkey",10.1016/j.marpol.2026.107085,2-s2.0-105030350814,0,Q1,Q1
2-s2.0-105026804405,2026,2026 Jun,Machine Learning Models in Parole Decision-Making: A Pilot Study Comparing AI and Human Judgment,,Criminal Justice Policy Review,,Article,Farber S.,"Max Stern Academic College of Emek Yezreel, Emek Yezreel, Israel",10.1177/08874034251408304,2-s2.0-105026804405,0,Q1,Q1
2-s2.0-105035718083,2026,2026 Jun,"Deepfakes, financial stability, and EU regulation: navigating the risks of synthetic media",,Capital Markets Law Journal,,Article,Kuźnicka-Błaszkowska D.,"University of Wrocław, Wroclaw, Poland",10.1093/cmlj/kmag008,2-s2.0-105035718083,0,Q1,Q1
2-s2.0-105035569286,2026,2026 May,Applying Computational Intelligence in medical forensics,,Journal of Forensic and Legal Medicine,,Article,Koulouris D.,"University of Piraeus, Piraeus, Greece",10.1016/j.jflm.2026.103129,2-s2.0-105035569286,0,Q1,Q1
2-s2.0-105025093512,2026,2026 May,Navigating New Frontiers in Construction Disputes: Strategically Adopting Smart Contracts and Technology Assisted Review,,Journal of Legal Affairs and Dispute Resolution in Engineering and Construction,,Article,Ru Y.,"Melbourne Law School, Melbourne, Australia",10.1061/JLADAH.LADR-1304,2-s2.0-105025093512,0,Q2,Q2
2-s2.0-105036238617,2026,2026 May,"Artificial Intelligence (AI)-driven prototype for sex estimation from cranial Computed Tomography (CT) images: A multi-regional analysis of the orbits, mastoid process, and foramen magnum in a Thai population",,Journal of Forensic and Legal Medicine,,Article,Phantawong K.,"Thammasat University, Pathum Thani, Thailand",10.1016/j.jflm.2026.103138,2-s2.0-105036238617,0,Q1,Q1
2-s2.0-105036685118,2026,2026 May,A comprehensive review of structural risk assessment tools for detecting violent recidivism,,Journal of Forensic and Legal Medicine,,Review,Roy A.,"Chandigarh University, Mohali, India",10.1016/j.jflm.2026.103162,2-s2.0-105036685118,0,Q1,Q1
2-s2.0-105013524734,2026,2026 May,AI-based behaviour analysis in prisons: A multidisciplinary assessment of an Austrian case study,,European Journal of Criminology,,Article,Rothmann R.,"Research Institute – Digital Human Rights Center, Austria",10.1177/14773708251349702,2-s2.0-105013524734,0,Q1,Q1
2-s2.0-105034973942,2026,2026 Apr,Approaching the AI Act. with AI: LLMs and knowledge graphs to extract and analyse obligations,,Computer Law and Security Review,,Article,Galli F.,"Alma Mater Studiorum Università di Bologna, Bologna, Italy",10.1016/j.clsr.2025.106230,2-s2.0-105034973942,1,Q1,Q1
2-s2.0-105035031348,2026,2026 Apr,Artificial intelligence and adjudication: A new pathway to justice in China?,,Computer Law and Security Review,,Article,Chen Y.,"City University of Macau, Taipa, Macao",10.1016/j.clsr.2026.106260,2-s2.0-105035031348,0,Q1,Q1
2-s2.0-105028023715,2026,2026 Apr,Categorization of unmanned ship collision liability under dual-track analysis framework,,Marine Policy,,Article,Wenqing M.,"China University of Political Science and Law, Beijing, China",10.1016/j.marpol.2026.107034,2-s2.0-105028023715,0,Q1,Q1
2-s2.0-105025657437,2026,2026 Apr,Addressing ocean noise pollution in the artificial intelligence era: Regulatory challenges and future responses,,Marine Policy,,Article,Jiang X.,"University of Southern Queensland, Toowoomba, Australia",10.1016/j.marpol.2025.107021,2-s2.0-105025657437,1,Q1,Q1
2-s2.0-105035030128,2026,2026 Apr,"Leveraging textual content, citational aspects and dissenting opinions through a multi-view contrastive learning methodology for legal precedent analysis",,Computer Law and Security Review,,Article,De Martino G.,"Università degli studi di Bari Aldo Moro, Bari, Italy",10.1016/j.clsr.2025.106257,2-s2.0-105035030128,1,Q1,Q1
2-s2.0-105034982958,2026,2026 Apr,The regulation of fine-tuning: Federated compliance for modified general-purpose AI models,,Computer Law and Security Review,,Article,Hacker P.,"University of Oxford, Saïd Business School, Oxford, United Kingdom",10.1016/j.clsr.2025.106234,2-s2.0-105034982958,1,Q1,Q1
2-s2.0-105034986847,2026,2026 Apr,"Introduction. A colloquium at the intersection of law, society, and cognition: integrating sociological and philosophical paradigms with the cognitive sciences",,Onati Socio Legal Series,,Editorial,Cominelli L.,"Università degli Studi di Milano, Milan, Italy",10.35295/OSLS.IISL.2673,2-s2.0-105034986847,0,Q2,Q2
2-s2.0-105029259727,2026,2026 Apr,Developing a harm-based approach to understand digital vulnerability in the era of AI: a perspective of the European Union,,Computer Law and Security Review,,Article,Li S.,"Erasmus School of Law, Rotterdam, Netherlands",10.1016/j.clsr.2026.106266,2-s2.0-105029259727,0,Q1,Q1
2-s2.0-105028576783,2026,2026 Apr,Incorporating AI incident reporting into telecommunications law and policy: Insights from India,,Computer Law and Security Review,,Article,Agarwal A.,"Defence Institute of Advanced Technology, Pune, India",10.1016/j.clsr.2026.106263,2-s2.0-105028576783,0,Q1,Q1
2-s2.0-105037052802,2026,2026 Apr,"Harmonising Trade Secret Protection in AI: Innovation, Opacity and Digital Vulnerability",,Laws,,Article,Fontanela C.,"Universidade Comunitária da Região de Chapecó, Chapeco, Brazil",10.3390/laws15020034,2-s2.0-105037052802,0,Q2,Q2
2-s2.0-105035013617,2026,2026 Apr,Mind the gap: Securing algorithmic explainability for credit decisions beyond the UK GDPR,,Computer Law and Security Review,,Article,Sargeant H.,"St. John's College Cambridge, Cambridge, United Kingdom",10.1016/j.clsr.2025.106247,2-s2.0-105035013617,0,Q1,Q1
2-s2.0-105035011379,2026,2026 Apr,Volunteering for the platforms – How social media terms of service may violate the fair remuneration principle of authors and performers,,Computer Law and Security Review,,Article,Bossi L.,"LUISS University, Rome, Italy",10.1016/j.clsr.2025.106246,2-s2.0-105035011379,0,Q1,Q1
2-s2.0-105035010653,2026,2026 Apr,Engineering the law-machine learning translation problem: developing legally aligned models,,Computer Law and Security Review,,Article,Hanson M.,"Université Libre de Bruxelles, Brussels, Belgium",10.1016/j.clsr.2025.106252,2-s2.0-105035010653,0,Q1,Q1
2-s2.0-105035091471,2026,2026 Mar,"Design, implementation, and analysis of prompts in an educational project on legal simulations with artificial intelligence",,Revista Pedagogia Universitaria Y Didactica Del Derecho,,Article,Guillén S.R.,"Universitat Autònoma de Barcelona, Cerdanyola del Valles, Spain",10.5354/0719-5885.2025.77475,2-s2.0-105035091471,0,Q2,Q2
2-s2.0-105033123703,2026,2026 Mar,Medical negligence in the age of statistically superior AI,,Medical Law Review,,Article,Berz A.S.,"Oxford Social Sciences Division, Oxford, United Kingdom",10.1093/medlaw/fwag007,2-s2.0-105033123703,0,Q1,Q1
2-s2.0-105034353003,2026,2026 Mar,Real Value Loss of Moral Damage Compensation for Credit Harm in First-Instance Decisions at TJSP,,Revista Direito Gv,,Article,Borborema D.F.S.,"Universidade de São Paulo, Sao Paulo, Brazil",10.1590/2317-6172202609,2-s2.0-105034353003,0,Q2,Q2
2-s2.0-105032912955,2026,2026 Mar,Artificial Intelligence and Credit Scoring: The European Court of Justice Takes Action,,Biolaw Journal,,Article,Mattassoglio F.,"Università degli Studi di Milano-Bicocca, Milan, Italy",10.15168/2284-4503-3986,2-s2.0-105032912955,0,Q2,Q2
2-s2.0-105032912174,2026,2026 Mar,"Artificial Intelligence and the Semantics of Change: Narratives, Languages and Values",,Biolaw Journal,,Article,Salardi S.,"Università degli Studi di Milano-Bicocca, Milan, Italy",10.15168/2284-4503-3979,2-s2.0-105032912174,0,Q2,Q2
2-s2.0-105032856021,2026,2026 Mar,Artificial Intelligence and Media Freedom: From the ‘Brussels’ to the ‘Strasbourg’ Effect?,,Biolaw Journal,,Article,Zaccaroni G.,"Università degli Studi di Milano-Bicocca, Milan, Italy",10.15168/2284-4503-3984,2-s2.0-105032856021,0,Q2,Q2
2-s2.0-105032870175,2026,2026 Mar,The European Normative Response to the Data Society: From the GDPR to the AI Act,,Biolaw Journal,,Article,Gulotta C.,"Università degli Studi di Milano-Bicocca, Milan, Italy",10.15168/2284-4503-3980,2-s2.0-105032870175,0,Q2,Q2
2-s2.0-105033704990,2026,2026 Mar,Cause and effect of artificial intelligence: on the legal nature of AI output and its impact on the liability regime,,Rivista Italiana Di Informatica E Diritto,,Article,Calderonio V.,,10.32091/RIID0267,2-s2.0-105033704990,0,Q2,Q2
2-s2.0-105037256705,2026,2026 Mar,Privacy and mental data protection,,Rivista Italiana Di Informatica E Diritto,,Article,Di Masi M.,,10.32091/RIID0272,2-s2.0-105037256705,0,Q2,Q2
2-s2.0-105032235917,2026,2026 Mar,Biased Algorithmic Risk Assessment in criminal justice settings: How is COMPAS fraying the fabric of the right to a human decision-making in criminal procedure law,,Revista Brasileira De Direito Processual Penal,,Article,dos Santos H.L.,"City University of Macau, Taipa, Macao",10.22197/rbdpp.v12i1.1287,2-s2.0-105032235917,0,Q2,Q2
2-s2.0-85208989342,2026,2026 Mar,A case study for automated attribute extraction from legal documents using large language models,,Artificial Intelligence and Law,,Article,Adhikary S.,"University of Liverpool, Liverpool, United Kingdom",10.1007/s10506-024-09425-7,2-s2.0-85208989342,3,Q1,Q1
2-s2.0-105032843530,2026,2026 Mar,Beyond Infringement: Rethinking DMCA § 1202 for Generative AI,,Stanford Law Review,,Note,Bersh L.,"Stanford Law School, Stanford, United States",,2-s2.0-105032843530,0,Q1,Q1
2-s2.0-85211804503,2026,2026 Mar,It cannot be right if it was written by AI: on lawyers’ preferences of documents perceived as authored by an LLM vs a human,,Artificial Intelligence and Law,,Article,Harasta J.,"Masaryk University, Brno, Czech Republic",10.1007/s10506-024-09422-w,2-s2.0-85211804503,9,Q1,Q1
2-s2.0-85203605762,2026,2026 Mar,System for the anonymization of Romanian jurisprudence,,Artificial Intelligence and Law,,Article,Păiş V.,"Academia Româna, Bucharest, Romania",10.1007/s10506-024-09420-y,2-s2.0-85203605762,2,Q1,Q1
2-s2.0-105036955377,2026,2026 Mar,Challenges and legislative realization of fundamental rights in the context of artificial intelligence-based elderly care,,Chinese Medical Ethics,,Article,Du F.,"Yan'an University, Xi'an, China",10.12026/j.issn.1001-8565.2026.03.08,2-s2.0-105036955377,0,Q2,Q2
2-s2.0-105030503020,2026,2026 Mar,Intelligent justice: AI-driven forensics and legal process for criminal justice reforms,,International Journal of Law Crime and Justice,,Article,Srivastav S.,"Nims University Rajasthan, Jaipur, India",10.1016/j.ijlcj.2026.100832,2-s2.0-105030503020,0,Q2,Q2
2-s2.0-105031086316,2026,2026 Mar,Open Foundation Models and TDM Exceptions to Copyright-Building Blocks for an AI Ecosystem,,Grur International,,Article,Radeisen A.,,10.1093/grurint/ikag002,2-s2.0-105031086316,0,Q2,Q2
2-s2.0-105024006307,2026,2026 Mar,Development of an artificial intelligence (AI) marine scientific research model: The case of marine science and technology policy and its legitimate practice in Taiwan,,Marine Policy,,Article,Jao J.C.,"National Kaohsiung University of Science and Technology, Kaohsiung, Taiwan",10.1016/j.marpol.2025.106996,2-s2.0-105024006307,1,Q1,Q1
2-s2.0-105035079638,2026,2026 Mar,Public Administration and Artificial Intelligence: Is the AI Act Enough?,,Quaderni Costituzionali,,Article,Marchetti B.,"Università di Trento, Trento, Italy",10.1439/120170,2-s2.0-105035079638,0,Q1,Q1
2-s2.0-105035419409,2026,2026 Mar,Digital Writing and Technological Normativity.,,Quaderni Costituzionali,,Article,Ferrarese M.R.,"varie Università italiane e alla Scuola Nazionale dell’Amministrazione, Italy",10.1439/120169,2-s2.0-105035419409,0,Q1,Q1
2-s2.0-105035023607,2026,2026 Mar,Technosecuritization: Digital Technologies and the Securitization of EU Migration Law,,European Journal of Migration and Law,,Article,Graziani C.,"Università Bocconi, Milan, Italy",10.1163/15718166-12340215,2-s2.0-105035023607,0,Q1,Q1
2-s2.0-105035748109,2026,2026 Mar,PMSCs meet AI-driven swarm drones: the paradigm-shifting issues of accountability,,Journal of Conflict and Security Law,,Article,Štandekar N.,,10.1093/jcsl/krag003,2-s2.0-105035748109,0,Q2,Q2
2-s2.0-105035083430,2026,2026 Mar,Cybernetic Power and the Future of Constitutional Law.,,Quaderni Costituzionali,,Article,Simoncini A.,"Università degli Studi di Firenze, Florence, Italy",10.1439/120168,2-s2.0-105035083430,0,Q1,Q1
2-s2.0-105019356463,2026,2026 Mar,Ethical concerns of AI in healthcare: A systematic review of qualitative studies,,Nursing Ethics,,Review,Hou J.,"Hunan Normal University, Changsha, China",10.1177/09697330251385024,2-s2.0-105019356463,4,Q1,Q1
2-s2.0-105034812461,2026,2026 Mar,The Issues and Challenges of Competition Policy in Direct Financial Markets,,World Competition,,Article,Monnier-Schlumberger C.,"Université Paris 1 Panthéon-Sorbonne, Paris, France",10.54648/WOCO2026002,2-s2.0-105034812461,0,Q1,Q1
2-s2.0-85204916708,2026,2026 Mar,Segmenting Brazilian legislative text using weak supervision and active learning,,Artificial Intelligence and Law,,Article,Siqueira F.A.,"Universidade de São Paulo, Sao Paulo, Brazil",10.1007/s10506-024-09419-5,2-s2.0-85204916708,2,Q1,Q1
2-s2.0-105035202557,2026,2026 Feb,Constitutional interpretation as the first instrument of governing algorithmic in legislative production,,Federalismi It,,Article,Mattia Angeleri D.,"LUISS University, Rome, Italy",,2-s2.0-105035202557,0,Q2,Q2
2-s2.0-105030841753,2026,2026 Feb,Green Blindness in the Digital Age: Towards a Regulatory Agenda for Digital Environmental Justice,,Prawo I Wiez,,Article,Dao P.G.,"VNUHCM-University of Economics and Law, Ho Chi Minh City, Viet Nam",10.36128/8gpcx489,2-s2.0-105030841753,0,Q2,Q2
2-s2.0-105030826824,2026,2026 Feb,Competition in the Digital Economy and Artificial Intelligence Era: Challenges for a Fair Digital Market and Recommendations for Vietnam,,Prawo I Wiez,,Article,Tran T.L.,"Ho Chi Minh City University of Law, Ho Chi Minh City, Viet Nam",10.36128/a622gf96,2-s2.0-105030826824,0,Q2,Q2
2-s2.0-105031082734,2026,2026 Feb,The Relationship Between Disability and Artificial Intelligence: A Contemporary Legal and Laboral Analysis,,Revista Juridica Portucalense,,Article,Santos E.,"Polytechnic Institute of Leiria, Leiria, Portugal",10.34625/issn.2183-2705(39.2)2026.ic-2,2-s2.0-105031082734,0,Q2,Q2
2-s2.0-85209725752,2026,2026 Feb,The role of artificial intelligence (AI) in shaping data privacy,,International Journal of Law and Management,,Article,Lami B.,"Universiti Kebangsaan Malaysia, Bangi, Malaysia",10.1108/IJLMA-07-2024-0242,2-s2.0-85209725752,4,Q1,Q1
2-s2.0-105030817393,2026,2026 Feb,Artificial Intelligence and Digital Sovereignty: The European Model,,Biolaw Journal,,Article,Faini F.,"Università Telematica Pegaso, Naples, Italy",10.15168/2284-4503-3924,2-s2.0-105030817393,0,Q2,Q2
2-s2.0-105030880746,2026,2026 Feb,Robots and the Transformations of Legal Personhood,,Biolaw Journal,,Article,Pizzetti F.G.,"Università degli Studi di Milano, Milan, Italy",10.15168/2284-4503-3923,2-s2.0-105030880746,0,Q2,Q2
2-s2.0-105029860647,2026,2026 Feb,THE RIGHT TO REFUSE AI,,Biolaw Journal,,Note,Da Ros V.,Dottoressa in Giurisprudenza,10.15168/2284-4503-3926,2-s2.0-105029860647,0,Q2,Q2
2-s2.0-105029925884,2026,2026 Feb,Exploring New Frontiers in Personalized Criminal Responsibility through Neurotechnologies: Ethical Dilemmas and the Neuro-Rights Framework,,Biolaw Journal,,Article,Souza J.D.N.,"Universidad de Jaén, Jaen, Spain",10.15168/2284-4503-3922,2-s2.0-105029925884,0,Q2,Q2
2-s2.0-105029857972,2026,2026 Feb,"On some challenges for Ethics committees. Brief concluding remarks on the sidelines of the conference “ethics committees: a bridge between care, research, and rights” (trento, may 8, 2025)",,Biolaw Journal,,Article,Pizzetti F.G.,"Università degli Studi di Milano, Milan, Italy",10.15168/2284-4503-3941,2-s2.0-105029857972,0,Q2,Q2
2-s2.0-105030714840,2026,2026 Feb,The use of artificial intelligence and the processing of biometric data by law enforcement authorities,,Onati Socio Legal Series,,Article,Campillo L.P.,"Universidad Tecnológica Atlántico Mediterráneo – UTAMED, Malaga, Spain",10.35295/OSLS.IISL.2398,2-s2.0-105030714840,0,Q2,Q2
2-s2.0-105027544097,2026,2026 Feb,Generative AI in Cross-Border Trade: Classification Conundrum and Governance Divergence under WTO Rules,,Journal of World Trade,,Article,Chen Z.,"Tsinghua University, Beijing, China",10.54648/trad2026004,2-s2.0-105027544097,0,Q1,Q1
2-s2.0-105031369070,2026,2026 Feb,Custodian of Autonomous AI Systems in the UAE: An Adapted Legal Framework,,Laws,,Article,Abdou M.M.,"The University of Kalba, Kalba, United Arab Emirates",10.3390/laws15010002,2-s2.0-105031369070,1,Q2,Q2
2-s2.0-105029879478,2026,2026 Feb,Generative AI and copyright in the EU and the USA: a view from international investment law,,Journal of Intellectual Property Law and Practice,,Article,Lentner G.M.,"University for Continuing Education Krems, Krems an der Donau, Austria",10.1093/jiplp/jpaf086,2-s2.0-105029879478,0,Q2,Q2
2-s2.0-105024845250,2026,2026 Feb,Artificial intelligence in healthcare: Proposal for a new medico-legal methodology in medical liability,,Legal Medicine,,Article,Cecchi R.,"Politecnico di Torino, Turin, Italy",10.1016/j.legalmed.2025.102764,2-s2.0-105024845250,0,Q2,Q2
2-s2.0-105015431194,2026,2026 Feb,Criminal Hate Speech Attributable to Online Platforms: A Call for a Thorough Corporate Remedial Responsibilities Framework in Europe,,Business and Human Rights Journal,,Article,Nave E.,"Universiteit Leiden, Leiden, Netherlands",10.1017/bhj.2025.10024,2-s2.0-105015431194,1,Q1,Q1
2-s2.0-105028900137,2026,2026 Feb,Singers versus Deepfake Audio: The Legal Position of Singers in Bahrain’s Legal System,,Grur International,,Article,Almawla H.,,10.1093/grurint/ikaf127,2-s2.0-105028900137,1,Q2,Q2
2-s2.0-105030507107,2026,2026 Feb,Letting sleeping wasps lie: general-purpose AI models and copyright protection under the European Union AI Act,,Journal of Intellectual Property Law and Practice,,Review,Ćemalović U.,"Institute of European Studies, Belgrade, Serbia",10.1093/jiplp/jpaf084,2-s2.0-105030507107,0,Q2,Q2
2-s2.0-105013794756,2026,2026 Feb,The Calculus of Justice and the Machine that Cannot Hesitate: A Semiotic Critique of Algorithmic Law,,International Journal for the Semiotics of Law,,Article,Ruhil O.,"Indian Institute of Technology Delhi, New Delhi, India",10.1007/s11196-025-10348-y,2-s2.0-105013794756,0,Q2,Q2
2-s2.0-105027651922,2026,2026 Feb,Forensics under the Artificial Intelligence Act,,Forensic Science International,,Article,Marcinowski-Prażmowski M.,"Uniwersytet Śląski w Katowicach, Katowice, Poland",10.1016/j.forsciint.2025.112775,2-s2.0-105027651922,1,Q2,Q2
2-s2.0-105030229203,2026,2026 Feb,Response to the letter to editor Re: “A systematic review about the evolving role of artificial intelligence in various fields of forensic medicine.”,,Journal of Forensic and Legal Medicine,,Letter,Zaheen U.,"University of Health Sciences Lahore, Lahore, Pakistan",10.1016/j.jflm.2026.103083,2-s2.0-105030229203,0,Q1,Q1
2-s2.0-105031382102,2026,2026 Feb,The Collingridge Dilemma and Its Implications for Regulating Financial and Economic Crime (FEC) in the United Kingdom: Navigating the Tension Between Innovation and Control,,Laws,,Article,Abukari A.,"Coventry University, Coventry, United Kingdom",10.3390/laws15010005,2-s2.0-105031382102,0,Q2,Q2
2-s2.0-105029444942,2026,2026 Feb,Do we still need brands? Revisiting the essential function of trade marks and the consumer model in AI-mediated commerce,,Journal of Intellectual Property Law and Practice,,Article,Piron A.,"UCLouvain, Louvain-la-Neuve, Belgium",10.1093/jiplp/jpaf082,2-s2.0-105029444942,0,Q2,Q2
2-s2.0-105032113207,2026,2026 Feb,Allocating Electricity,,George Washington Law Review,,Article,Klass A.B.,"University of California, San Francisco, San Francisco, United States",,2-s2.0-105032113207,1,Q2,Q2
2-s2.0-105032160411,2026,2026 Feb,Deepest Fakes,,George Washington Law Review,,Article,Diamantis M.E.,"Temple University, Philadelphia, United States",,2-s2.0-105032160411,0,Q2,Q2
2-s2.0-105024481499,2026,2026 Feb,Ethical dimensions in nursing care for individuals with intellectual disabilities,,Nursing Ethics,,Review,Elmadani M.,"Pécsi Tudományegyetem, Pecs, Hungary",10.1177/09697330251366607,2-s2.0-105024481499,0,Q1,Q1
2-s2.0-105029823310,2026,2026 Feb,The copyright protection of AI-generated content in video games,,Journal of Intellectual Property Law and Practice,,Article,Ye Y.,"Durham Law School, Durham, United Kingdom",10.1093/jiplp/jpaf081,2-s2.0-105029823310,0,Q2,Q2
2-s2.0-105028924741,2026,2026 Feb,Does One Framework Fit All? Testing Governing Knowledge Commons in AI-Powered Drug Discovery,,Grur International,,Article,Cifrodelli G.,,10.1093/grurint/ikaf132,2-s2.0-105028924741,0,Q2,Q2
2-s2.0-105030622674,2026,2026 Jan,Navigating the AI legal landscape. Gender implications of large language models in legal text generation,,Revista De Internet Derecho Y Politica,,Article,Casagran C.B.,"Universitat Autònoma de Barcelona, Cerdanyola del Valles, Spain",10.7238/idp.v0i44.432721,2-s2.0-105030622674,0,Q2,Q2
2-s2.0-105032798419,2026,2026 Jan,"The New Frontiers of Socialised Medicine: AI, Bio-Legal and ClinicalLegal Liability Between EU Law and the Italian Legal System",,Biolaw Journal,,Article,Serban I.V.,"Universitatea din Bucuresti, Bucharest, Romania",10.15168/2284-4503-3897,2-s2.0-105032798419,0,Q2,Q2
2-s2.0-105033051299,2026,2026 Jan,"Evidentiary Challenges in AI-Mediated E-Commerce Disputes: Comparative Perspectives from the EU, US, GCC, and Islamic Law",,Justicia Islamica,,Article,Ismaeel S.,"Prince Mohammad Bin Fahd University, Al-Khobar, Saudi Arabia",10.21154/justicia.v23i1.11809,2-s2.0-105033051299,1,Q1,Q1
2-s2.0-105027101237,2026,2026 Jan,General Artificial Intelligence and the US–PRC Arms Race: Impacts on Global Militarization and International Law,,Revista Juridica Portucalense,,Article,Khalymon S.,"Bohdan Khmelnytskyi National Academy of the State Border Guard Service of Ukraine, Khmelnytskyi, Ukraine",10.34625/issn.2183-2705(39.1)2026.ic-3,2-s2.0-105027101237,1,Q2,Q2
2-s2.0-105027126986,2026,2026 Jan,EU Policy on Countering Disinformation and its Impact on the Information Security of Member States,,Revista Juridica Portucalense,,Article,Zinenko A.,"V. N. Karazin Kharkiv National University, Kharkiv, Ukraine",10.34625/issn.2183-2705(39.1)2026.ic-7,2-s2.0-105027126986,1,Q2,Q2
2-s2.0-105015877033,2026,2026 Jan,Addressing the ethical and legal crossroads: the impact of ChatGPT on the legal profession,,Information and Communications Technology Law,,Article,Rajendra J.B.,"Legal, Subang Jaya, Malaysia",10.1080/13600834.2025.2502244,2-s2.0-105015877033,1,Q1,Q1
2-s2.0-105033033708,2026,2026 Jan,Comparing AI and Human judges: a pilot study of large language models in criminal sentencing prediction,,International Journal of Comparative and Applied Criminal Justice,,Article,Gazal-Ayal O.,"University of Haifa, Haifa, Israel",10.1080/01924036.2026.2644207,2-s2.0-105033033708,0,Q1,Q1
2-s2.0-105028270181,2026,2026 Jan,Can generative artificial intelligence identify case-law rendered vulnerable by the Revocation Act 2023?,,Statute Law Review,,Article,Barth F.,"Lapin Yliopisto, Rovaniemi, Finland",10.1093/slr/hmaf039,2-s2.0-105028270181,0,Q2,Q2
2-s2.0-105035229451,2026,2026 Jan,Measuring Jurisprudence,,Journal of Law and Courts,,Article,Thalken R.,"Cornell University, Ithaca, United States",10.1017/jlc.2025.10012,2-s2.0-105035229451,0,Q1,Q1
2-s2.0-105034408374,2026,2026 Jan,The trade-off between robustness and reliability in chinese legal large language models: an empirical study,,Artificial Intelligence and Law,,Article,Liu Y.,"Shanghai Jiao Tong University, Shanghai, China",10.1007/s10506-026-09510-z,2-s2.0-105034408374,0,Q1,Q1
2-s2.0-105028891025,2026,2026 Jan,Content-aware instruction for zero-shot Chinese criminal legal case retrieval: a large language model-based framework,,Artificial Intelligence and Law,,Article,Zhou Z.,"Dalian University of Technology, Dalian, China",10.1007/s10506-025-09497-z,2-s2.0-105028891025,0,Q1,Q1
2-s2.0-105033607661,2026,2026 Jan,Child Sexual Exploitation Material: Investigative and Legal Challenges with Generative Artificial Intelligence,,Victims and Offenders,,Article,Steel C.M.S.,"College of Engineering and Computing, Fairfax, United States",10.1080/15564886.2025.2532541,2-s2.0-105033607661,1,Q1,Q1
2-s2.0-105033937805,2026,2026 Jan,ARTIFICIAL INTELLIGENCE IN CRIMINAL JUSTICE GOVERNANCE: OPPORTUNITIES AND LEGAL CHALLENGES (A COMPARATIVE STUDY),,Corporate Law and Governance Review,,Article,Ibrahim A.,"United Arab Emirates University, Al Ain, United Arab Emirates",10.22495/clgrv8i2p7,2-s2.0-105033937805,0,Q2,Q2
2-s2.0-105028167910,2026,2026 Jan,Evaluating Large Language Models as Judicial Decision-Makers,,Justice Quarterly,,Article,Gazal Ayal O.,"University of Haifa, Haifa, Israel",10.1080/07418825.2026.2618254,2-s2.0-105028167910,1,Q1,Q1
2-s2.0-105035360044,2026,2026 Jan,DeAtt-LMCQA: a deberta and attention based model of legal multi-choice question answering,,Artificial Intelligence and Law,,Article,Chen G.,"Guangxi Normal University, Guilin, China",10.1007/s10506-026-09512-x,2-s2.0-105035360044,0,Q1,Q1
2-s2.0-105033399553,2026,2026 Jan,A Comparative Study of Humans and Machine Learning in Metaphor Detection: Translations of Legal Metaphors in English and Turkish HUDOC Judgments,,International Journal for the Semiotics of Law,,Article,Şen Bartan Ö.,"Ankara Üniversitesi, Ankara, Turkey",10.1007/s11196-026-10468-z,2-s2.0-105033399553,0,Q2,Q2
2-s2.0-105031686724,2026,2026 Jan,The Epistemological Dilemma of Algorithmic Justice: What is Lost When Law Becomes ‘Computable’?,,Law and Philosophy,,Article,Zheng H.,"University of Cape Town, Cape Town, South Africa",10.1007/s10982-026-09564-9,2-s2.0-105031686724,0,Q2,Q2
2-s2.0-105031586166,2026,2026 Jan,Institutional silence and LegalTech in Japan: a comparative inquiry into access to justice and the practice of law,,Law Innovation and Technology,,Article,Kobayashi I.,"Hitotsubashi University, Kunitachi, Japan",10.1080/17579961.2026.2633676,2-s2.0-105031586166,0,Q1,Q1
2-s2.0-105029431756,2026,2026 Jan,Integrating AI into Small Claims Courts: Lessons from Global Practices for Legal Reform in Indonesia,,Journal of Law and Legal Reform,,Article,Satrio D.B.,"Universitas Padjadjaran, Bandung, Indonesia",10.15294/jllr.v7i1.24028,2-s2.0-105029431756,0,Q1,Q1
2-s2.0-105035100827,2026,2026 Jan,"Legal citation prediction with LLMs: a comparative evaluation of instruction tuning, retrieval, and jurisdiction-specific pre-training on the AusLaw citation benchmark",,Artificial Intelligence and Law,,Article,Han J.,"Monash University, Melbourne, Australia",10.1007/s10506-026-09506-9,2-s2.0-105035100827,0,Q1,Q1
2-s2.0-105033570594,2026,2026 Jan,"LLM-as-a-judge is bad, based on AI attempting the exam qualifying for the member of the Polish National Board of Appeal",,Artificial Intelligence and Law,,Article,Karp M.,"Uniwersytet Jagielloński, Krakow, Poland",10.1007/s10506-026-09505-w,2-s2.0-105033570594,0,Q1,Q1
2-s2.0-105032410614,2026,2026 Jan,Generative AI in legal education: a two-year experiment with ChatGPT,,Law Innovation and Technology,,Article,Schrepel T.,"Vrije Universiteit Amsterdam, Amsterdam, Netherlands",10.1080/17579961.2026.2633673,2-s2.0-105032410614,1,Q1,Q1
2-s2.0-105035777201,2026,2026 Jan,Artificial Intelligence and transnational criminality: towards a harmonised model law applied to security and justice,,Era Forum,,Article,Velasco C.,,10.1007/s12027-026-00880-0,2-s2.0-105035777201,0,Q2,Q2
2-s2.0-105028918219,2026,2026 Jan,Cognitive bias in AI legal decision-making,,Artificial Intelligence and Law,,Article,Santtila P.,"East China Normal University, Shanghai, China",10.1007/s10506-025-09499-x,2-s2.0-105028918219,0,Q1,Q1
2-s2.0-105029647337,2026,2026 Jan,"LLMs in Parliaments: Fostering Technological Innovation, Cooperation and Democratic Principles",,International Journal of Parliamentary Studies,,Article,Mobilio G.,"Università degli Studi di Firenze, Florence, Italy",10.1163/26668912-bja10121,2-s2.0-105029647337,1,Q2,Q2
2-s2.0-105029626854,2026,2026 Jan,Supervised multi-stage semantics expanded decision system for Indian legal context,,Artificial Intelligence and Law,,Article,Madambakam P.,"Anna University, Chennai, India",10.1007/s10506-025-09498-y,2-s2.0-105029626854,0,Q1,Q1
2-s2.0-105034800681,2026,2026 Jan,Citators in the AI Age: Preserving the Human Component Through Court-Created Citators,,Law Library Journal,,Article,James C.,"University of Montana, Missoula, United States",,2-s2.0-105034800681,0,Q2,Q2
2-s2.0-105033298956,2026,2026 Jan,LEAD: legal efficiency and diversity in fine-tuning data selection through dual-metric optimization and syntactic clustering,,Artificial Intelligence and Law,,Review,Liu P.,"Southeast University, Nanjing, China",10.1007/s10506-026-09509-6,2-s2.0-105033298956,0,Q1,Q1
2-s2.0-105012906365,2026,2026 Jan,The Use of Artificial Intelligence in the Rendition of Certain Articles of Ḥanbalī Sharīʿa Code into English: A Comparison of Automatic and Human Evaluation of Translation Output Quality of ChatGPT and Gemini in Arabic–English Legal Translation,,International Journal for the Semiotics of Law,,Article,Alwazna R.Y.,"Faculty of Arts & Humanities, King Abdulaziz University, Jeddah, Saudi Arabia",10.1007/s11196-025-10337-1,2-s2.0-105012906365,0,Q2,Q2
2-s2.0-105031452384,2026,2026 Jan,The transformer led policing matrix: A tool for grading suitability of general-purpose artificial intelligence models in policing,,Police Journal,,Article,Halford E.,"Rabdan Academy, Abu Dhabi, United Arab Emirates",10.1177/0032258X261430216,2-s2.0-105031452384,0,Q1,Q1
2-s2.0-105031437176,2026,2026 Jan,"AI, access to justice, and judicial accountability in India: navigating the future",,Law Innovation and Technology,,Article,Prakash G A.,"O.P. Jindal Global University, Sonipat, India",10.1080/17579961.2026.2633678,2-s2.0-105031437176,0,Q1,Q1
2-s2.0-105032715024,2026,2026 Jan,Attribution and accountability in the Arctic: Rethinking international responsibility for artificial intelligence-based environmental decisions under public international law,,Review of European Comparative and International Environmental Law,,Article,Elhaw A.E.M.,"Sharjah Police Science Academy, Sharjah, United Arab Emirates",10.1111/reel.70042,2-s2.0-105032715024,0,Q1,Q1
2-s2.0-105014127326,2026,2026 Jan,The rule of law or the rule of robots? Nationally representative survey evidence from Kenya,,Information and Communications Technology Law,,Article,Flanagan B.,"Université McGill, Montreal, Canada",10.1080/13600834.2025.2533042,2-s2.0-105014127326,0,Q1,Q1
2-s2.0-105031169075,2026,2026 Jan,"International Experiences in Applying… Artificial Intelligence to Prevent Intellectual Property Infringement, and Implications for Vietnam",,Prawo I Wiez,,Article,Pham N.M.T.,"Ton-Duc-Thang University, Ho Chi Minh City, Viet Nam",10.36128/kz678f68,2-s2.0-105031169075,0,Q2,Q2
2-s2.0-105032994070,2026,2026 Jan,Forming lawyers otherwise: decolonising pedagogy and professional identity in Anglophone African law schools,,International Journal of the Legal Profession,,Article,Chimbwanda V.,,10.1080/09695958.2026.2642686,2-s2.0-105032994070,0,Q2,Q2
2-s2.0-105035714326,2026,2026 Jan,From unstructured text to structured reasoning: a hybrid knowledge graph for Indonesian sentencing analysis,,Artificial Intelligence and Law,,Article,Hairurahman H.,"Universitas Negeri Semarang, Semarang, Indonesia",10.1007/s10506-026-09507-8,2-s2.0-105035714326,0,Q1,Q1
2-s2.0-105032465130,2026,2026 Jan,From jargon to clarity: bridging understanding through graded simplification of legal data,,Artificial Intelligence and Law,,Article,Sri Adibhatla H.,"International Institute of Information Technology, Hyderabad, Hyderabad, India",10.1007/s10506-026-09503-y,2-s2.0-105032465130,0,Q1,Q1
2-s2.0-105036018707,2026,2026 Jan,Building on Campbell to develop a new tort of publicity rights in England for the AI age,,Journal of Media Law,,Article,Oke E.K.,"College of Arts, Humanities and Social Sciences, Edinburgh, United Kingdom",10.1080/17577632.2026.2660269,2-s2.0-105036018707,0,Q2,Q2
2-s2.0-105032703430,2026,2026 Jan,AI and Transparency in Judicial Decision Making,,Oxford Journal of Legal Studies,,Article,Dancy T.,"Melbourne Law School, Melbourne, Australia",10.1093/ojls/gqaf030,2-s2.0-105032703430,1,Q2,Q2
2-s2.0-105033453271,2026,2026 Jan,Artificial intelligence in the judiciary: a systematic literature review on the practical applications,,Information and Communications Technology Law,,Article,Van Ruymbeke S.,"KU Leuven, Leuven, Belgium",10.1080/13600834.2026.2644818,2-s2.0-105033453271,0,Q1,Q1
2-s2.0-105029770891,2026,2026 Jan,"Assetizing academic content and the emergence of the ‘assetizen’: education platforms, publisher databases, and AI model training",,Higher Education,,Article,Komljenovic J.,"The University of Edinburgh, Edinburgh, United Kingdom",10.1007/s10734-025-01622-w,2-s2.0-105029770891,0,Q1,Q1
2-s2.0-105030992276,2026,2026 Jan,The evolving role of AI in legal judgment,,Law Innovation and Technology,,Article,Diab R.,"Thompson Rivers University, Kamloops, Canada",10.1080/17579961.2026.2633688,2-s2.0-105030992276,0,Q1,Q1
2-s2.0-105028093055,2026,2026 Jan,How much human contribution is needed for “ownership” of AI-generated content: A comparison of copyright determination for generative AI in China and the United States,,Journal of World Intellectual Property,,Article,Sun R.,"Tianjin University, Tianjin, China",10.1111/jwip.70011,2-s2.0-105028093055,0,Q2,Q2
2-s2.0-105032842732,2026,2026 Jan,"Modular and agentic AI design, jailbreaking, and scheming behaviours as challenges to the EU AI Act",,Law Innovation and Technology,,Article,Henriksen T.Ø.,"Tallinna Tehnikaülikool, Tallinn, Estonia",10.1080/17579961.2026.2633684,2-s2.0-105032842732,0,Q1,Q1
2-s2.0-105028096855,2026,2026 Jan,Algorithm in the Structure of Administrative Decision-Making: A Model of Explainability and Burden of Proof for an Effective Legal Remedy within Discretionary Power in Public Administration,,Studia Iuridica Lublinensia,,Article,Szot A.,"Uniwersytet Marii Curie-Sklodowskiej w Lublinie, Lublin, Poland",10.17951/sil.2025.34.5.269-282,2-s2.0-105028096855,0,Q2,Q2
2-s2.0-105034856514,2026,2026 Jan,Machines of justice: A systematic review of AI applications in policing and criminal justice,,Police Journal,,Article,Farber S.,"Academic College of Law and Science, Hod HaSharon, Israel",10.1177/0032258X261439572,2-s2.0-105034856514,0,Q1,Q1
2-s2.0-105027176003,2026,2026 Jan,"AI Regulation, Copyright, and Data Mining: A Critical Analysis of the Brazilian Proposal",,IIC International Review of Intellectual Property and Competition Law,,Article,Khan B.,"Università degli Studi di Torino, Turin, Italy",10.1007/s40319-025-01672-8,2-s2.0-105027176003,0,Q1,Q1
2-s2.0-105035073025,2026,2026 Jan,Will new technologies improve environmental decision-making? Strategies to mitigate biases in EU legislation,,Law Innovation and Technology,,Article,van der Zee E.,"Universität Hamburg, Hamburg, Germany",10.1080/17579961.2025.2593784,2-s2.0-105035073025,0,Q1,Q1
2-s2.0-105035609774,2026,2026 Jan,Integrated governance model: a unified legal framework for housing and insolvency regulation in India,,Journal of Property Planning and Environmental Law,,Article,Panda B.N.P.,"XIM University, Harirajpur, India",10.1108/JPPEL-10-2025-0070,2-s2.0-105035609774,0,Q2,Q2
2-s2.0-105027254910,2026,2026 Jan,Enhancing Chinese similar case retrieval based on key-fact and multi-legal-element joint augmentation,,Artificial Intelligence and Law,,Article,Dan J.,"Huazhong University of Science and Technology, Wuhan, China",10.1007/s10506-025-09500-7,2-s2.0-105027254910,0,Q1,Q1
2-s2.0-105030701520,2026,2026 Jan,PROGRAMMING AND MATERIAL DEFECTS IN AI TECHNOLOGIES AS BASES FOR CIVIL LIABILITY: A STUDY WITHIN THE SCOPE OF JORDANIAN LAW AND EU LEGISLATION,,Corporate Law and Governance Review,,Article,Al-Qaisi A.H.,"Al-Ahliyya Amman University, Amman, Jordan",10.22495/clgrv8i1p13,2-s2.0-105030701520,0,Q2,Q2
2-s2.0-105029422016,2026,2026 Jan,Algorithms in the civil process: opportunity for modernization or risk of denaturalization. Creating an algorithm for the identification of abusive clauses,,Revista De Internet Derecho Y Politica,,Article,Domènech F.A.,"Universitat Rovira i Virgili, Tarragona, Spain",10.7238/idp.v0i44.9800399,2-s2.0-105029422016,0,Q2,Q2
2-s2.0-105034417665,2026,2026 Jan,Virtual Judgments: Testing the Chivalry Hypothesis and Attribution Theory in AI Models,,Artificial Intelligence and Law,,Article,Lam I.,"University of Haifa, Haifa, Israel",10.1007/s10506-026-09504-x,2-s2.0-105034417665,0,Q1,Q1
2-s2.0-105029275651,2026,2026 Jan,The case for contextual copyleft: licensing open-source training data and generative AI,,International Journal of Law and Information Technology,,Article,Shanklin G.,"KU Leuven, Leuven, Belgium",10.1093/ijlit/eaag003,2-s2.0-105029275651,0,Q1,Q1
2-s2.0-105033739937,2026,2026 Jan,Artificial integrity: social performativity of honesty in the age of generative AI,,Law Ethics and Technology,,Article,Espartinez A.,"Providence College, Providence, United States",10.55092/let20260003,2-s2.0-105033739937,0,Q2,Q2
2-s2.0-105033252372,2026,2026 Jan,CHALLENGES IN APPLYING CRIMINAL LIABILITY RULES TO UNLAWFUL ACTS COMMITTED BY ARTIFICIAL INTELLIGENCE,,Corporate Law and Governance Review,,Article,Al-Shahin M.S.,"Applied Science Private University, Amman, Jordan",10.22495/clgrv8i2p3,2-s2.0-105033252372,0,Q2,Q2
2-s2.0-105030141072,2026,2026 Jan,"Text and Data Mining, Generative AI, and the Copyright Three-Step Test",,IIC International Review of Intellectual Property and Competition Law,,Article,Senftleben M.,"Universiteit van Amsterdam, Amsterdam, Netherlands",10.1007/s40319-026-01680-2,2-s2.0-105030141072,0,Q1,Q1
2-s2.0-105034977775,2026,2026 Jan,The three-stage dilemma and its legal response in realizing algorithm justice for medical artificial intelligence,,Chinese Medical Ethics,,Article,Chen J.,"Hubei University of Chinese Medicine, Wuhan, China",10.12026/j.issn.1001-8565.2026.03.01,2-s2.0-105034977775,0,Q2,Q2
2-s2.0-105028959225,2026,2026 Jan,"Law, Language, and Terminology. Challenges of Generative AI",,International Journal for the Semiotics of Law,,Article,Condello A.,"Università degli Studi di Padova, Padua, Italy",10.1007/s11196-026-10430-z,2-s2.0-105028959225,0,Q2,Q2
2-s2.0-105028898028,2026,2026 Jan,Out from the shadows: developing effective copyright laws for AI training datasets and shadow libraries,,Journal of Intellectual Property Law and Practice,,Article,Rademeyer M.,"Macquarie University, Sydney, Australia",10.1093/jiplp/jpaf072,2-s2.0-105028898028,0,Q2,Q2
2-s2.0-105031734342,2026,2026 Jan,Artificial intelligence in security: challenges for the protection of human rights and democracy,,Revista Cientifica General Jose Maria Cordova,,Article,Morales E.N.C.,"Universidad Externado de Colombia, Bogota, Colombia",10.21830/19006586.1520,2-s2.0-105031734342,0,Q2,Q2
2-s2.0-105030594229,2026,2026 Jan,Legal Assessment in an Age of Generative AI: Structural Change is Required,,Edinburgh Law Review,,Note,Ní Drisceoil V.,"University of Sussex, Brighton, United Kingdom",10.3366/elr.2026.1003,2-s2.0-105030594229,0,Q2,Q2
2-s2.0-105029361405,2026,2026 Jan,The Roboagents Are Coming!: The Promise and Challenge of Artificial Intelligence Advance Directives,,Hastings Center Report,,Article,Appel J.M.,,10.1002/hast.70042,2-s2.0-105029361405,0,Q1,Q1
2-s2.0-105034781741,2026,2026 Jan,Law Librarianship and Legal Information Science in the Age of GenAI,,Law Library Journal,,Article,Callister P.D.,"University of Missouri-Kansas City, Kansas City, United States",,2-s2.0-105034781741,0,Q2,Q2
2-s2.0-105030580568,2026,2026 Jan,Judges-in-the-loop? Judicial involvement in human oversight of high-risk decision support systems under the EU AI Act,,International Journal of Law and Information Technology,,Article,Banks I.,"Universiteit van Amsterdam, Amsterdam, Netherlands",10.1093/ijlit/eaag001,2-s2.0-105030580568,0,Q1,Q1
2-s2.0-105033626454,2026,2026 Jan,Attributing Civil Liability for Acts of Autonomous Artificial Intelligence Systems: Challenges for Private Law,,Indret,,Article,Quesada Páez A.,"Universidad de Granada, Granada, Spain",10.31009/InDret.2026.i1.05,2-s2.0-105033626454,0,Q2,Q2
2-s2.0-105035330884,2026,2026 Jan,Friend and foe: A study on the Dutch intelligence service’s sense-making of AI,,Criminology and Criminal Justice,,Article,Veraart F.,"Vrije Universiteit Amsterdam, Amsterdam, Netherlands",10.1177/17488958261435407,2-s2.0-105035330884,0,Q1,Q1
2-s2.0-105027180387,2026,2026 Jan,A systematic review about the evolving role of artificial intelligence in various fields of forensic medicine,,Journal of Forensic and Legal Medicine,,Review,Zaheen U.,"Xi'an Jiaotong University, Xi'an, China",10.1016/j.jflm.2025.103043,2-s2.0-105027180387,4,Q1,Q1
2-s2.0-105032551834,2026,2026 Jan,Navigating the nexus: the rule of law in the age of artificial intelligence (AI) advancements,,International Journal of Human Rights,,Article,Alrdaan R.,"University of Tabuk, Tabuk, Saudi Arabia",10.1080/13642987.2026.2630719,2-s2.0-105032551834,0,Q1,Q1
2-s2.0-105027301601,2026,2026 Jan,AI and Strategic Decisions: Facing the Incompleteness,,European Business Organization Law Review,,Article,Mozzarelli M.,"Sant'Anna Scuola Universitaria Superiore Pisa, Pisa, Italy",10.1007/s40804-025-00356-7,2-s2.0-105027301601,0,Q1,Q1
2-s2.0-105028975979,2026,2026 Jan,Inventorship in the age of AI: Legal challenges and potential solutions,,Journal of World Intellectual Property,,Article,Arikan Ö.,"Boğaziçi Üniversitesi, Bebek, Turkey",10.1111/jwip.70014,2-s2.0-105028975979,0,Q2,Q2
2-s2.0-105036724422,2026,2026 Jan,AI’s Type: Unintended Consequences of Using AI Generated Images in Political Science Research,,Journal of Criminal Justice Education,,Article,Tillman E.A.,"Cornell University, Ithaca, United States",10.1080/10511253.2026.2660723,2-s2.0-105036724422,0,Q2,Q2
2-s2.0-105033473669,2026,2026 Jan,Hierarchical models of precedential constraint,,Artificial Intelligence and Law,,Article,van Woerkom W.,"Universiteit van Amsterdam, Amsterdam, Netherlands",10.1007/s10506-025-09461-x,2-s2.0-105033473669,0,Q1,Q1
2-s2.0-105028194520,2026,2026 Jan,Accounting for EU external effects: from clinical trials to data colonialism to AI ethics dumping,,International Journal of Law in Context,,Article,Van Kolfschooten H.,"Universiteit van Amsterdam, Amsterdam, Netherlands",10.1017/S1744552325100323,2-s2.0-105028194520,0,Q2,Q2
2-s2.0-105029416072,2026,2026 Jan,"AIWitness testimony: visual neuroprostheses, AI-mediated perception and the law of evidence",,Law Ethics and Technology,,Article,González-Márquez C.,"College of Arts, Humanities and Social Sciences, Edinburgh, United Kingdom",10.55092/let20260001,2-s2.0-105029416072,0,Q2,Q2
2-s2.0-105035166343,2026,2026 Jan,Media Portrayals of AI Use in the Criminal Justice System: A Mixed-Methods Study,,Criminal Justice Review,,Article,Copenhaver A.,"University of Tennessee at Chattanooga, Chattanooga, United States",10.1177/07340168261438498,2-s2.0-105035166343,0,Q1,Q1
2-s2.0-105033809997,2026,2026 Jan,The Challenges of Web Scraping and AI for Research Ethics in Canada: A Survey of University REBs,,Journal of Empirical Research on Human Research Ethics,,Article,Cappello A.,"Queen’s University, Kingston, Canada",10.1177/15562646261434135,2-s2.0-105033809997,0,Q2,Q2
2-s2.0-105030017417,2026,2026 Jan,Autonomous systems: how should contract law treat such autonomy?,,Information and Communications Technology Law,,Article,Zhai X.,"Faculty of Social Sciences, Coventry, United Kingdom",10.1080/13600834.2026.2624924,2-s2.0-105030017417,0,Q1,Q1
2-s2.0-105031288372,2026,2026 Jan,Implications of automated judgement drafting on the right to a fair trial: analysing the ‘Frauke’ use-case,,Law Innovation and Technology,,Article,McClelland R.,"The University of Sydney, Sydney, Australia",10.1080/17579961.2026.2633679,2-s2.0-105031288372,0,Q1,Q1
2-s2.0-105034139633,2026,2026 Jan,Blurred realities: Legal strategies for the deepfake era,,Maastricht Journal of European and Comparative Law,,Article,Perriello L.E.,"Università Politecnica delle Marche, Ancona, Italy",10.1177/1023263X261433380,2-s2.0-105034139633,0,Q2,Q2
2-s2.0-105028856284,2026,2026 Jan,LEGAL EDUCATION REFORM: AN ANALYSIS OF SCOPUS-INDEXED PUBLICATIONS,,Corporate Law and Governance Review,,Article,Nguyen T.T.U.,"Phenikaa University, Hanoi, Viet Nam",10.22495/clgrv8i1p6,2-s2.0-105028856284,0,Q2,Q2
2-s2.0-105034286645,2026,2026 Jan,"ETHICAL AND LEGAL ASPECTS OF DIGITAL MARKETING, INFORMATION TECHNOLOGY, AND THEIR INFLUENCE ON CORPORATE GOVERNANCE AND SUSTAINABLE DEVELOPMENT",,Corporate Law and Governance Review,,Article,Alyami N.M.,"King Saud University, Riyadh, Saudi Arabia",10.22495/clgrv8i2p6,2-s2.0-105034286645,0,Q2,Q2
2-s2.0-105029356826,2026,2026 Jan,The effect of prompt framing on AI-generated sentencing recommendations: a research note,,Criminal Justice Studies,,Article,Mesch G.S.,"University of Haifa, Haifa, Israel",10.1080/1478601X.2026.2624489,2-s2.0-105029356826,0,Q1,Q1
2-s2.0-105032716844,2026,2026 Jan,Implications of regulating a moving target: between fixity and flexibility in the EU AI Act,,Law Innovation and Technology,,Article,Larsson S.,"Lunds Universitet, Lund, Sweden",10.1080/17579961.2026.2633682,2-s2.0-105032716844,0,Q1,Q1
2-s2.0-105036858927,2026,2026 Jan,Artificial intelligence in negotiating energy production and other interests in marine spatial planning—managing transparency and bias,,Journal of World Energy Law and Business,,Article,Jao J.C.,"Universiti Malaya, Kuala Lumpur, Malaysia",10.1093/jwelb/jwaf029,2-s2.0-105036858927,0,Q2,Q2
2-s2.0-105029401138,2026,2026 Jan,Digital lawmaking: evolving landscape of digital lawmaking and the integration of digital twins,,International Journal of Law and Information Technology,,Article,Krüger H.,"IU International University, Karlsruhe, Germany",10.1093/ijlit/eaaf020,2-s2.0-105029401138,0,Q1,Q1
2-s2.0-105029958112,2026,2026 Jan,Smart cities and privacy: comparative analysis of Japan and China on the use of facial recognition technology in public spaces,,International Journal of Law and Information Technology,,Article,Wang Z.,"Nagoya University, Nagoya, Japan",10.1093/ijlit/eaaf022,2-s2.0-105029958112,0,Q1,Q1
2-s2.0-105034797084,2026,2026 Jan,Algorithmic Sentencing and Human Dignity,,Criminal Justice Ethics,,Article,Law-Smith M.,"University of Ottawa, Ottawa, Canada",10.1080/0731129X.2026.2644706,2-s2.0-105034797084,0,Q2,Q2
2-s2.0-105031848594,2026,2026 Jan,Processing of synthetic data in AI development for healthcare and the definition of personal data in EU law,,International Journal of Law and Information Technology,,Article,Vallevik V.B.,"Universitetet i Oslo, Oslo, Norway",10.1093/ijlit/eaag002,2-s2.0-105031848594,0,Q1,Q1
2-s2.0-105030856866,2026,2026 Jan,From causality to liability: integrating Bayesian inference and PageRank logic in legal responsibility assessment,,Law Probability and Risk,,Article,Kahraman Ü.O.,"Sakarya Üniversitesi, Serdivan, Turkey",10.1093/lpr/mgaf017,2-s2.0-105030856866,0,Q2,Q2
2-s2.0-105027959725,2026,2026 Jan,Integrated AI and 6G Driven e-Health: A Trifecta for Smart Healthcare,,IEEE Communications Standards Magazine,,Article,Singh R.,"The University of New Mexico, Albuquerque, United States",10.1109/MCOMSTD.2025.3645228,2-s2.0-105027959725,0,Q1,Q1
2-s2.0-105028594934,2026,2026 Jan,Influences of language-mediating neural networks on the physician–patient relationship,,Ethik in Der Medizin,,Article,Zimmer M.,"Ketteler Krankenhaus, Offenbach, Germany",10.1007/s00481-026-00897-6,2-s2.0-105028594934,0,Q2,Q2
2-s2.0-105032236007,2026,2026 Jan,DIGITAL DECEPTION: EXPLORING VULNERABILITIES AND THE ROLE OF REGULATION IN COMBATING ONLINE FRAUD,,Corporate Law and Governance Review,,Article,Pardede R.,"Universitas Islam Riau, Pekanbaru, Indonesia",10.22495/clgrv8i2p2,2-s2.0-105032236007,0,Q2,Q2
2-s2.0-105028402401,2026,2026 Jan,Does AI Affect the Democratic Conduct of War? Analyzing US and Israeli Military AI Deployment,,Global Policy,,Article,Russo A.,"Università Cattolica del Sacro Cuore, Milan, Italy",10.1111/1758-5899.70117,2-s2.0-105028402401,0,Q1,Q1
2-s2.0-105031053590,2026,2026 Jan,DIGITAL PREQUALIFICATION OF CONTRACTORS IN PUBLIC PROCUREMENT LAW: A CONTEMPORARY MODEL FOR BOOSTING EFFICIENCY AND TRANSPARENCY,,Corporate Law and Governance Review,,Article,Abouahmed A.,"United Arab Emirates University, Al Ain, United Arab Emirates",10.22495/clgrv8i1p15,2-s2.0-105031053590,0,Q2,Q2
2-s2.0-105029175506,2026,2026 Jan,Behavior-Based Price Discrimination and Data Protection in the Age of Algorithms,,Journal of Legal Studies,,Article,Porat H.,"Tel Aviv University, Tel Aviv-Yafo, Israel",10.1086/734720,2-s2.0-105029175506,0,Q2,Q2
2-s2.0-105029949486,2026,2026 Jan,Nuclear Power’s Role in Meeting Energy Demand While Combating Global Warming and Climate Change,,Iowa Law Review,,Article,Andersen R.M.,"University of Iowa College of Law, Iowa City, United States",,2-s2.0-105029949486,0,Q1,Q1
2-s2.0-105034320227,2026,2026 Jan,AI and Gender—The Ambivalent Role of AI in Advancing Gender Equality for SDG 5,,Journal of Human Rights and Social Work,,Article,Stecker L.,"University of Johannesburg, Johannesburg, South Africa",10.1007/s41134-025-00432-5,2-s2.0-105034320227,0,Q2,Q2
2-s2.0-105005535959,2026,2026 Jan,Philosophical grounds for regulating the lawful operation of autonomous vehicles,,International Review of Law Computers and Technology,,Article,Kasap A.,"Ondokuz Mayis Üniversitesi, Samsun, Turkey",10.1080/13600869.2025.2506312,2-s2.0-105005535959,1,Q1,Q1
2-s2.0-105032403996,2026,2026 Jan,Personalized law and personalized medicine: a critical study of normative divergence in the age of AI governance,,Law Ethics and Technology,,Article,Levy H.V.,"HVL Legal and Strategic Advisory, Ra'anana, Israel",10.55092/let20260002,2-s2.0-105032403996,0,Q2,Q2
2-s2.0-105036529520,2026,2026 Jan,"The Sufficiency of Disclosure in Medical AI Patents: Evidence from 865 Granted Patents Across the US, China, and the EU",,Journal of Law Medicine and Ethics,,Article,Xiao R.,"National University of Singapore, Singapore City, Singapore",10.1017/jme.2026.10256,2-s2.0-105036529520,0,Q2,Q2
2-s2.0-105034776222,2026,2026 Jan,Getting Regulatory Sandboxes Right: Design and Governance Under the AI Act,,European Journal of Risk Regulation,,Article,Novelli C.,"Yale University, New Haven, United States",10.1017/err.2026.10096,2-s2.0-105034776222,0,Q1,Q1
2-s2.0-105029846320,2026,2026 Jan,Collisions at Sea Involving Maritime Autonomous Surface Ships: Notes on Prevention and Liability Rules,,International Community Law Review,,Article,Pepłowska-Dąbrowska Z.,"Uniwersytet Mikołaja Kopernika w Toruniu, Torun, Poland",10.1163/18719732-bja10148,2-s2.0-105029846320,0,Q2,Q2
2-s2.0-105033097585,2026,2026 Jan,THE CONSTITUTIONALITY OF INDISCRIMINATE DATA SURVEILLANCE,,University of Pennsylvania Law Review,,Article,Friedman B.,"NYU Law, New York, United States",10.58112/uplr.174-2.1,2-s2.0-105033097585,0,Q1,Q1
2-s2.0-105033016109,2026,2026 Jan,"Do deepfakes, digital replicas and human digital twins justify personality rights?",,Journal of World Intellectual Property,,Article,Bosher H.,"Brunel University London, Uxbridge, United Kingdom",10.1111/jwip.70020,2-s2.0-105033016109,0,Q2,Q2
2-s2.0-105036127695,2026,2026 Jan,A Typology of Automated Law Enforcement Systems Under EU Law: What Standards for Defence Rights?,,European Papers A Journal on Law and Integration,,Article,Sachoulidou A.,"Aristotle University of Thessaloniki, Thessaloniki, Greece",10.15166/2499-8249/884,2-s2.0-105036127695,0,Q2,Q2
